#漢字	音標	解釋
□	ka4	koŋ7~脊:驼子
□	ʔɛ2	tiaŋ2~:蜻蜓
□	ka1	~嗽:咳嗽
□	ka1	~蚤:跳蚤
□	ka1	~□ɗoŋ2:窟窿
□	ka1	~□ni5□ʔioŋ1:怎么
□	na1	~□ku7:相当
□	mai1	~村、~亲:走亲戚
□	zi2	~□ziaŋ2:蚯蚓
□	tun2	~年:前年
□	tiaŋ2	~□ʔɛ1:蜻蜓
□	ta4	~晡:昨天
□	ka4	~脏:脏
□	to4	~暗:傍晚
□	tam4	~□tiŋ7:辫子
□	nam4	~来~少:越来越少
□	ʔiam4	~电:闪电
□	ʔaŋ4	~己:自己
□	ta5	~样:怎样
□	tse5	~□mo33:这么
□	lap7	~衫巾:背心
□	ʔap7	~瓜:南瓜
□	ɓuət7	~墓:上坟
□	ɓia9	~喙:说话失误
□	koŋ9	~□ka4脊:驼子
□	ʔioŋ1	□ka1□ni7~:怎么
□	ɗoŋ2	□ka1~:窟窿
□	ziaŋ2	□zi1~:蚯蚓
□	mo4	□tse7~:这么
□	lo9	□ka4~□hin7:狐臭
□	ku9	□na1~:相当
□	ɦin9	□ka1□lo7~:狐臭
□	tiŋ9	□tam4~:鞭子
□	mo4	一~嘴
□	ti9	一点
□	ni9	一点儿
□	ŋaŋ2	下巴
□	tai4	丢掉
□	kak4	丢失
□	ɗat7	乞~:乞丐
□	zia1	也
□	nai4	些
□	tuai9	切
□	nam9	刚刚
□	vai5	别,不要
□	xat7	力~:勤快
□	tak7	发~:生气
□	xio9	取来,得来
□	nua4	口水
□	na1	只
□	fuai5	吐掉
□	ko9	吸
□	nan3	咱们,包括听话人
□	tui5	哄
□	ɗɛ5	哪里
□	nap7	垃圾
□	ʔat7	塞进去
□	tuai1	多
□	ne1	奶
□	sin4	如;~果:如果
□	xiaŋ2	姑~丈:妹夫
□	noŋ3	婴儿
□	ɗa1	干燥
□	vɛ9	快,将要
□	kuai4	怀孕
□	ɓat7	懂、认识
□	xat7	截
□	ɗia9	手~:胳膊
□	na9	才,刚刚
□	koŋ5	扔
□	tiŋ9	扔
□	ɗuoi3	找
□	ka2	抱;端
□	sai9	拍□ka1~:打喷嚏
□	ɓuoi4	拿
□	liaŋ4	捅
□	luai1	捞
□	ɗu9	推
□	ʔin1	旋
□	sua3	歪
□	mai3	母
□	siaŋ5	漂亮
□	zioŋ5	煳
□	nam5	玩
□	na1	现~:现在
□	kok7	瓶子
□	zin5	瘾
□	ɗiu3	盛
□	ni9	眨眼
□	mɛ9	睁开(眼);张开(嘴)
□	xuai9	睡
□	kit7	稠
□	siaŋ1	穿
□	ʔuai4	窄
□	ɓoŋ5	箩筐
□	se5	紫
□	xom5	罩
□	ɓuoi9	肏
□	luak7	肮脏、被……弄脏
□	ta4	背
□	ɓoŋ1	蚊子咬后形成的疙瘩
□	ɓit7	裂开
□	kom4	讨厌;吃够了
□	ɗiaŋ4	谁
□	ɓua4	赌博
□	fak7	趴
□	ɦik7	跳
□	muai9	躲
□	ʔiŋ1	车~:旧式的轮子,如独轮车上的
□	nom4	软
□	ɦam2	迈过
□	tit7	重孙子
□	kuai9	镰刀
□	niəp7	闭眼,闭嘴
□	ʔa9	闸
□	te2	阴茎
□	ʔia4	飞~:蝴蝶
□	kun5	骗
□	ʔu1	骹~:膝盖
□	niu9	鱼~:小鱼
□	to2	鼻~:鼻涕
㖹	ɓun2	吹
㴷	ɗam2	湿
㾪	tan3	瘦
䉐	xɔu1	圈
䊦	ʔi9	~粄:一种食物
䔮	tuai1	扫~:扫帚
䘷	ɓi9	卷
䘼	ʔui3	袖子
䭕	tsia3	味淡
一	ʔit7	序数
七	sit7	
三	ta1	
上	tsio1	
上	tsio4	
下	ʔɛ4	
世	ti5	
業	niap7	人名中
業	niap4	作~
叢	taŋ2	棵
東	ɗaŋ1	
絲	ti1	
丢	tiu9	
兩	no4	
兩	lio3	量词
嚴	niam2	
个	kai2	
中	toŋ1	
丰	foŋ1	
丹	ɗan1	
主	tu3	
舉	ki3	
久	ku3	
義	ŋi4	~务
義	ŋi5	人名中
烏	ʔu1	文读
烏	ʔɔu1	黑
乏	ɦat4	累
乖	kuai1	
乜	mi9	什么
九	kau3	
乞	xit7	
習	tsiəp4	
鄉	ɦio1	
書	tu1	
買	vuai3	
亂	lui1	
爭	tsɛ2	
事	si4	
二	zi2	第~
于	toŋ1	
虧	xui1	
云	ɦun2	
五	ŋɔu4	
井	tsɛ3	
交	kiau1	
產	tan3	
亮	liaŋ9	人名中
亮	liaŋ5	光~
親	sin1	
人	zin3	小~
仁	zin2	目~:眼珠
今	kiəm1	
倉	so1	
付	fu4	~钱
付	fu5	一~药
件	kin4	
任	ziəm4	
伊	ʔi1	第三人称
休	ʔiu1	原录音如此。青年男性读ɦ声母
優	ʔiu1	
會	ɦui4	
傘	tua5	
傳	suan2	
傷	tiaŋ1	
佇	ɗu4	在
伸	sun1	
位	ʔui4	
低	ɗuai1	
住	tu5	
何	ʔua9	~□tuai1:多少
余	zy2	
佛	ɓuət4	
作	to9	
使	tai3	~钱:花钱
使	si5	大~馆
侄	si3	
例	luai1	
側	sik7	
儂	naŋ2	人
便	ɓin4	
便	ɓan2	~宜
俊	tun9	
儉	kan1	~涩:吝啬
修	tiu1	
倒	ɗo5	
倚	ʔua3	
借	tsio9	
偃	ʔai3	躺着
假	kɛ3	
做	to4	
停	ɦiŋ2	
健	kin5	
偷	ɦau1	
像	saŋ4	
像	siaŋ9	
僧	tsiŋ1	
兒	zi2	
兄	ɦia1	
充	soŋ1	
先	tai1	
光	kuaŋ1	
光	kui1	天亮
兔	ɦɔu5	
黨	ɗaŋ3	
入	ziəp4	
全	suan2	
八	ɓuai9	
公	koŋ1	
六	lak4	
蘭	lan2	
共	koŋ4	
共	kaŋ1	和
關	kuan1	文读,老年男性
關	kui1	白读,由青年男性发音
興	ɦiŋ5	
兵	ɓia1	
典	ɗin3	
再	tai5	
寫	tia3	
軍	kun1	
農	noŋ2	
冤	ʔin1	
冬	ɗaŋ1	
冰	ɓiŋ1	
冲	soŋ1	
決	kit7	
冷	lɛ3	
凍	ɗoŋ5	
準	tun3	
凊	sin5	凉
減	kiam3	
湊	tsɔu5	
湊	sɔu5	和
几	kui2	原录音如此。青年男性读上声
鳳	foŋ4	
凳	ɗiŋ5	
凶	ɦioŋ1	
出	suət7	
擊	kik7	
鑿	sak8	
刀	ɗo1	
分	ɓun2	
划	ʔuoi4	
列	lit7	
初	so1	~中
初	sɔu1	~一,日期
判	fan5	
别	ɓit4	
刮	kuat7	
刮	kuət7	~开
刮	kuoi9	~胡子
制	tsi5	
刷	tuət7	名词
刺	si5	名词
刻	xak7	
刻	xik7	立~
刴	ɗuak7	
剃	ɦi5	
削	tia4	
削	tia9	
前	tai2	
劍	kiəm5	
剝	ɓak7	
劇	ki9	
剩	tiŋ2	
副	fu5	
力	lat4	
勸	xui5	
勸	xin5	
辦	ɓan4	
加	kɛ1	
動	ɦaŋ4	
勁	kiŋ9	
勤	xin2	
勥	xiaŋ5	好
勺	sia4	
匀	zun2	
包	ɓau1	
化	ɦuoi5	
北	ɓak7	
匙	ti2	
匠	tsaŋ9	
匹	fit7	
區	xy1	
十	tap4	
千	sai1	
升	tiŋ1	~高
升	tsin1	量词,一~
午	ŋɔu4	
華	ɦua1	
協	ɦiap4	
卒	tuət7	
單	ɗua1	
單	ɗan1	
賣	vuai1	
南	nam2	
博	ɓo9	换取,交换获利
占	tsiam5	
衛	ɦui5	
印	ʔin5	
危	mui2	
卵	nui4	
卷	kun3	
廠	siaŋ3	
廳	ɦia1	
历	lit4	
历	le4	日~
厭	ʔiam5	讨厌
厚	kau4	
厝	siu1	屋子
原	zuan2	
去	xu5	
縣	kuai1	
参	sam1	
及	xiəp7	
雙	tiaŋ1	
反	fan3	
发	fat7	
叔	tsiəp7	
取	sy3	
變	ɓin5	
口	xau3	海~
古	kɔu3	
句	ku5	
叫	kio5	
可	xo3	
台	ɦai2	
台	ɦai2	~风
右	ziu4	
號	ɦo1	
各	ko9	
合	ɦap7	~算
合	ɦa4	盖子
吉	kit7	
名	mia2	
后	ʔau4	
吐	ɦɔu5	
向	ɦio5	
呂	ly2	
吞	ɦun1	
吞	ɦun4	
吠	ɓui1	
含	ɦam2	文读
含	kam2	白读
聽	ɦia1	
吳	ŋɔu2	
吸	kiəp7	
吹	sui1	
吼	ɦau3	响
味	vi1	
命	miŋ4	~令
命	mia1	白读,生~
命	miŋ9	革~
和	ɦua2	
咬	ka4	
品	fin3	
響	ɦiaŋ3	文读
啞	ʔɛ3	
哥	ko1	
哥	ko9	阿~
哺	ɓɔu1	嚼
哽	kɛ3	噎
脣	ɗun2	
唱	saŋ5	
商	tiaŋ1	
啜	suoi9	
啱	ŋam9	刚好,恰好
啼	ɦi2	哭
善	tin4	
喊	ɦam5	
喙	sui5	嘴
喜	ɦi3	
嗽	tau5	□ka1~:咳嗽
器	xi5	
囝	kia3	
因	ʔin1	~乜:为什么
囥	xo5	藏
園	ɦui2	
困	xun9	文读
困	xun5	饿
圍	ʔui2	
國	kok7	
圖	ɦu2	
圓	ʔi2	
地	ɗi4	
圾	xiəp4	垃~
均	kun1	
壞	ɦuai1	
坐	tse4	
塊	xuai5	
壩	ɓa5	
墳	fun2	
坮	ɗai2	埋
垂	sui2	
垃	la4	~圾
墊	ɦiam4	动词
墊	ɗiam4	名词
垾	ɦua1	塍~:田埂
城	tia2	
埕	ɗin2	坛子
堂	ɗo2	
堂	ɦaŋ2	
塍	san2	田
塔	ɦa9	
塗	ɦɔu2	
塞	sai9	要~
墓	mɔu1	
墨	vak4	
墩	ɗun3	原录音如此。青年男性读阴平
壁	ɓia4	
壯	tuaŋ5	
聲	tia1	
殼	xak7	
壺	ʔu1	
夏	ɦɛ1	
夜	zɛ5	
够	kau5	
够	kɔu4	能~
大	ɗua1	
天	ɦi1	
太	ɦai5	
失	tit7	
頭	ɦau2	
夾	kiap7	
奪	ɗuət4	
契	xuai5	
女	nu3	
女	ni3	
奴	nɔu2	
奸	kan1	
好	ɦo3	
妝	to1	嫁~
婦	fu5	~女
婦	ɓu4	新~:媳妇
妒	ɗu4	~忌
妗	kiəm1	~姩:舅妈(呼称)
妹	muoi1	
妹	muoi9	
姐	tse3	
姐	tse9	
姑	kɔu1	
姓	tɛ5	
姜	kio1	
姨	ʔi9	文读
姨	ʔi2	白读
姩	nin5	阿~:叔母
娘	nio2	
娘	niaŋ1	妓女
婆	fo2	
婚	ɦun1	
嬸	tiəm3	
媒	vuoi2	~侬婆:媒人
嫁	kɛ5	
嫂	to3	
嫌	ɦiam2	
嫩	nun5	
子	xuoi2	
孔	xaŋ2	~子
孔	xoŋ3	~子,人名
孫	tun1	
孝	ɦiau5	
季	kui5	
學	ʔo9	
孧	niau9	小
孵	ɓu1	
孽	ŋik7	
宅	ɗia9	
安	ʔan1	
宋	taŋ5	
完	zuan1	
官	kua1	
定	ɗiŋ5	文读,~安
定	ɗia1	白读,一~
寶	ɓo3	
實	tit4	
客	xɛ9	
宮	koŋ1	
害	ɦai4	
家	kɛ1	
容	zioŋ2	
寄	kia5	
密	mit7	
富	fu5	
寒	kua2	
寮	liau2	草~:草屋
寸	sun5	
對	ɗui5	
尋	siəm1	
壽	tiu4	
封	ɓaŋ1	
封	ɓaŋ1	门~:门槛儿
射	tia1	
少	tsio3	
尖	tsiam1	
塵	sin2	
尚	tio1	
嘗	tiaŋ2	
就	tsiu4	
尺	sio9	
尻	ka1	~川:屁股
尾	vuoi3	
尿	zio1	
局	xok4	
屁	ɓi9	~股
屁	fui5	放~
屎	tai3	
屬	tok4	
山	san1	文读
山	tua1	白读
歲	sui9	文读
歲	ɦuoi5	白读
巖	ŋam2	
岫	tiu1	窝
岸	ŋan4	
川	sui1	尻~:屁股
州	tsiu1	
工	kaŋ1	
左	to3	
差	sa1	
己	ki1	
巷	ɦaŋ9	
幣	ɓi5	
市	si4	
布	ɓɔu5	
師	si1	
師	ta1	~爸:师父
希	ɦi1	
帳	ɗio5	
帖	ɦiap7	
帶	ɗua5	
席	sio4	凉~
席	tia4	文读,主~,酒~
幫	ɓaŋ1	
常	tiaŋ2	
帽	mau5	
幡	ɦuan1	一~席子
平	fiŋ2	文读
平	ɓɛ2	白读
年	ɦi2	
幼	ʔiu5	
慶	xiŋ5	
牀	so2	
底	ɗuai3	
店	ɗiam5	
廟	vio1	
府	fu3	
庭	ɗia2	
延	zin2	
建	kin5	
開	xui2	
開	xai1	文读,人名中
弄	noŋ4	
式	tik7	
式	tik7	钱~:硬币
弓	kiaŋ1	
引	ʔin3	
弟	ɗi4	
張	tsiaŋ1	
張	ɗo1	一~桌子
弦	ɦi2	二胡
彎	ʔuan1	
弱	niok4	
彈	ɦan2	
形	ɦiŋ2	
影	ʔo3	
往	ʔuaŋ3	
律	luət4	
徐	sy2	
得	ɗit7	
徙	tua3	挪
徛	xia1	
徛	xia4	站
心	tiəm1	
忌	ki4	妒~
忍	nun3	憋
忙	maŋ2	
快	xuoi5	
念	niam1	~书
念	niam4	纪~
懷	ɦuai2	
急	kiəp7	
怪	kuai5	
恨	ɦun4	
恩	ʔin1	
恭	koŋ1	
息	tik7	
恶	ʔok7	
恶	ʔo9	~耐:难受
懸	kuai2	高
情	tsia2	~况
惜	se9	
慣	kuan5	
想	tio4	
愁	sɔu2	忧~
意	ʔi5	
感	kam3	
慌	ɦuaŋ1	
慢	man1	
懂	ɗoŋ3	
懶	ɗua4	
戇	ŋaŋ3	傻
戲	ɦi5	
成	tsia2	~绩
我	va3	
戒	kɛ4	~烟
戒	kai5	~指
戒	kɛ9	~奶:断奶
或	ɦok4	
戰	tsin4	
截	tse4	动词
戳	suak7	
戶	ɦɔu4	
戽	ɦɔu5	~鱼:捞鱼
房	ɓaŋ2	
所	to3	
扁	ɓin3	
扇	ti5	
手	siu3	
扎	ta9	
托	ɦo9	
扛	ko1	
扭	nau4	拧
扮	ɓan4	
找	tsiau3	文读
抄	sau1	
把	ɓɛ3	
抓	tsua1	
抖	ɗɔu2	
折	tsi9	
折	tsit7	~扣
搶	saŋ5	
抱	ɓau5	
抽	siu9	
抽	ɦiu1	~筋
擔	ɗa1	扛;粪~:扁担
拆	ɦia9	
拉	la9	
拍	fa9	打
拐	kuai3	
拔	ɓe4	
拖	ɦua1	
拜	ɓai5	
揀	kai3	
擁	ɦoŋ3	
拳	xin2	
拾	tiəp4	□xio55~:收拾
挂	kua5	~心
挂	kuai5	~墙上
指	tai3	~母:拇指
按	ʔan5	
挖	ʔuat7	
挺	ɦiŋ3	
挽	man3	拔
捏	ɗɛ4	
換	ɦua1	
換	ʔua1	
捶	ɗui2	
捻	niam9	掐,捻
排	fai5	
排	ɓai2	~队
排	fai2	~水
掠	lia4	抓
接	tsiap7	
接	tsi9	
摻	sam1	
插	sa9	
握	ʔok7	
搭	ɗa9	
摆	ɓai2	
摇	ziau2	文读
摇	ʔio2	白读
摘	ɗia9	
摸	mɔu2	
撤	sit7	
撬	kiau4	
擀	kua3	
擘	ɓɛ9	剥
擤	siaŋ9	
支	ki1	一~笔
改	kuai3	
放	ɓaŋ5	
教	ka5	
敢	ka3	
數	tiau5	
敲	xau1	文读
敲	xa5	白读
整	tsiŋ3	
料	liau1	
斜	tia2	
斟	tsiəm1	
斧	ɓɔu3	
斷	ɗui4	
新	tin1	
方	faŋ1	
旁	faŋ2	
族	tok7	
無	vo2	
日	zit4	
旦	nua5	现~:明天
舊	ku1	
早	ta3	
旱	ɦua4	
時	ti2	
旺	ɦuaŋ4	
明	mɛ2	
明	miŋ2	
明	miŋ3	
星	sɛ1	
春	sun1	
昨	to4	~日:前天
是	ti4	
顯	ɦin3	
晚	ʔua3	
晡	vɔu1	□ta4~:昨天
晨	tin2	早~
晴	tsɛ2	
暖	nun2	
暗	ʔam5	
暝	mɛ2	夜
曝	fak4	晒
曲	xiak7	
更	kiŋ1	
更	kɛ1	由青年男性发音
替	ɦuai5	
最	tui5	
月	vuoi4	
有	ʔu4	
朋	foŋ2	
服	foŋ1	~务
服	fok4	~气
望	mo1	
朝	siau2	
朝	sɔu5	
木	mok4	
末	muət7	
本	ɓui3	
殺	sa4	
殺	tua9	
雜	ta4	
權	xin2	
杉	tiam1	
李	li3	
杏	ɦiŋ5	
村	sui1	
杜	ɗu9	
條	ɗiau2	
來	lai2	
杯	ɓuai1	
杰	kit7	
松	toŋ1	
板	ɓai3	木板
板	ɓan3	老~
極	kik7	
枕	tsiəm3	
林	liəm2	
果	kuoi3	
果	kua3	
棗	tau3	
架	kɛ5	一~车
柄	ɓɛ5	
柏	ɓok7	
染	ziam3	
柚	ʔiu5	
櫃	kui4	
柱	ɦiau4	
樹	siu1	
樹	sy5	~立
栗	li5	
校	ɦiau4	
樣	ʔio1	
核	ɦuət7	
根	kin1	
格	kɛ9	
桂	kui5	
桃	ɦau2	文读
桃	ɦo2	白读,~花
桌	ɗo9	
桑	suaŋ1	
桔	kit7	橘子
橋	kio2	
樁	tuaŋ1	
桶	ɦaŋ3	
梅	vuoi2	
梗	kiŋ3	文读
夢	maŋ1	
梨	li5	
梯	ɦui1	
梳	tiu1	
棉	mi2	
棋	ki2	
棍	kun5	
棒	ɓaŋ4	文读,你真~
棒	foŋ4	白读,木~
棚	foŋ2	
棺	kua1	
棺	kuan1	
椏	ŋɛ1	树枝
椒	tsio1	
樓	lau2	
榴	lau2	石~
橫	ʔuoi2	
樵	sa2	柴
橂	ɗai1	硬
檁	ʔɛ2	桁
欠	xiam5	
歡	ɦuan1	
欺	xi1	
歇	ɦɛ9	文读
歇	ɦia9	白读
歌	ko1	
正	tsia5	
步	ɓɔu1	
武	vu3	
死	ti3	
殯	ɓin1	
母	vo3	
母	vo9	阿~:姑妈、姨妈
每	mui3	
毒	ɗak4	
比	ɓi3	
毛	mau2	文读
毛	mo2	白读
毡	tsin1	毯
民	min2	
气	xi5	~人
气	xui5	客~
水	tui3	
汁	tsiap7	
漢	ɦan5	
汗	kua1	
江	kiaŋ1	
池	si2	
湯	ɦo1	
沃	ʔak7	淋
沉	siəm2	
沉	ɦiam2	沉下去
沓	xa9	摞
沙	tua1	
沙	sa1	文读
溝	kau1	
河	ɦo2	
沸	ɓui5	
油	ʔiu2	
治	ɦai2	杀
治	tsi4	读字
法	fat7	
泥	ni2	
瀉	tia5	~屎:拉肚子
洗	tuai3	
洞	ɗoŋ4	
活	ʔua4	
流	liu2	文读
流	lau2	白读
淺	sin3	
漿	tsio5	
測	sik7	
濃	noŋ2	
浪	laŋ5	
浮	fu2	
浴	ziok7	
浴	ʔiak4	洗~:洗澡
海	ɦai3	
浸	tsiəm5	
澀	tiap7	
淡	ɗam4	
深	siəm1	
淹	ziam5	
添	ɦiam1	
清	siŋ1	
漸	tsiəm2	
渠	ky9	
溫	ʔun1	
渴	xua9	
湖	ʔɔu2	
溪	xuai1	
滑	kuət7	
滚	kun3	
滿	mua3	
滴	ɗik7	
漆	sat7	
潭	ɦam2	
火	ɦuoi3	
滅	mit4	
燈	ɗiŋ1	
靈	liŋ2	
竈	tau5	
炎	ziam1	
炭	ɦua5	
炮	fau5	
炸	tsa5	油炸
點	ɗiam3	
爛	nua1	
烌	ɦu1	灰尘
烘	ɦaŋ1	
燭	tsiak7	
烟	ʔin1	
燒	tio1	
熱	zua4	
熱	zit4	~爱
焗	kok7	蒸
焦	tsiau1	
煎	tsi5	
煤	vuoi2	
照	tsiau5	
煮	tu3	
熊	ɦioŋ2	
熏	ɦun1	
熟	tiak4	
熬	ŋau2	
燕	ʔi9	
爪	ziau3	
爬	ɓɛ2	
愛	ʔai5	
爺	zɛ3	
爸	ɓɛ4	
爹	ɗɛ1	
爽	suaŋ1	
片	fin5	
牌	ɓai2	
牙	ŋɛ2	
牛	ku2	
物	vuət7	
牽	xan1	
特	ɗik7	
犁	luai2	
犯	fan4	
狂	xuaŋ2	
狗	kau3	
狹	ʔe4	
猻	tui1	猴~:猴子
猛	moŋ3	
猜	sai1	
豬	ɗu1	
猫	va2	
猴	kau2	~狲:猴子
玉	zi4	~石
玉	zi9	人名中
王	ʔui2	
王	ɦuaŋ2	
現	ɦin5	
現	ɦin2	~□na1:现在
現	ɦin4	~旦:明天
班	ɓan1	
球	xiu2	
琴	xiəm2	
瓊	xiŋ2	
瓦	ɦia4	
瓶	fiŋ2	
瓶	ɓan2	暖水~
甘	kam1	
甜	ɗiam2	
生	sɛ1	不熟的
生	siŋ1	文读,人名中
生	tɛ1	诞生、产生
甥	tɛ1	外~
用	zioŋ4	
甲	ka9	
電	ɗin5	
畫	ʔuoi1	
留	lau2	
畜	sok7	
略	lio4	~~:稍微
番	ɦuan1	
瘧	niok7	
疤	ɓa1	
瘡	so1	
疼	ɦia5	
病	ɓɛ1	
痒	tsio4	
瘸	xuoi2	
白	ɓɛ4	
百	ɓɛ9	
皮	fuoi2	
皺	niau5	
盆	fun2	
益	ʔik7	
鹽	ʔiam2	
監	kam1	~狱
監	kam9	~考
盒	ʔap4	
盖	kai5	~上
盖	ka9	~被
盤	ɓua2	
目	mak4	
盯	ɗiŋ1	
盲	mɛ2	差~:瞎子
直	ɗit4	
相	tio5	
省	tiŋ3	
眉	vai2	
眏	ʔo5	看
瞎	ɦai9	
知	tsi5	~识
知	tai1	知道
短	ɗe3	
矮	ʔuai3	
石	tsio4	
砍	xam3	
磚	tui1	
硯	ŋi1	
破	fua5	劈
硬	ŋɛ4	
碎	sui5	
碑	ɓuai1	
碓	ɗui5	~头
碗	ʔua3	
碟	ɗiap7	
碟	ɦiap7	光~
碰	foŋ5	
磨	vua2	
磨	mo5	
神	tin2	
祠	si2	
票	fio5	
禍	ɦua4	
福	fok4	
秋	siu1	
種	tsiaŋ5	
租	tɔu1	
秤	sin5	
秧	ʔiaŋ1	文读
秧	ʔo1	白读
秫	tuət8	糯米
積	tsik7	
秸	kit7	
程	siŋ2	
窮	xioŋ2	文读
窮	kiaŋ2	白读
空	xaŋ1	
窒	ɦat7	堵塞
窗	ɦiaŋ1	
窟	xuət7	
窿	loŋ2	窟~
立	liəp7	名字中
立	liəp4	站立
章	tsiaŋ1	
端	ɗuan1	
竹	ɗiok7	
笋	tun3	
筆	ɓit7	
第	ɗai4	
笮	ɗɛ4	压住
籠	laŋ2	
筅	sai3	扫
等	ɗan3	~老婆:娶妻
等	ɗiŋ3	文读
筋	kin1	
筐	xiaŋ1	
答	ɗa9	
策	sik7	
签	siam1	
箍	ku9	
箕	ki1	簸~
算	tui5	
管	kuan3	无~:不管
簫	tiau1	
箬	ɦio4	叶子
籃	la2	
篷	faŋ2	
篾	vi4	
簸	ɓua5	~箕
簿	fɔu4	
米	vi3	~饭
米	mi3	厘~
類	lui4	
粄	ɓua3	
粉	ɦun3	
粒	liap4	一颗,一粒
粗	sɔu1	
粘	tsiam1	黏
粙	ɗiu4	稻
粟	siak7	
粥	tok7	
糞	ɓun5	
粱	lio2	
糉	taŋ5	
糊	kɔu2	
糙	tau9	
糜	muoi2	饭
糟	tau1	甜~:江米酒
糠	xo1	
系	ɦi4	
系	ɦi9	
索	tuak4	
索	to9	
緊	kin3	
紫	tsi3	
累	lui4	
紅	ʔaŋ2	
約	ʔiok7	
約	ʔio1	动词,约人
純	tun2	
紡	faŋ2	
細	tuai5	
織	tsɛ4	
終	toŋ1	
經	kiŋ1	
結	kit7	
繞	ziau2	划圈绕
絶	tsuat7	
統	ɦoŋ3	
繩	sin2	
綢	ɗiu3	原录音如此。青年男性读阳平
綠	liak4	
纜	lam1	绳子
縛	ɓak4	
縫	foŋ2	
纏	ɗi2	折绕
纏	sin2	文读
縮	tiak7	
缸	ko1	
缺	xuoi9	
网	maŋ4	
罰	ɦuat4	
罪	tui4	
羊	ʔio2	
翁	ʔoŋ1	
翹	xiau5	
翻	ɦuan1	
翼	tit4	
老	lau4	
耐	nai4	恶~:难过
耕	kɛ1	
耙	ɓɛ2	
耙	ɓɛ2	挠
耳	ɦi4	
聾	laŋ2	
肉	ɦiok4	
肝	kua1	
股	kɔu3	一个月
肥	ɓui2	
肩	kai1	
肯	xin3	
育	ziok7	
肺	fuai5	
腫	tsiaŋ3	
胃	ʔui4	
膽	ɗa3	
背	ɓuoi5	
胎	ɦai1	
胛	ka9	肩膀
能	niŋ2	
脉	vɛ4	
脊	tsia9	
脏	to1	
脏	taŋ4	内~
腦	nau3	
膿	naŋ2	
脰	ɗau1	~蒂:脖子
脱	ɦuət7	~离
臘	la4	
腰	ʔio1	
腿	ɦui3	
膣	tsi4	女阴
臭	siau5	
舂	tsiaŋ1	~臼:臼
舅	ku2	
舌	tsi4	
舞	mɔu4	
般	ɓua1	
舵	ɦo3	
船	tun2	
艱	kan1	~苦
色	tik7	
藝	ŋi5	
節	tat7	
節	tse9	节日
芋	ʔɔu1	
花	ɦuoi1	
芳	faŋ1	香
芹	xin2	
苦	xɔu3	
蘋	fiŋ2	~果
茄	kio2	
茶	ɗɛ2	
榮	zioŋ2	
藥	ʔio4	
萵	ʔo1	~笋
菇	kɔu1	
菊	kiak7	
菜	sai5	
營	ʔia2	白读,军~
落	lak4	
著	ɗo4	
葩	fa1	朵,一~花
葱	saŋ1	
蒂	ɗi9	脰~:脖子
蒜	tun5	
蒸	tsiŋ1	
藍	lam2	
蔗	tsia5	
蕩	ɗo4	~喙:漱口
蕾	lui3	花~
薄	ɓo4	
薄	fɔu4	
蘚	sin3	
藕	ŋɔu3	
藤	ɗin2	
藷	tu2	薯
蘸	tam2	碟
虎	ɦɔu3	
蟲	ɦaŋ2	
虱	tat7	
虹	xiaŋ4	
蝦	ɦɛ2	
蟻	ɦia4	
蠶	sai2	
蚤	tau5	□ka1~:跳蚤
蛇	tua2	
蛤	kap7	青蛙
蜀	ziak4	一
蜂	faŋ1	
蜍	tu2	蟾~
蜜	mit4	
蠟	la4	
蠅	sin2	亦常用
蠅	tin2	塗~:苍蝇
螺	le2	
螺	lo1	~丝
蟹	ɦuai4	
蟾	tsio2	~蜍
蠓	maŋ3	
蠢	sun3	丑
血	ɦuoi9	
行	ʔo2	一~字
行	kia2	慢走
街	kuai1	
表	ɓio3	
衫	san1	文读
衫	ta1	衣
襯	sun5	
衰	tuai1	
袋	ɗe1	
袖	siu9	
袜	vat4	
被	fuoi4	
被	ɓi4	文读
裝	to1	
裕	zui4	
裕	zui9	人名中
裙	kun2	
褲	xɔu5	
褥	ziu4	
褥	ziok4	
褪	ɦui5	
襦	ɦiu2	
西	tai1	
要	ʔio4	
要	ʔiau5	
見	ki5	
規	kui1	
覺	xiok7	~得
角	kak7	
角	kak7	鸡~:成年的,未阉的鸡
解	ʔuai4	会
解	kuai3	解开
言	nin5	
認	zin1	
討	ɦau2	
讓	ziaŋ4	
記	ki4	
記	ki5	痣
講	koŋ3	
許	xɔu3	
許	ɦo5	~样:那样
許	ɦu3	允~
訛	ŋo2	
設	tit7	
證	tsiŋ5	
試	si5	
話	ʔuoi1	
該	kai1	
説	te9	
請	sia3	
讀	ɦak4	
課	xua5	
調	ɗio2	
調	ɗiau2	混合
謎	vi2	
謝	tia4	
谷	kok7	
豆	ɗau1	
豌	ʔuan2	~豆
象	sio4	
貝	ɓuoi5	
貞	tsiŋ1	
財	sai2	
敗	ɓai4	
敗	ɓai1	坏
貨	ɦuoi5	
貪	ɦam1	
貼	ɦiap7	
貼	ɦiap7	一剂中药
貴	kui5	
費	fuai5	
賊	sat4	
資	si1	
賭	ɗu2	
贖	tiak4	
賠	ɓuoi2	
賺	tuan9	劳动收益
贏	ʔia2	
走	tau3	快走
趕	kua3	
趁	ɦan5	盈利
越	zuat7	
足	tsok7	满~
跌	tiak7	跌,摔
跪	kui4	
路	lɔu1	
跳	ɗio2	
跳	ɦiau5	
踏	ɗa9	
踢	ɦat7	
蹄	ɗuai2	
蹲	toŋ2	蹲;住
身	tin1	
車	sia1	
轉	tuan2	
轉	ɗui3	
轉	tuan4	
輪	lun2	
軟	nui3	
輕	xin1	
轎	kio1	
輸	tu1	~赢
輸	zy3	运~
辣	lua4	
辰	tin2	
邊	ɓi1	
達	ɗat4	
過	kuoi5	
運	zun4	
近	kin4	
還	ɦuan2	
進	tsin5	
遠	ɦui4	
連	lin1	
遲	ɗi2	
追	tui1	
追	tsui1	
退	ɦui5	
送	taŋ5	
選	tuan3	
遞	ɗuai4	
通	ɦoŋ1	
造	tau4	
逼	ɓik7	
遇	zi4	
遮	tsia1	挡
鄰	lin1	
鄰	liŋ2	
郎	lo2	~家:女婿
郭	kuoi9	
郭	kuak7	东~先生
都	ɗɔu1	
配	fuai5	
酒	tsiu3	
醬	tsio5	
酸	tui1	
醉	tui5	
醋	sɔu5	
醪	lo2	浑浊
里	lai4	
重	ɗaŋ4	
野	zɛ3	
金	kiəm1	
針	tsiam1	
釘	ɗan1	
釣	ɗio5	
鈍	ɗun1	
鋼	ko1	
鉤	ŋau1	动词
鉤	kau1	名词
錢	tsi2	
鉗	xiam2	
鉢	ɓuət7	
鐵	ɦi9	
鉛	ʔin2	
銅	ɗaŋ2	
鉸	ka1	剪
鏟	san3	
銀	nin2	
鋪	fu1	
鋪	fu3	
鎖	to3	
鋤	ɦu2	
錯	so5	
錫	tia9	
錫	ɦik7	文读,无~,地名
鑼	lo1	
錘	sui2	
鋸	ku5	
鎮	ɗin9	文读,~定
鎮	ɗin5	白读
鏡	kia5	
鐲	to4	
鐮	liəm2	
長	ɗo2	
門	mui2	
閂	suaŋ4	
閂	sua5	白读
問	mui1	
閏	zun9	文读,人名中
閏	zun1	白读
闲	ʔai2	
間	kan1	
悶	mun1	愁
鬧	nau5	
閹	ʔiam1	
闊	xua5	宽
防	faŋ2	
陰	ʔiəm1	
陣	tun5	一~雨
陳	sin2	文读,~皮;二字人名中
陳	ɗan2	白读,姓;三字人名中
降	kiaŋ5	
限	ɦan4	
陡	tɔu2	
院	zuan4	
除	su2	
險	ɦiam3	
隨	sui2	
隱	ʔun3	
隔	kɛ9	
隻	tsia9	
難	nan2	
雀	siak7	
雄	ɦioŋ2	
集	tsiəp7	
雕	ɗiau1	雕刻
雨	ɦɔu4	
雪	tuai9	
零	liŋ2	
零	lan2	~钱;两千~:两千多
雷	lui2	
雹	ɓau1	
霧	mu5	
震	tsin5	
震	tun5	发抖
霍	ɦok7	
霜	suaŋ1	文读
霜	to1	白读
露	lu5	
青	siŋ1	
青	sɛ1	~草,由青年男性发音
靜	tsɛ4	
靠	xau5	
面	min1	
靴	xuoi1	
鞋	ʔuai2	
韭	kau3	
音	ʔiəm1	
頂	ɗiŋ3	
項	ɦaŋ4	
順	tun4	
须	siu1	
頑	ŋuan2	
頓	ɗui5	一~饭
領	lia3	
顔	ŋan2	
額	ŋɛ4	文读,超~
額	ɦia4	白读,额头
風	ɦuaŋ1	
飛	ɓuoi1	
食	tsia4	
饥	ki1	
飯	ɓui1	
飽	ɓa3	
飼	si1	喂
餅	ɓia3	
餿	ɦiau1	臭~:馊
饅	man9	
香	ɦio1	
馬	vɛ3	
驢	ly2	
駡	mɛ1	
驗	niam4	
騎	xia2	
騙	fin5	
騾	lo2	
骨	kuət7	
骹	xuoi2	
骹	xa1	脚
高	kau1	文读
鬆	taŋ1	
鬼	kui3	
魂	ɦun2	
鮮	si1	
鮮	sin2	文读,朝~
鯽	tsi9	~鱼
鱉	ɓi9	甲鱼
鱅	soŋ2	~鱼
鱗	lan2	
鳥	tsiau3	
雞	kuai1	
鴨	ʔa9	
鴿	kap7	
鵝	ko2	
鶴	ɦak4	
鹹	kiam2	
鹿	ɗiak4	
麥	vɛ4	
麵	mi1	
麻	mua2	油~:芝麻
麻	mɛ2	雀~
黃	ʔui2	
鼎	ɗia3	锅
鼓	kɔu3	
鼠	siu3	
鼻	fi1	
鼾	ɦua2	□xuai7~:打呼噜
齊	tuai2	
齒	xi3	~痛
龍	loŋ2	人名,姓
龍	liaŋ2	白读
龜	ku1	
𥭘	ɦai2	筛子
