				單字	原註	
				東		tʊŋ53
				凍		tʊŋ33
				通		tʰʊŋ53
				桐		tʰʊŋ11
				洞		tʊŋ31
				筒		tʰʊŋ11
				銅		tʰʊŋ11
				童		tʰʊŋ11
				同		tʰʊŋ11
				聾		lʊŋ11
				籠		lʊŋ11
				隆		lʊŋ11
				聰		tsʰʊŋ53
				蔥		tsʰʊŋ53
				叢		tsʰʊŋ11
				忠		tsʊŋ53
				中	中間	tsʊŋ53
				中	中獎	tsʊŋ33
				蟲		tsʰʊŋ11
				沖		tsʰʊŋ53
				崇		sʊŋ11
				眾		tsʊŋ33
				終		tsʊŋ53
				充		tsʰʊŋ53
				絨		jʊŋ11
				功		kʊŋ53
				工		kʊŋ53
				公		kʊŋ53
				攻		kʊŋ53
				躬		kʊŋ53
				宮		kʊŋ53
				弓		kʊŋ53
				空		hʊŋ53
				洪		hʊŋ11
				虹		hʊŋ11
				烘		hʊŋ11
				紅	紅色	hʊŋ11
				紅	女紅	kʊŋ53
				翁		jʊŋ53
				雄		hʊŋ11
				熊		hʊŋ11
				融		jʊŋ11
				風		fʊŋ53
				蓬		pʰʊŋ11
				蜂		fʊŋ53
				矇		mʊŋ11
				濛		mʊŋ11
				蒙		mʊŋ11
				夢		mʊŋ31
				豐		fʊŋ53
				窮		kʰʊŋ11
				董		tʊŋ35
				桶		tʰʊŋ35
				動		tʊŋ31
				攏		lʊŋ13
				總		tsʊŋ35
				孔		hʊŋ35
				棟		tʊŋ31
				痛		tʰʊŋ33
				弄		lʊŋ31
				送		sʊŋ33
				貢		kʊŋ33
				哄	哄騙	hʊŋ31
				哄	亂哄哄	hʊŋ31
				諷		fʊŋ33
				鳳		fʊŋ31
				啄		tuɔk3
				禿		tʰʊk5
				獨		tʊk2
				讀	朗讀	tʊk2
				讀	句讀	tɐu31
				鹿		lʊk2
				碌		lʊk5
				角		kuɔk3
				陸		lʊk2
				六		lʊk2
				族		tsʊk2
				速		tsʰʊk5
				肅		sʊk5
				竹		tsʊk5
				築		tsʊk5
				逐		tsʊk2
				筑		tsʊk5
				縮		sʊk5
				熟		sʊk2
				叔		sʊk5
				肉		jʊk2
				穀		kʊk5
				谷	山谷	kʊk5
				谷	吐谷渾	jʊk2
				谷	谷蠡王	lʊk2
				鞠		kʊk5
				菊		kʊk5
				哭		hʊk5
				麴		kʊk5
				蓄		tsʰʊk5
				屋		ʊk5
				粥		tsʊk5
				育		jʊk2
				卜		pʊk5
				腹		fʊk5
				福		fʊk5
				幅		fʊk5
				僕		pʊk2
				服		fʊk2
				木		mʊk2
				目		mʊk2
				牧		mʊk2
				撲		pʰuɔk3
				冬		tʊŋ53
				疼	疼痛	tʰɐŋ11
				疼	疼愛	tʰɐŋ11
				鼕		tʰʊŋ11
				農		lʊŋ11
				宗		tsʊŋ53
				鬆		sʊŋ53
				統		tʰʊŋ35
				宋		sʊŋ33
				督		tʊk5
				毒		tʊk2
				酷		hʊk2
				沃		jʊk5
				濃		lʊŋ11
				龍		lʊŋ11
				縱	放縱	tsʊŋ33
				蹤		tsʊŋ53
				從	跟從	tsʰʊŋ11
				從	從容	sʊŋ53
				從	從兄弟	tsʊŋ31
				松		tsʰʊŋ11
				重	重新	tsʰʊŋ11
				重	重量	tsʰʊŋ13
				重	重要	tsʊŋ31
				鐘		tsʊŋ53
				鍾		tsʊŋ53
				衝	衝鋒	tsʰʊŋ53
				衝	衝勁	tsʰʊŋ33
				共		kʊŋ31
				恭		kʊŋ53
				供	提供	kʊŋ53
				供	供奉	kʊŋ33
				凶		hʊŋ53
				兇		hʊŋ53
				容		jʊŋ11
				傭		jʊŋ11
				頌		tsʊŋ31
				庸		jʊŋ11
				封		fʊŋ53
				逢		fʊŋ11
				縫	裁縫	fʊŋ11
				縫	裂縫	fʊŋ31
				鋒		fʊŋ53
				丰		fʊŋ53
				腫		tsʊŋ35
				種	種子	tsʊŋ35
				種	種植	tsʊŋ33
				鞏		kʊŋ35
				恐		hʊŋ35
				擁		jʊŋ35
				勇		jʊŋ13
				奉		fʊŋ31
				捧		pʊŋ35
				誦		tsʊŋ31
				用		jʊŋ31
				綠		lʊk2
				錄		lʊk2
				促		tsʰʊk5
				續		tsʊk2
				俗		tsʊk2
				燭		tsʊk5
				囑		tsʊk5
				屬	屬文	tsʊk5
				屬	屬於	sʊk2
				觸		tsʊk5
				束		tsʰʊk5
				辱		jʊk2
				曲		kʰʊk5
				獄		jʊk2
				玉		jʊk2
				浴		jʊk2
				慾		jʊk2
				欲		jʊk2
				局		kʊk2
				撞		tsoɒŋ31
				雙		soɒŋ53
				江		koɒŋ53
				扛		koɒŋ53
				控		hoɒŋ33
				腔		hoɒŋ53
				缸		koɒŋ53
				降	投降	hoɒŋ11
				降	降落	koɒŋ33
				講		koɒŋ35
				港		koɒŋ35
				項		hoɒŋ31
				棒		pʰoɒŋ13
				巷		hoɒŋ31
				桌		tsʰuɔk3
				濁		tsʊk2
				捉		tsʊk5
				確		kʰuɔk3
				學		huɔk2
				握		ak5
				剝		muɔk5
				駁		puɔk3
				雹		puɔk2
				離		lei11
				麗		lɐi31
				璃	琉璃	lei11
				璃	玻璃	lei53
				劑		tsɐi53
				斯		si53
				隨		tsʰoi11
				肢		tsi53
				支		tsi53
				只		tsi35
				枝		tsi53
				氏	姓氏	si31
				氏	月氏	tsi53
				炊		tsʰoi53
				吹		tsʰoi53
				提		tʰɐi11
				垂		soi11
				匙	鑰匙	si11
				匙	茶匙，湯匙，一本作「瓷」	tsʰi11
				堤		tʰɐi11
				施		si53
				兒		ji11
				規		kʷʰɐi53
				蛇	委蛇	ji11
				蛇	毒蛇	se11
				移		ji11
				脾		pʰei11
				示		si31
				累	累積	lɵy13
				累	受累；連累	lɵy31
				累	果實累累，同「纍」	lɵy11
				紫		tsi35
				此		tsʰi35
				紙		tsi35
				是		si31
				企		kʰei13
				積		tsɐk5
				刺		tsʰi33
				睡		soi31
				瑞		soi31
				翅		tsʰi33
				易	容易	ji31
				易	交易	jɐk2
				臂		pei33
				避		pei31
				知	知道	tsi53
				知	知識	tsi33
				蜘		tsi53
				池		tsʰi11
				錘	鐵錘，稱錘	tsʰoi11
				馳		tsʰi11
				差	差別	tsʰa53
				差	出差	tsʰai53
				差	參差	tsʰi53
				衰	衰老	sei53
				衰	齊衰	tsʰei53
				虧		kʷʰɐi53
				崖		ai11
				儀		ji11
				宜		ji11
				危		ɐi11
				犧		hei53
				戲		hei33
				椅		ji35
				委	虛與委蛇，委委佗佗	wɐi53
				委	委託	wɐi35
				爲	作爲	wɐi11
				爲	爲了	wɐi31
				襬		pai35
				碑		pei53
				疲		pʰei11
				罷		pa31
				皮		pʰei11
				披		pʰei53
				奇	奇怪	kʰei11
				奇	奇數	kei53
				騎	騎馬	kʰe11
				騎	鐵騎	kʰei33
				灑		sa35
				跪		kʷɐi31
				蟻		ɐi13
				毀		wɐi35
				倚		ji35
				彼		pei35
				被	棉被	pʰei13
				被	被動	pei31
				技		kei31
				智		tsi33
				寄		kei33
				誼		ji11
				義		ji31
				議		ji13
				纍		loi13
				梨		lei11
				資		tsi53
				姿		tsi53
				雖		soi53
				私		si53
				脂		tsi53
				推		tʰoi53
				誰		soi11
				屍		si53
				羨		siŋ31
				唯	唯一	wɐi11
				唯	唯唯諾諾	wɐi35
				遺	遺失	wɐi11
				遺	贈遺	wɐi31
				維		wɐi11
				姨		ji11
				比	比較	pei35
				比	比鄰	pei31
				葵		kʷʰɐi11
				壘	堡壘	lɵy13
				壘	神荼鬱壘	lɵy31
				死		sei35
				指		tsi35
				旨		tsi35
				視		si31
				水		soi35
				地		tei31
				淚		loi31
				利		lei31
				類		lɵy31
				醉		tsoi33
				翠		tsʰoi33
				次		tsʰi33
				自		tsi31
				四		sei33
				肆	肆意	si33
				肆	四的大寫	sei33
				穗		soi31
				至		tsi33
				出		tsʰyk5
				二		ji33
				季		kʷɐi33
				棄		hei33
				鼻		pei31
				尼		lei11
				呢	呢喃	lei11
				呢	語氣助詞	le53
				追		tsoi53
				遲		tsʰi11
				鎚		tsʰoi11
				師		si53
				篩		sɐi53
				獅		si53
				肌		kei53
				龜		kʷɐi53
				龜		kʷɐŋ53
				龜		kʰɐu53
				飢		kei53
				悲		pei53
				黴		mui11
				眉		mei11
				軌		kʷɐi35
				几		kei35
				鄙		pʰei35
				否	否定	fɐu35
				否	否極泰來	pʰei35
				美		mei13
				致		tsi33
				質	物質	tsɐk5
				質	人質	tsi33
				緻		tsi33
				帥		soi33
				率	率領	sɐk5
				率	效率	lɐk2
				愧		kʷʰɐi33
				器		hei33
				位		wɐi31
				祕		pei33
				費		fɐi33
				備		pei31
				櫃		kʷɐi31
				釐	釐定	lei11
				釐	恭賀新釐	hei53
				狸		lei11
				仔	仔細	tsi35
				仔	豬仔	tsɐi35
				滋		tsi53
				慈		tsʰi11
				思	思想	si53
				思	意思	si53
				思	于思	sɔi53
				絲		si53
				司		si53
				詞		tsʰi11
				辭		tsʰi11
				持		tsʰi11
				治		tsi31
				芝		tsi53
				之		tsi53
				時		si11
				詩		si53
				而		ji11
				居		kɵy53
				基		kei53
				欺		hei53
				疑		ji11
				醫		ji53
				台	古代第一人稱	ji11
				台	天台。地名	tʰɔi53
				期	日期	kʰei11
				期	期年	kei53
				其		kʰei11
				旗		kʰei11
				里		lei13
				李		lei13
				理		lei13
				子		tsi35
				似		tsʰi13
				恥		tsʰi35
				士		si31
				史		si35
				使	使用	sɐi35
				使	使者	si33
				駛		sɐi35
				止		tsi35
				址		tsi35
				齒		tsʰi35
				市		si13
				始		tsʰi35
				耳		ji13
				己		kei35
				紀		kei35
				起		hei35
				喜		hei35
				已		ji13
				以		ji13
				字		tsi31
				寺		tsi31
				飼		tsi31
				置		tsi33
				植		tsɐk2
				值		tsɐk2
				事		si31
				廁		tsʰi33
				織		tsɐk5
				誌		tsi33
				識	認識	sɐk5
				識	默而識之	tsi33
				志		tsi33
				侍		si31
				試		si33
				幟		tsʰi33
				記		kei33
				意		ji33
				食		sɐk2
				異		ji31
				忌		kei31
				歸		kʷɐi53
				饑		kei53
				機		kei53
				揮		fɐi53
				輝		fɐi53
				希		hei53
				稀		hei53
				依		ji53
				衣	衣服	ji53
				衣	衣錦還鄉	ji33
				威		wɐi53
				圍		wɐi11
				違		wɐi11
				飛		fei53
				非		fei53
				肥		fei11
				微		mei11
				幾	幾個	kei35
				幾	幾乎	kei53
				鬼		kʷɐi35
				豈		hei35
				偉		wɐi13
				匪		fei35
				尾		mei13
				溉		kʰɔi33
				既		kei33
				貴		kʷɐi33
				氣		hei33
				毅		ɐi31
				慰		wɐi33
				畏		wɐi33
				胃		wɐi31
				彙		wui31
				沸		fɐi33
				未		mei31
				味		mei31
				蘆		loᵘ11
				驢		lu11
				且		tsʰe35
				徐		tsʰy11
				豬		tsy53
				涂		tʰoᵘ11
				除		tsʰy11
				儲		tsʰy13
				屠		tʰoᵘ11
				著	顯著	tsy33
				著	著衫	tsuɔk3
				著	著涼	tsuɔk2
				初		tsʰɔ53
				鋤		tsʰɔ11
				疏	疏通	sɔ53
				疏	註疏	sɔ33
				蔬		sɔ53
				梳		sɔ53
				諸		tsy53
				舒		sy53
				書		sy53
				如		jy11
				車	車馬炮	kɵy53
				車	汽車	tsʰe53
				据		kɵy53
				魚		jy11
				漁		jy11
				虛		hɵy53
				於		jy53
				予	古代第一人稱	jy11
				予	給予	jy13
				餘		jy11
				與	我與你	jy13
				與	參與	jy31
				譽		jy31
				余		jy11
				渠		kʰɵy11
				女		lɵy13
				旅		lɵy13
				嶼	島嶼	tsoi31
				嶼	大嶼山。山名	jy11
				序		tsoi31
				敘		tsoi31
				緒		soi13
				阻		tsɔ35
				楚		tsʰɔ35
				礎		tsʰɔ35
				所		sɔ35
				處	處理	tsʰy35
				處	住處	tsʰy33
				野		je13
				鼠		sy35
				暑		sy35
				舉		kɵy35
				去		hɵy33
				禦		jy31
				語	語言	jy13
				語	不以語人	jy31
				許		hɵy35
				距		kʰɵy13
				巨		kɵy31
				鉅		kɵy31
				拒		kʰɵy13
				慮		loi31
				絮		soi13
				助		tsɔ31
				薯		sy11
				據		kɵy33
				鋸		kɵy33
				御		jy31
				菸		jiŋ53
				預		jy31
				都		toᵘ53
				圖		tʰoᵘ11
				途		tʰoᵘ11
				塗		tʰoᵘ11
				徒		tʰoᵘ11
				奴		loᵘ11
				爐		loᵘ11
				租		tsoᵘ53
				蘇		soᵘ53
				辜		ku53
				孤		ku53
				姑		ku53
				枯		fu53
				吳		ŋ11
				呼		fu53
				糊		wu11
				胡		wu11
				壺		wu11
				湖		wu11
				狐		wu11
				乎		fu11
				嗚		wu53
				烏		wu53
				惡	惡毒	uɔk3
				惡	可惡	wu33
				惡	惡乎	wu53
				樸		pʰuɔk3
				模		moᵘ11
				摸		mɔ53
				膜	薄膜	muɔk2
				膜	膜拜	muɔk11
				堵		toᵘ35
				賭		toᵘ35
				土		tʰoᵘ35
				吐		tʰoᵘ33
				肚		tʰoᵘ13
				杜		toᵘ31
				努		loᵘ13
				怒		loᵘ31
				虜		loᵘ13
				魯		loᵘ13
				組		tsoᵘ35
				祖		tsoᵘ35
				粗		tsʰoᵘ53
				鼓		ku35
				估	估計	ku35
				估	估衣	ku33
				古		ku35
				股		ku35
				苦		fu35
				午		ŋ13
				五		ŋ13
				伍		ŋ13
				虎		fu35
				戶		wu31
				譜		pʰoᵘ35
				補		poᵘ35
				部		poᵘ31
				媽		ma53
				普		pʰoᵘ35
				兔		tʰoᵘ33
				渡		toᵘ31
				度	度量衡	toᵘ31
				度	量度	tuɔk2
				路		loᵘ31
				露		loᵘ31
				作		tsuɔk3
				醋		tsʰoᵘ33
				錯	錯誤	tsʰɔ33
				錯	交錯	tsʰɔ33
				錯	同「措」	tsʰoᵘ33
				訴		soᵘ33
				塑		soᵘ33
				素		soᵘ33
				固		ku33
				故		ku33
				顧		ku33
				庫		fu33
				悟		ŋ31
				誤		ŋ31
				互		wu31
				護		wu31
				布		poᵘ33
				佈		poᵘ33
				步		poᵘ31
				捕		poᵘ31
				慕		moᵘ31
				墓		moᵘ31
				暮		moᵘ31
				怖		poᵘ33
				摟		lɐu11
				趨		tsʰoi53
				鬚		soᵘ53
				需		soi53
				須		soi53
				株		tsy53
				列		lik2
				蛛		tsy53
				廚		tsʰy11
				朱		tsy53
				珠		tsy53
				殊		sy11
				輸		sy53
				俱		kʰɵy53
				拘		kʰɵy53
				驅		kʰɵy53
				區	區別	kʰɵy53
				區	區姓	ɐu53
				愚		jy11
				娛		jy11
				于		jy53
				汙		wy53
				榆		jy11
				愉		jy11
				膚		fu53
				夫	農夫	fu53
				夫	古代指示詞、代詞、助詞	fu11
				符		fu11
				扶		fu11
				無		moᵘ11
				鋪	鋪張	pʰoᵘ53
				鋪	店鋪	pʰoᵘ33
				俘		fu53
				句		kɵy33
				取		tsʰoi35
				聚		tsoi31
				柱		tsʰy13
				數	～數	soᵘ35
				數	數字	soᵘ33
				數	數見不鮮	su33
				主		tsy35
				樹		sy31
				豎		sy31
				乳		jy13
				矩		kɵy35
				雨	落雨	jy13
				雨	雨我公田	jy31
				羽		jy13
				宇		jy13
				愈		jy31
				斧		fu35
				俯		fu35
				父		fu31
				府		fu35
				腐		fu31
				輔		fu31
				武		moᵘ13
				侮		moᵘ13
				舞		moᵘ13
				撫		fu35
				剖		fɐu35
				屢		lɵy13
				足	足跡	tsʊk5
				足	足恭	tsoi33
				駐		tsy33
				逗		tɐu31
				住		tsy31
				註		tsy33
				鑄		tsy33
				注		tsy33
				遇		jy31
				裕		jy31
				付		fu31
				搏		puɔk3
				傅	師傅	fu31
				傅	傅粉施朱	fu53
				附		fu31
				務		moᵘ31
				霧		moᵘ31
				仆		pʊk2
				赴		fu31
				具		kɵy31
				懼		kɵy31
				帶		tai33
				太		tʰai33
				泰		tʰai33
				大		tai31
				賴		lai31
				最		tsoi33
				蓋	杯蓋	kɔi33
				蓋	覆蓋	kʰɔi33
				外		ɔi31
				會	會面	woi31
				會	會計	woi31
				會	懂得	woi13
				繪		kʰoi35
				害		hɔi31
				貝		poi33
				沫		mʊk2
				廢		fɐi33
				肺		fɐi33
				寨		tsai31
				快		fai33
				話		wa31
				喝		huk3
				敗		pai31
				邁		mai31
				叉		tsʰa53
				查	檢查	tsʰa11
				查	查姓	tsa53
				柴		tsʰai11
				佳		kai53
				街		kai53
				鞋		hai11
				蛙		wa53
				娃		wa53
				牌		pʰai11
				枴		kʷai35
				夥		fɔ35
				解	解決	kai35
				解	解款	kai33
				解	解姓	hai31
				矮		ɐi35
				擺		pai35
				買		mai13
				拐		kʷai35
				債		tsai33
				掛		kʷa33
				畫	圖畫	wa35
				畫	畫圖	wak2
				賣		mai31
				派		pʰai33
				階		kai53
				皆		kai53
				乖		kʷai53
				匯		woi31
				槐		wai11
				懷		wai11
				排		pʰai11
				埋		mai11
				挨		ai53
				殺	殺敵	sak3
				殺	殺哀	sai33
				介		kai33
				壞		wai31
				怪		kʷai33
				屆		kai33
				界		kai33
				戒		kai33
				械		hai31
				拜		pai33
				扒	扒飯	pʰa11
				扒	扒皮	pʰa53
				厲		lɐi31
				例		lɐi31
				勵		lɐi31
				際		tsɐi33
				脆		tsʰoi33
				歲		soi33
				制		tsɐi33
				製		tsɐi33
				逝		sɐi31
				誓		sɐi31
				說	講	syk3
				說	以言服人	soi33
				說		jyk2
				世		sɐi33
				稅		soi33
				勢		sɐi33
				藝		ɐi31
				洩	排洩	sik3
				洩	洩洩	jɐi31
				銳		joi31
				泄		sik3
				蔽		pɐi33
				彆		pik2
				斃		pɐi31
				弊		pɐi31
				幣		pɐi31
				揭		kʰik3
				衛		wɐi31
				低		tɐi53
				梯		tʰɐi53
				蹄		tʰɐi11
				題		tʰɐi11
				折	骨折	tsik3
				折	折本	sik2
				泥	泥土	lɐi11
				泥	拘泥	lei31
				犁		lɐi11
				黎		lɐi11
				擠		tsɐi53
				妻		tsʰɐi53
				齊	整齊	tsʰɐi11
				齊	齊衰	tsi53
				撕		si53
				西		sɐi53
				雞		kɐi53
				溪		kʰɐi53
				攜		kʷʰɐi11
				迷		mɐi11
				批		pʰɐi53
				抵		tɐi35
				底		tɐi35
				體		tʰɐi35
				遞		tɐi31
				弟		tɐi31
				禮		lɐi13
				濟	人才濟濟	tsɐi35
				濟	救濟	tsɐi33
				洗		sɐi35
				米		mɐi13
				帝		tɐi33
				剃		tʰɐi33
				替		tʰɐi33
				逮		tɐi31
				第		tɐi31
				隸		tɐi31
				砌		tsʰɐi33
				切	一切	tsʰɐi33
				切	急切	tsʰik3
				細		sɐi33
				桂		kʷɐi33
				計		kɐi33
				繫	聯繫	hɐi31
				繫	繫鞋帶	kɐi33
				繼		kɐi33
				係		hɐi31
				系		hɐi31
				惠		wɐi31
				慧		wɐi31
				閉		pɐi33
				謎		mɐi11
				臺		tʰɔi11
				檯		tʰɔi11
				能		lɐŋ11
				來		lɔi11
				災		tsɔi53
				栽		tsɔi53
				猜		tsʰai53
				材		tsʰɔi11
				財		tsʰɔi11
				裁		tsʰɔi11
				才		tsʰɔi11
				該		kɔi53
				開		hɔi53
				孩		hai11
				咳	咳嗽	kʰɐk5
				咳	小兒笑	hɔi11
				唉		ai53
				哀		ɔi53
				等		tɐŋ35
				怠		tʰɔi13
				待		tɔi31
				乃		lai13
				載	一年半載	tsɔi35
				載	記載	tsɔi33
				宰		tsɔi35
				採		tsʰɔi35
				采		tsʰɔi35
				彩		tsʰɔi35
				綵		tsʰɔi35
				在		tsɔi31
				改		kɔi35
				凱		hɔi35
				海		hɔi35
				戴		tai33
				態		tʰai33
				代		tɔi31
				袋		tɔi31
				耐		lɔi31
				再		tsɔi33
				菜		tsʰɔi33
				塞	塞車	sɐk5
				塞	塞外	tsʰɔi33
				賽		sɔi33
				概		kʰɔi33
				慨		kʰɔi33
				礙		ɔi31
				愛		ɔi33
				堆		toi53
				雷		loi11
				催		tsʰoi53
				摧		tsʰoi53
				恢		foi53
				灰		foi53
				回		woi11
				迴		woi11
				杯		poi53
				盃		poi53
				陪		pʰoi11
				培		pʰoi11
				梅		moi11
				煤		moi11
				腿		tʰoi35
				罪		tsoi31
				悔		foi33
				賄		kʰoi35
				倍		pʰoi13
				每		moi13
				對		toi33
				退		tʰoi33
				隊		toi31
				內		lɔi31
				碎		soi33
				塊		fai33
				輩		poi33
				背	背書	poi31
				背	背後	poi33
				佩		pʰoi33
				妹		moi31
				配		pʰoi33
				鄰		lɐŋ11
				輪		lɐŋ11
				論	討論	lɐŋ31
				論	論語	lɐŋ11
				遵		tsyŋ53
				津		tsɐŋ53
				親	親人	tsʰɐŋ53
				親	親家	tsʰɐŋ33
				薪		sɐŋ53
				詢		sɐŋ53
				新		sɐŋ53
				辛		sɐŋ53
				巡		tsʰɐŋ11
				旬		tsʰɐŋ11
				循		tsʰɐŋ11
				振		tsɐŋ33
				真		tsɐŋ53
				春		tsʰyŋ53
				辰		sɐŋ11
				臣		sɐŋ11
				純		sɐŋ11
				晨		sɐŋ11
				身		sɐŋ53
				申		sɐŋ53
				伸		sɐŋ53
				脣		sɐŋ11
				神		sɐŋ11
				人		jɐŋ11
				仁		jɐŋ11
				均		kʷɐŋ53
				因		jɐŋ53
				姻		jɐŋ53
				勻		wɐŋ11
				濱		pɐŋ53
				賓		pɐŋ53
				蘋		pʰɐŋ11
				民		mɐŋ11
				盡		tsɐŋ31
				筍		sɐŋ35
				診		tsʰɐŋ35
				准		tsɐŋ35
				準		tsɐŋ35
				蠢		tsʰɐŋ35
				腎		sɐŋ31
				盾		tʰɐŋ13
				忍		jɐŋ35
				緊		kɐŋ35
				允		wɐŋ13
				引		jɐŋ13
				進		tsɐŋ33
				俊		tsɐŋ33
				晉		tsɐŋ33
				訊		sɐŋ33
				迅		sɐŋ33
				信		sɐŋ33
				震		tsɐŋ33
				慎		sɐŋ31
				順		sɐŋ31
				刃		jɐŋ31
				認		jɐŋ31
				潤		jɐŋ31
				印		jɐŋ33
				栗		lɐk2
				律		lɐk2
				慄		lɐk2
				七		tsʰɐk5
				漆		tsʰɐk5
				疾		tsɐk2
				悉		sɐk5
				膝		sɐk5
				失		sɐk5
				室		sɐk5
				朮		sɐk2
				實		sɐk2
				述		sɐk2
				術		sɐk2
				日		jɐk2
				橘		kʷɐk5
				吉		kɐk5
				一		jɐk5
				必		pik5
				畢		pɐk5
				蜜		mɐk2
				匹		pʰɐk5
				填		tiŋ11
				屯		tʰyŋ11
				屯		tsyŋ53
				珍		tsɐŋ53
				鎮		tsɐŋ33
				塵		tsʰɐŋ11
				陳		tsʰɐŋ11
				趁		tsʰɐŋ33
				巾		kɐŋ53
				銀		ɐŋ11
				份		pɐŋ31
				貧		pʰɐŋ11
				敏		mɐŋ13
				菌		kʷʰɐŋ35
				陣		tsɐŋ31
				襯		tsʰɐŋ33
				僅		kɐŋ35
				秩		tik2
				乙		jyk3
				筆		pɐk5
				密		mɐk2
				吞		tʰɐŋ53
				跟		kɐŋ53
				根		kɐŋ53
				痕		hɐŋ53
				恩		jɐŋ53
				墾		hɐŋ35
				懇		hɐŋ35
				很		hɐŋ35
				恨		hɐŋ31
				尊		tsyŋ53
				村		tsʰyŋ53
				蹲		tsyŋ11
				存		tsʰyŋ11
				孫		syŋ53
				孫		syŋ33
				昆		kʷʰɐŋ53
				昏		fɐŋ53
				婚		fɐŋ53
				渾	渾人，雄渾	wɐŋ31
				渾	同「混」	wɐŋ31
				溫		wɐŋ53
				奔		pɐŋ53
				盆		pʰoŋ11
				門		moŋ11
				噴		pʰɐŋ33
				損		syŋ35
				棍		kʷɐŋ33
				混		wɐŋ31
				穩		wɐŋ35
				本		poŋ35
				笨		pɐŋ31
				頓	安頓	tɐŋ31
				頓	冒頓	tʊk2
				嫩		lyŋ31
				寸		tsʰyŋ33
				困		kʷʰɐŋ33
				悶		moŋ31
				突		tɐk2
				屑		sik3
				骨		kʷɐk5
				滑	光滑	wak2
				滑	滑稽	kʷɐk5
				忽		fɐk5
				脖		pʊk2
				沒		mʊk2
				筋		kɐŋ53
				斤		kɐŋ53
				欣		jɐŋ53
				芹		kʰɐŋ11
				勤		kʰɐŋ11
				謹		kɐŋ35
				隱		jɐŋ35
				近	白讀	kʰɐŋ13
				近	靠近	kɐŋ31
				吃	口吃	kɐk2
				吃	吃飯	hiɛk3
				吃	吃飯	jak3
				乞		hɐk5
				軍		kʷɐŋ53
				君		kʷɐŋ53
				云		wɐŋ11
				雲		wɐŋ11
				員		jyŋ11
				分	分開	fɐŋ53
				分	本分	fɐŋ31
				扮		pɐŋ31
				墳		fɐŋ11
				聞		mɐŋ11
				文	文字	mɐŋ11
				文	文過	mɐŋ31
				蚊		mɐŋ53
				紋		mɐŋ11
				芬		fɐŋ53
				紛		fɐŋ53
				粉		fɐŋ35
				憤		fɐŋ13
				訓		fɐŋ33
				運		wɐŋ31
				韻		wɐŋ31
				暈	日暈	wɐŋ31
				暈	頭暈	wɐŋ11
				糞		fɐŋ33
				奮		fɐŋ13
				問		mɐŋ31
				屈		fɐk5
				佛	佛教	fɐk2
				佛	仿佛	fɐk5
				物		mɐk2
				勿		mɐk2
				彿		fɐk5
				掘		kʷɐk2
				端		tyŋ53
				單	單純	taŋ53
				單	單于	siŋ11
				單	單姓	siŋ31
				丹		taŋ53
				嘆		tʰaŋ33
				攤		tʰaŋ53
				灘		tʰaŋ53
				團		tʰyŋ11
				壇		tʰaŋ11
				彈	彈劾	tʰaŋ11
				彈	彈丸	taŋ31
				但		taŋ31
				難	困難	laŋ11
				難	難民	laŋ31
				蘭		laŋ11
				攔		laŋ11
				欄		laŋ11
				鑽		tsyŋ33
				餐		tsʰaŋ53
				殘		tsʰaŋ11
				酸		syŋ53
				痠		syŋ53
				奸		kaŋ53
				肝		koŋ53
				竿		koŋ53
				觀	參觀	koŋ53
				觀	道觀	koŋ33
				冠	衣冠	koŋ53
				冠	冠軍	koŋ33
				官		koŋ53
				貫		koŋ33
				乾	乾燥	koŋ53
				乾	乾坤	kʰiŋ11
				干		koŋ53
				刊		hoŋ53
				寬		foŋ53
				看	看守	hoŋ53
				看	看待	hoŋ33
				歡		foŋ53
				汗	流汗	hoŋ31
				汗	可汗	hoŋ11
				院		jyŋ35
				寒		hoŋ11
				完		jyŋ11
				丸		jyŋ11
				安		oŋ53
				般	一般	poŋ53
				般	般若	pɔ53
				般	般樂	pʰoŋ11
				盤		pʰoŋ11
				饅		maŋ31
				瞞		moŋ11
				拌		poŋ31
				斷	恩斷義絕	tyŋ31
				斷	白讀	tʰyŋ13
				斷	診斷	tyŋ33
				短		tyŋ35
				坦		tʰaŋ35
				誕		taŋ33
				緞		tyŋ31
				暖		lyŋ13
				懶		laŋ13
				卵		lɐŋ35
				散	散文	saŋ35
				散	散步	saŋ33
				算		syŋ33
				傘		saŋ33
				管		koŋ35
				稈		koŋ35
				款		foŋ35
				棵		fɔ35
				旱		hoŋ13
				緩		woŋ31
				伴		poŋ31
				滿		moŋ13
				旦	元旦	taŋ33
				旦	花旦	taŋ35
				鍛		tyŋ33
				歎		tʰaŋ33
				炭		tʰaŋ33
				段		tyŋ31
				亂		lyŋ31
				爛		laŋ31
				讚		tsaŋ33
				贊		tsaŋ33
				燦		tsʰaŋ33
				竄		tsʰyŋ35
				蒜		syŋ33
				杆		koŋ53
				罐		koŋ33
				館		koŋ35
				灌		koŋ33
				幹		koŋ33
				岸		oŋ31
				玩	玩弄	woŋ31
				玩	去玩	waŋ35
				喚		woŋ31
				漢		hoŋ33
				換		woŋ31
				案		oŋ33
				按		oŋ33
				半		poŋ33
				叛		poŋ31
				漫		maŋ31
				判		pʰoŋ33
				胖	肥胖	poŋ31
				胖	心廣體胖	poŋ11
				達		tak2
				奪		tyk2
				脫		tʰyk3
				割		kuk3
				活		wʊk2
				括		kʰʊk3
				葛		kuk3
				闊		fʊk3
				渴		huk3
				撥		pʊk2
				末		mʊk2
				抹	塗抹	mʊk3
				抹	抹檯	mak3
				源		jyŋ11
				元		jyŋ11
				原		jyŋ11
				言		jiŋ11
				掀		hiŋ53
				冤		jyŋ53
				怨		jyŋ33
				園		jyŋ11
				援		woŋ11
				繁		faŋ11
				番		faŋ53
				煩		faŋ11
				反		faŋ35
				翻		faŋ53
				遠	遠方	jyŋ13
				遠	遠小人	jyŋ31
				返		faŋ35
				飯		faŋ31
				挽		waŋ13
				輓		waŋ13
				晚		maŋ13
				圈	豬圈	kyŋ31
				圈	圓圈	hyŋ53
				建		kiŋ33
				券		kyŋ33
				勸		hyŋ33
				願		jyŋ31
				憲		hiŋ33
				販		faŋ33
				萬		maŋ31
				健		kiŋ31
				月		jyk2
				歇		hik3
				越		jyk2
				髮		fak3
				發		fak3
				罰		fɐk2
				拔		pɐk2
				伐		fɐk2
				襪		mɐk2
				竭		kʰik3
				刪		saŋ53
				關		kʷaŋ53
				姦		kaŋ53
				頑		waŋ11
				顏		aŋ11
				環		waŋ11
				還		waŋ11
				灣		waŋ53
				彎		waŋ53
				斑		paŋ53
				班		paŋ53
				蠻		maŋ11
				攀		pʰaŋ53
				板		paŋ35
				版		paŋ35
				慣		kʷaŋ33
				串		tsʰyŋ33
				雁		aŋ31
				患		waŋ31
				慢		maŋ31
				刷		tsʰak3
				刮		kʷak3
				瞎		hɐk2
				舌		sik2
				山		saŋ53
				閒		haŋ11
				艱		kaŋ53
				盞		tsaŋ35
				鏟		tsʰaŋ35
				產		tsʰaŋ35
				揀		kaŋ35
				簡		kaŋ35
				眼		aŋ13
				限		haŋ31
				幻		waŋ31
				瓣		faŋ35
				辦		paŋ31
				盼		pʰaŋ33
				紮		tsak3
				扎		tsak3
				察		tsʰak3
				猾		wak2
				軋		tsak3
				八		pak3
				連		liŋ11
				令	令狐	lɐŋ11
				令	命令	lɐŋ31
				令	一令紙	lɐŋ53
				煎		tsiŋ53
				遷		tsʰiŋ53
				拴		saŋ53
				拴		tsʰyŋ11
				全		tsʰyŋ11
				錢		tsʰiŋ11
				泉		tsʰyŋ11
				鮮	鮮美	siŋ53
				鮮	鮮有	siŋ35
				仙		siŋ53
				宣		syŋ53
				旋		syŋ11
				專		tsyŋ53
				川		tsʰyŋ53
				穿		tsʰyŋ53
				扇		siŋ33
				船		syŋ11
				燃		jiŋ11
				然		jiŋ11
				捐		kyŋ53
				鉛		jyŋ11
				緣		jyŋ11
				沿		jyŋ11
				延		jiŋ11
				鞭		piŋ53
				便	便利	piŋ31
				便	大腹便便	piŋ11
				平		pʰɐŋ11
				棉		miŋ11
				綿		miŋ11
				篇		pʰiŋ53
				偏		pʰiŋ53
				扁	扁平	piŋ35
				扁	一葉扁舟	pʰiŋ53
				剪		tsiŋ35
				踐		tsʰiŋ13
				選		syŋ35
				喘		tsʰyŋ35
				善		siŋ31
				軟		jyŋ13
				遣		hiŋ35
				演		jiŋ35
				戀		lyŋ35
				箭		tsiŋ33
				賤		tsiŋ31
				線		siŋ33
				顫		tsiŋ33
				戰		tsiŋ33
				絹		kyŋ33
				面		miŋ31
				劣		lyk3
				烈		lik2
				裂		lik2
				絕		tsyk2
				雪		syk3
				浙		tsik3
				設		tsʰik3
				熱		jik2
				悅		jyk2
				閱		jyk2
				滅		mik2
				鏈		liŋ31
				傳	傳播	tsʰyŋ11
				傳	自傳	tsyŋ31
				纏		tsʰiŋ11
				圓		jyŋ11
				捲		kyŋ35
				鍵		kiŋ31
				權		kʰyŋ11
				卷	試卷	kyŋ35
				卷	卷曲	kʰyŋ11
				拳		kʰyŋ11
				展		tsiŋ35
				轉	轉變	tsyŋ35
				轉	自轉	tsyŋ33
				辨		piŋ31
				辯		piŋ31
				免		miŋ13
				勉		miŋ13
				件		kiŋ31
				這		tse33
				變		piŋ33
				倦		kyŋ31
				哲		tsik3
				撤		tsʰik3
				徹		tsʰik3
				別		pik2
				杰		kik2
				傑		kik2
				顛		tiŋ53
				天		tʰiŋ53
				田		tʰiŋ11
				年		liŋ11
				零		lɐŋ11
				蓮		liŋ11
				憐		liŋ11
				淺		tsʰiŋ35
				千		tsʰiŋ53
				前		tsʰiŋ11
				先		siŋ53
				肩		kiŋ53
				堅		kiŋ53
				縴		hiŋ53
				牽		hiŋ53
				研		jiŋ11
				縣		jyŋ31
				絃		jiŋ11
				懸		jyŋ11
				賢		jiŋ11
				弦		jiŋ11
				燕	燕子	jiŋ33
				燕	燕國	jiŋ53
				咽	咽喉	jiŋ53
				咽	狼吞虎咽	jiŋ33
				咽	哽咽	jik3
				煙		jiŋ53
				邊		piŋ53
				編		pʰiŋ53
				眠		miŋ11
				典		tiŋ35
				繭		kaŋ35
				犬		hyŋ35
				顯		hiŋ35
				宴		jiŋ33
				辮		piŋ53
				唸	呻吟	tiŋ33
				唸	吟誦	lim31
				電		tiŋ31
				殿		tiŋ31
				練		liŋ31
				鍊		liŋ31
				薦		tsiŋ33
				荐		tsiŋ33
				見	看見	kiŋ33
				見	發見	jiŋ31
				現		jiŋ31
				嚥		jiŋ33
				遍		pʰiŋ33
				麵		miŋ31
				片		pʰiŋ33
				鐵		tʰik3
				跌		tik3
				捏		lip2
				節		tsik3
				竊		sik3
				截		tsɐi31
				結		kik3
				潔		kik3
				缺		kʰyk3
				決		kʰyk3
				血		hyk3
				頁		jip2
				穴		jyk2
				蔑		mik2
				刀		toᵘ53
				滔		tʰoᵘ53
				叨	叨擾	tʰoᵘ53
				叨	嘮叨	toᵘ53
				綢		tsʰɐu11
				掏		tʰoᵘ11
				逃		tʰoᵘ11
				桃		tʰoᵘ11
				濤		tʰoᵘ11
				萄		tʰoᵘ11
				撈		lau11
				牢		loᵘ11
				勞	勤勞	loᵘ11
				勞	慰勞	loᵘ11
				糟		tsoᵘ53
				槽		tsʰoᵘ11
				遭		tsoᵘ53
				操	早操	tsʰoᵘ53
				操	操行	tsʰoᵘ33
				膏		koᵘ53
				高		koᵘ53
				撓		lau11
				號	哀號	hoᵘ11
				號	號碼	hoᵘ31
				豪		hoᵘ11
				毫		hoᵘ11
				袍		pʰoᵘ11
				毛		moᵘ11
				島		toᵘ35
				倒		toᵘ35
				倒		toᵘ33
				套		tʰoᵘ33
				討		tʰoᵘ35
				道		toᵘ31
				稻		toᵘ31
				腦		loᵘ13
				惱		loᵘ13
				老		loᵘ13
				棗		tsoᵘ35
				早		tsoᵘ35
				澡		tsʰoᵘ35
				草		tsʰoᵘ35
				造	製造	tsoᵘ31
				造	新造	tsʰoᵘ13
				造	造訪	tsʰoᵘ33
				掃		soᵘ33
				燥		tsʰoᵘ33
				嫂		soᵘ35
				考		hau35
				好	友好	hoᵘ35
				好	好客	hoᵘ33
				浩		hoᵘ31
				襖		oᵘ33
				寶		poᵘ35
				堡		poᵘ35
				保		poᵘ35
				抱		pʰoᵘ13
				到		toᵘ33
				悼		toᵘ31
				蹈		toᵘ31
				導		toᵘ31
				盜		toᵘ31
				躁		tsʰoᵘ33
				告	報告	koᵘ33
				告	忠告	kʊk5
				靠		kʰau33
				傲		oᵘ31
				奧		oᵘ33
				報		poᵘ33
				暴	凶暴	poᵘ31
				暴	一暴十寒	pʊk2
				帽		moᵘ31
				冒	冒犯	moᵘ31
				冒	冒頓	mɐk2
				抓		tsau35
				鈔		tsʰau53
				抄		tsʰau53
				梢		sau53
				交		kau53
				教	讓	kau53
				教	教室	kau33
				咬		au13
				郊		kau53
				膠		kau53
				敲		hau53
				胞		pau53
				包		pau53
				跑		pʰau35
				炮	炮彈	pʰau33
				炮	炮製	pʰau11
				炮	炮雞丁	pʰau53
				茅		mau11
				泡	浸泡	pʰau33
				泡	燈泡	pʰau53
				泡	白讀	pʰoᵘ13
				拋		pʰau53
				爪		tsau35
				炒		tsʰau35
				攪		kau35
				絞		kau35
				狡		kau35
				巧		hau35
				飽		pau35
				鬧		lau31
				罩		tsau33
				稍		sau35
				覺	睡覺	kau33
				覺	直覺	kuɔk3
				較		kau33
				樂	快樂	luɔk2
				樂	音樂	uɔk2
				樂	仁者樂山	au31
				孝		hau33
				校	學校	hau31
				校	校對	kau33
				效		hau31
				爆		pau33
				貌		mau31
				蕉		tsiu53
				焦		tsiu53
				椒		tsiu53
				消		siu53
				宵		siu53
				哨		sau33
				銷		siu53
				招		tsiu53
				燒		siu53
				饒		jiu11
				要	要求	jiu53
				要	要點	jiu33
				腰		jiu53
				遙		jiu11
				搖		jiu11
				陶	皋陶	jiu11
				陶	陶瓷	tʰoᵘ11
				謠		jiu11
				窯		jiu11
				標		piu53
				飄		pʰiu53
				漂	漂泊	pʰiu53
				漂	漂亮	pʰiu33
				悄		tsʰiu35
				小		siu35
				紹		siu31
				少	多少	siu35
				少	年少	siu33
				擾		jiu35
				繞		jiu35
				吵		tsʰau35
				秒		miu13
				療		liu11
				笑		siu33
				照		tsiu33
				約		juɔk3
				耀		jiu31
				妙		miu31
				朝	朝夕	tsiu53
				朝	朝廷	tsʰiu11
				超		tsʰiu53
				潮		tsʰiu11
				驕		kiu53
				喬		kʰiu11
				嬌		kiu53
				妖		jiu53
				描		miu11
				苗		miu11
				貓		mau53
				橋		kʰiu11
				轎		kiu35
				僑		kʰiu11
				趙		tsiu31
				兆		siu31
				表		piu35
				召	召喚	tsiu31
				召	召南	siu31
				廟		miu31
				雕		tiu53
				鵰		tiu53
				挑	挑水	tʰiu53
				挑	挑達	tʰoᵘ53
				跳		tʰiu33
				調	調味	tʰiu11
				調	調動	tiu31
				條		tʰiu11
				遼		liu11
				料		liu31
				僚		liu11
				艘		sɐu35
				澆		kiu53
				邀		jiu53
				鳥		liu13
				掉		tiu31
				了		liu13
				繳		kiu35
				曉		hiu35
				弔		tiu33
				釣		tiu33
				尿		liu31
				激		kɐk5
				叫		kiu33
				多		tɔ53
				他		tʰa53
				它		tʰa53
				駝		tʰɔ11
				挪		lɔ11
				那	那個	la13
				那	那姓	la53
				蘿		lɔ11
				羅		lɔ11
				騾		lɔ11
				籮		lɔ11
				鑼		lɔ11
				螺		lœ11
				獻		hiŋ33
				過		kʷɔ33
				哥		kɔ53
				鍋		wɔ53
				歌		kɔ53
				課		fɔ33
				科		fɔ53
				蛾		ɔ11
				鵝		ɔ11
				何		hɔ11
				荷	荷花	hɔ11
				荷	負荷	hɔ31
				和	和諧	wɔ11
				和	唱和	wɔ31
				河		hɔ11
				禾		wɔ11
				阿	阿諛奉承	ɔ53
				阿	阿伯	a33
				波		pɔ53
				婆		pʰɔ11
				摩		mɔ53
				魔		mɔ53
				磨		mɔ11
				磨		mɔ31
				坡		pɔ53
				玻		pɔ53
				茄	茄瓜	kʰœ35
				茄	雪茄	ka53
				朵		tɔ35
				妥		tʰɔ13
				惰		tɔ31
				左		tsɔ35
				坐		tsɔ31
				鎖		sɔ35
				裹		kʷɔ35
				果		kʷɔ35
				可	可以	hɔ35
				可	可汗	hɐk5
				顆		fɔ35
				我		ɔ13
				火		fɔ35
				禍		wɔ31
				爸		pa53
				麼		mɔ53
				拖		tʰɔ53
				座		tsɔ31
				個		kɔ33
				餓		ɔ31
				臥		ɔ31
				貨		fɔ33
				賀		hɔ31
				播		pɔ33
				破		pʰɔ33
				些		se53
				爹		te53
				茶		tsʰa11
				渣		tsa53
				紗		sa53
				沙		sa53
				遮		tse53
				若	假若	juɔk2
				若	般若	je13
				加		ka53
				瓜		kʷa53
				嘉		ka53
				家	家人	ka53
				家	曹大家	ka53
				跨		kʷʰa53
				夸		kʷʰa53
				誇		kʷʰa53
				芽		a11
				呀		a53
				牙		a11
				譁		wa53
				花		fa53
				划	划船	wa53
				划	划算	fa33
				蝦	蝦仁	ha53
				蝦	蝦蟆	ha11
				霞		ha11
				華	中華	wa11
				華	華山	wa31
				華	春華秋實	fa53
				鴉		a53
				斜		tsʰe11
				邪		je11
				巴		pa53
				爬		pʰa11
				麻		ma11
				吧	酒吧	pa53
				吧	語助詞	pa31
				姐		tse35
				瀉		se33
				寫		se35
				傻		sɔ11
				者		tse35
				社		se13
				捨		se35
				舍	宿舍	se33
				舍	舍生取義	se35
				惹		je13
				假	假如	ka35
				假	放假	ka33
				雅		a13
				瓦		a13
				夏		ha31
				廈		ha31
				下	下面	ha31
				下	白讀	ha13
				啞	聾啞	a35
				啞	嘔啞	a53
				啞	啞然而笑	ɐk5
				冶		je13
				也		ja13
				把		pa35
				罵		ma31
				碼		ma13
				馬		ma13
				借		tse33
				卸		se33
				謝		tse31
				榨		tsa33
				斥		tsʰɐk5
				價		ka33
				嫁		ka33
				駕		ka33
				架		ka33
				嚇		hak3
				化		fa33
				亞		a33
				夜		je31
				射	發射	se31
				射	無射	jɐk2
				射	僕射	je31
				射	放箭使中目標物	sɐk2
				霸		pa33
				怕		pʰa33
				檔		toɒŋ33
				檔		toɒŋ35
				當	當然	toɒŋ53
				當	適當	toɒŋ33
				盪		toɒŋ31
				糖		tʰoɒŋ11
				塘		tʰoɒŋ11
				唐		tʰoɒŋ11
				堂		tʰoɒŋ11
				囊		loɒŋ11
				郎		loɒŋ11
				浪	波浪	loɒŋ31
				浪	滄浪	loɒŋ11
				廊		loɒŋ11
				狼		loɒŋ11
				蒼		tsʰoɒŋ53
				倉		tsʰoɒŋ53
				藏	收藏	tsʰoɒŋ11
				藏	寶藏	tsoɒŋ31
				桑		soɒŋ53
				喪	喪事	soɒŋ53
				喪	喪失	soɒŋ33
				剛		koɒŋ53
				崗		koɒŋ53
				光		kʷoɒŋ53
				岡		koɒŋ53
				橫		waŋ11
				綱		koɒŋ53
				鋼		koɒŋ33
				康		hoɒŋ53
				昂		oɒŋ11
				炕		kʰoɒŋ33
				荒		foɒŋ53
				航		hoɒŋ11
				行	銀行	hoɒŋ11
				行	步行	hɐŋ11
				行	行路	haŋ11
				行	行行	hoɒŋ31
				行	品行	hɐŋ31
				抗		kʰoɒŋ33
				皇		woɒŋ11
				黃		woɒŋ11
				煌		woɒŋ11
				汪		woɒŋ53
				幫		poɒŋ53
				膀	膀胱	pʰoɒŋ11
				膀	肩膀	poɒŋ35
				旁		pʰoɒŋ11
				傍	依山傍水	poɒŋ31
				傍	傍晚	pʰoɒŋ11
				忙		moɒŋ11
				茫		moɒŋ11
				黨		toɒŋ35
				蕩		toɒŋ31
				朗		loɒŋ13
				髒		tsoɒŋ53
				廣		kʷoɒŋ35
				慌		foɒŋ53
				晃		foɒŋ35
				映		jɐŋ35
				擋	摒擋	toɒŋ33
				擋	阻擋	toɒŋ35
				葬		tsoɒŋ33
				曠		kʰoɒŋ33
				擴		kʷʰoɒŋ33
				魄	魂魄	pʰak3
				魄	落魄	tʰuɔk3
				魄	旁魄	puɔk2
				託		tʰuɔk3
				絡		luɔk3
				落	落下	luɔk2
				落	落低	lai31
				駱		luɔk3
				昨		tsuɔk2
				索		suɔk3
				格		kak3
				閣		kuɔk3
				胳		kak3
				各		kuɔk3
				穫		wuɔk2
				博		puɔk3
				薄		puɔk2
				泊		puɔk2
				莫		muɔk2
				漠		muɔk2
				幕		muɔk2
				膊		puɔk3
				娘		loɒŋ11
				糧		loɒŋ11
				量	測量	loɒŋ11
				量	重量	loɒŋ31
				粱		loɒŋ11
				良		loɒŋ11
				涼		loɒŋ11
				梁		loɒŋ11
				將	將來	tsoɒŋ53
				將	將領	tsoɒŋ33
				漿		tsoɒŋ53
				搶		tsʰoɒŋ35
				搶		tsʰoɒŋ53
				槍		tsʰoɒŋ53
				牆		tsʰoɒŋ11
				相	互相	soɒŋ53
				相	相貌	soɒŋ33
				箱		soɒŋ53
				祥		tsʰoɒŋ11
				張		tsoɒŋ53
				漲		tsoɒŋ33
				長	長久	tsʰoɒŋ11
				長	長大	tsoɒŋ35
				腸		tsʰoɒŋ11
				場		tsʰoɒŋ11
				莊		tsoɒŋ53
				裝		tsoɒŋ53
				創	創傷	tsʰoɒŋ33
				創	創造	tsʰoɒŋ33
				瘡		tsʰoɒŋ53
				床		tsʰoɒŋ11
				霜		soɒŋ53
				障		tsoɒŋ33
				章		tsoɒŋ53
				倡	倡優	tsʰoɒŋ53
				倡		tsʰoɒŋ53
				昌		tsʰoɒŋ53
				嘗		soɒŋ11
				常		soɒŋ11
				償		soɒŋ11
				尚		soɒŋ31
				裳		soɒŋ11
				商		soɒŋ53
				傷		soɒŋ53
				湯		tʰoɒŋ53
				疆		koɒŋ53
				薑		koɒŋ53
				僵		koɒŋ53
				姜		koɒŋ53
				框		hoɒŋ53
				筐		hoɒŋ53
				鄉		hoɒŋ53
				香		hoɒŋ53
				央		joɒŋ53
				殃		joɒŋ53
				秧		joɒŋ53
				王	國王	woɒŋ11
				王	王天下	woɒŋ31
				揚		joɒŋ11
				詳		tsʰoɒŋ11
				洋		joɒŋ11
				羊		joɒŋ11
				陽		joɒŋ11
				楊		joɒŋ11
				方		foɒŋ53
				防		foɒŋ11
				房		foɒŋ11
				坊	街坊	foɒŋ53
				坊	堤坊	foɒŋ11
				亡		moɒŋ11
				望		moɒŋ31
				芒	光芒	moɒŋ11
				芒	芒果	moɒŋ53
				妨		foɒŋ11
				芳		foɒŋ53
				強	強壯	kʰoɒŋ11
				強	勉強	kʰoɒŋ13
				強	倔強	koɒŋ31
				狂		kʰoɒŋ11
				兩	兩個	loɒŋ13
				兩	十兩	loɒŋ35
				獎		tsoɒŋ35
				槳		tsoɒŋ35
				想		soɒŋ35
				橡		tsoɒŋ31
				像		tsoɒŋ31
				象		tsoɒŋ31
				仗	仗義	tsoɒŋ31
				仗	打仗	tsoɒŋ33
				丈		tsoɒŋ31
				爽		soɒŋ35
				掌		tsoɒŋ35
				敞		tsʰoɒŋ35
				廠		tsʰoɒŋ35
				上		soɒŋ13
				上		soɒŋ31
				賞		soɒŋ35
				壤		joɒŋ11
				仰		joɒŋ13
				嚮		hoɒŋ35
				響		hoɒŋ35
				往		woɒŋ13
				癢		joɒŋ13
				養		joɒŋ13
				放		foɒŋ33
				網		moɒŋ13
				仿		foɒŋ35
				紡		foɒŋ35
				釀		joɒŋ31
				亮		loɒŋ31
				掠		luɔk2
				諒		loɒŋ31
				醬		tsoɒŋ33
				匠		tsoɒŋ31
				帳		tsoɒŋ33
				脹		tsoɒŋ33
				暢		tsʰoɒŋ33
				壯		tsoɒŋ33
				狀		tsoɒŋ31
				唱		tsʰoɒŋ33
				向		hoɒŋ33
				讓		joɒŋ31
				況		foɒŋ33
				旺		woɒŋ31
				妄		moɒŋ13
				忘		moɒŋ11
				訪		foɒŋ35
				略		luɔk2
				雀		tsuɔk3
				鵲		tsuɔk3
				嚼		tsuɔk3
				削		suɔk3
				勺		tsuɔk3
				弱		juɔk2
				腳		kuɔk3
				卻		kʰuɔk3
				躍		juɔk2
				藥		juɔk2
				鑰		juɔk2
				趟		tʰoɒŋ33
				盯		tɐŋ53
				牲		sɐŋ53
				生		sɐŋ53
				更	更改	kɐŋ53
				更	三更半夜	kaŋ53
				更	更加	kɐŋ33
				京		kɐŋ53
				驚		kɐŋ53
				坑		haŋ53
				迎		jɐŋ11
				兄		hɐŋ53
				衡		hɐŋ11
				英		jɐŋ53
				榮		wɐŋ11
				兵		pɐŋ53
				棚		pʰaŋ11
				榜		poɒŋ35
				膨		pʰaŋ11
				評		pʰɐŋ11
				盲		maŋ11
				鳴		mɐŋ11
				盟		mɐŋ11
				明		mɐŋ11
				打		ta35
				打		ta53
				省	反省	sɐŋ35
				省	廣東省	saŋ35
				礦		kʷʰoɒŋ33
				境		kɐŋ35
				警		kɐŋ35
				景		kɐŋ35
				杏		hɐŋ31
				影		jɐŋ35
				永		wɐŋ13
				丙		pɐŋ35
				猛		maŋ13
				敬		kɐŋ33
				鏡		kiɛŋ33
				竟		kɐŋ35
				慶		hɐŋ33
				詠		wɐŋ31
				泳		wɐŋ31
				柄		pɐŋ33
				病		piɛŋ31
				孟		maŋ31
				命		mɐŋ31
				競		kɐŋ31
				宅		tsak2
				澤		tsak2
				擇		tsak2
				窄		tsak3
				客		hak3
				隙		kʷɐk5
				額		ak2
				逆		jɐk2
				柏		pak3
				伯	老伯	pak3
				伯	春秋五伯	pa33
				百		pak3
				迫		pɐk5
				白		pak2
				拍		pʰak3
				劇		kʰiɛk2
				丁		tɐŋ53
				爭		tsaŋ53
				爭		tsɐŋ53
				箏		tsɐŋ53
				耕		kɐŋ53
				轟		kʷɐŋ53
				宏		wɐŋ11
				莖		kɐŋ33
				櫻		jɐŋ53
				拼		pʰɐŋ33
				庄		tsoɒŋ53
				萌		mɐŋ11
				倖		hɐŋ31
				幸		hɐŋ31
				硬		aŋ31
				摘		tsak2
				責		tsak3
				冊		tsʰak3
				策		tsʰak3
				隔		kak3
				革		kak3
				獲		wuɔk2
				核		hɐk2
				劃		wak2
				麥		mɐk2
				脈		mɐk2
				精		tsɐŋ53
				睛		tsɐŋ53
				蜻		tsɐŋ53
				晶		tsɐŋ53
				清		tsʰɐŋ53
				情		tsʰɐŋ11
				請		tsʰɐŋ35
				晴		tsʰɐŋ11
				正	正月	tsɐŋ53
				正	正午	tsɐŋ33
				征		tsɐŋ53
				誠		sɐŋ11
				成		sɐŋ11
				城		sɐŋ11
				盛	旺盛	sɐŋ31
				盛	盛湯	sɐŋ11
				聲		sɐŋ53
				頃		kʰɐŋ35
				傾		kʰɐŋ53
				輕		hɐŋ53
				營		jɐŋ11
				盈		jɐŋ11
				贏		jiɛŋ11
				并		pɐŋ31
				名		mɐŋ11
				頸		kɐŋ35
				嶺		lɐŋ13
				領		lɐŋ13
				井		tsɐŋ35
				睜		tsɐŋ53
				靜		tsɐŋ31
				整		tsɐŋ35
				餅		pɐŋ35
				併		pɐŋ35
				淨		tsɐŋ31
				性		sɐŋ33
				姓		sɐŋ33
				政		tsɐŋ33
				聖		sɐŋ33
				勁		kɐŋ31
				跡		tsɐk5
				蹟		tsɐk5
				脊		tsiɛk3
				籍		tsɐk2
				惜		sɐk5
				夕		tsɐk2
				蓆		tsɐk2
				席		tsɐk2
				隻		tsiɛk3
				尺		tsʰɐk3
				赤		tsʰɐk3
				石		siɛk2
				釋		sɐk5
				適		sɐk5
				益		jɐk5
				亦		jɐk2
				疫		jɐk2
				液		jɐk2
				譯		jɐk2
				役		jɐk2
				闢		pʰɐk5
				僻		pʰɐk5
				貞		tsɐŋ53
				偵		tsɐŋ53
				程		tsʰɐŋ11
				呈		tsʰɐŋ11
				鄭		tsiɛŋ31
				碧		pɐk5
				釘		tiɛŋ53
				叮		tɐŋ53
				聽	聽力	tʰiɛŋ53
				聽	聽任	tʰɐŋ33
				訂		tɐŋ33
				廳		tʰiɛŋ53
				亭		tʰɐŋ11
				挺		tʰɐŋ13
				蜓		tʰɐŋ11
				停		tʰɐŋ11
				庭		tʰɐŋ11
				寧		lɐŋ11
				齡		lɐŋ11
				冷		laŋ13
				鈴		lɐŋ11
				伶		lɐŋ11
				靈		lɐŋ11
				青		tsʰɐŋ53
				醒		sɐŋ35
				腥		sɐŋ53
				星		sɐŋ53
				經		kɐŋ53
				刑		jɐŋ11
				型		jɐŋ11
				形		jɐŋ11
				瓶		pʰɐŋ11
				萍		pʰɐŋ11
				頂		tɐŋ35
				艇		tʰiɛŋ13
				並		pɐŋ31
				定		tɐŋ31
				徑		kɐŋ33
				的		tɐk5
				滴		tɐk2
				踢		tʰiɛk3
				惕		tʰɐk5
				笛		tiɛk35
				敵		tɐk2
				曆		lɐk2
				歷		lɐk2
				績		tsɐk5
				戚		tsʰɐk5
				錫		siɛk3
				錫		sɐk3
				析		sɐk5
				擊		kɐk5
				壁		pɐk5
				劈		pʰɐk5
				燈		tɐŋ53
				登		tɐŋ53
				騰		tʰɐŋ11
				增		tsɐŋ53
				曾	曾孫	tsɐŋ53
				曾	曾經	tsʰɐŋ11
				層		tsʰɐŋ11
				恆		hɐŋ11
				朋		pʰɐŋ11
				肯		hɐŋ35
				凳		tɐŋ33
				贈		tsɐŋ31
				德		tɐk5
				得		tɐk5
				特		tɐk2
				勒		lɐk2
				則		tsɐk5
				賊		tsʰak2
				國		kʷuɔk3
				剋		hak5
				刻		hak5
				克		hak5
				黑		hak5
				惑		wak2
				或		wak2
				北		pɐk5
				蔔		pak2
				墨		mɐk2
				默		mɐk2
				陵		lɐŋ11
				徵	徵求	tsɐŋ53
				徵	古代五音之一	tsi35
				癥		tsɐŋ53
				懲		tsʰɐŋ11
				蒸		tsɐŋ53
				稱	稱呼	tsʰɐŋ53
				稱	稱職	tsʰɐŋ33
				承		sɐŋ11
				升		sɐŋ53
				昇		sɐŋ53
				勝	勝任	sɐŋ53
				勝	勝利	sɐŋ33
				繩		sɐŋ11
				乘	乘車	sɐŋ11
				乘	萬乘之國	sɐŋ31
				仍		jɐŋ11
				扔		jɐŋ11
				凝		jɐŋ11
				興	興旺	hɐŋ53
				興	助興	hɐŋ33
				應	應該	jɐŋ53
				應	回應	jɐŋ33
				鷹		jɐŋ53
				蠅		jɐŋ11
				冰		pɐŋ53
				憑		pʰɐŋ11
				證		tsɐŋ33
				秤	地秤	tsʰɐŋ33
				秤	天秤	pʰɐŋ11
				剩		sɐŋ31
				孕		jɐŋ31
				力		lɐk2
				即		tsɐk5
				熄		sɐk5
				息		sɐk5
				直		tsɐk2
				側		tsɐk5
				測		tsʰak5
				色		sɐk5
				職		tsɐk5
				殖		tsɐk2
				飾		sɐk5
				式		sɐk5
				蝕		sɐk2
				億		jɐk5
				憶		jɐk5
				域		wɐk2
				翼		jɐk2
				逼		pɐk5
				極		kɐk2
				榴		lɐu11
				流		lɐu11
				劉		lɐu11
				留		lɐu11
				秋		tsʰɐu53
				脩		sɐu53
				羞		sɐu53
				修		sɐu53
				抽		tsʰɐu53
				稠		tsʰɐu11
				籌		tsʰɐu11
				愁		sɐu11
				搜		sɐu35
				蒐		sɐu35
				州		tsɐu53
				洲		tsɐu53
				舟		tsɐu53
				周		tsɐu53
				酬		tsʰɐu11
				收		sɐu53
				柔		jɐu11
				揉		jɐu11
				丘		jɐu53
				牛		ɐu11
				休		jɐu53
				優		jɐu53
				憂		jɐu53
				尤		jɐu11
				郵		jɐu11
				遊		jɐu11
				悠		jɐu11
				游		jɐu11
				猶		jɐu11
				油		jɐu11
				由		jɐu11
				不		pɐk5
				浮		fɐu11
				謀		mɐu11
				矛		mau11
				求		kʰɐu11
				仇	仇人	sɐu11
				仇	仇姓	kʰɐu11
				球		kʰɐu11
				紐		lɐu35
				扭		lɐu35
				柳		lɐu13
				酒		tsɐu35
				丑		tsʰɐu35
				醜		tsʰɐu35
				壽		sɐu31
				受		sɐu31
				守		sɐu35
				守		sɐu35
				手		sɐu35
				首		sɐu35
				九		kɐu35
				久		kɐu35
				朽		lɐu35
				有		jɐu13
				有		jɐu31
				右		jɐu31
				友		jɐu13
				誘		jɐu13
				負		fu31
				婦		fu13
				舅		kʰɐu13
				溜		lɐu31
				就		tsɐu31
				繡		sɐu33
				宿	星宿	sɐu33
				宿	住宿	sʊk5
				秀		sɐu33
				袖		tsɐu31
				晝		tsɐu33
				畜		tsʰʊk5
				宙		tsɐu31
				皺		tsɐu33
				驟		tsau31
				瘦		sɐu33
				祝		tsʊk5
				臭		tsʰɐu33
				授		sɐu31
				售		sɐu31
				獸		sɐu33
				救		kɐu33
				究		kɐu33
				又		jɐu31
				富		fu33
				複		fʊk5
				復	復原	fʊk2
				復	回復	fʊk5
				伏		fʊk2
				覆		fʊk5
				副		fu33
				舊		kɐu31
				偷		tʰɐu53
				投		tʰɐu11
				頭		tʰɐu11
				樓		lɐu11
				溝		kʰɐu53
				鉤		ɐu53
				夠		kɐu33
				喉		hɐu11
				猴		hɐu11
				歐		ɐu53
				斗		tɐu35
				陡		tɐu35
				抖		tɐu35
				走		tsɐu35
				趣		tsʰy33
				狗		kɐu35
				口		hɐu35
				扣		kʰɐu33
				偶		ɐu13
				吼		hɐu33
				後		hɐu31
				厚		hɐu13
				后		hɐu31
				某		mɐu13
				畝		mɐu13
				母		mɐu13
				鬥		tɐu33
				透		tʰɐu33
				豆		tɐu31
				漏		lɐu31
				奏		tsɐu33
				湊		tsʰɐu33
				嗽		sɐu33
				構		kʰɐu33
				購		kʰɐu33
				寇		kʰɐu33
				候		hɐu31
				茂		mɐu31
				貿		mɐu31
				糾		tɐu35
				幼		jɐu33
				淋		lɐm11
				臨		lɐm11
				林		lɐm11
				浸		tsɐm33
				侵		tsʰɐm53
				心		sɐm53
				尋		tsʰɐm11
				針		tsɐm53
				深		sɐm53
				任	信任	jɐm31
				任	任姓	jɐm11
				甚		sɐm31
				審		sɐm35
				粒		lɐp5
				立		lɐp2
				集		tsap2
				襲		tsap2
				習		tsap2
				汁		tsɐp5
				執		tsɐp5
				什	什錦	sɐp2
				什	什麼	sɐm31
				十		sɐp2
				拾		sɐp2
				溼		sɐp5
				濕		sɐp5
				入		jɐp2
				沉		tsʰɐm11
				沈		sɐm35
				枕	枕頭	tsɐm35
				枕	枕戈待旦	tsɐm33
				森		sɐm53
				參	人參	sɐm53
				參	參加	tsʰɐm53
				參	參差	tsʰɐm53
				參	三的大寫	sɐm53
				金		kɐm53
				今		kɐm53
				禁	禁止	kɐm33
				禁	禁著	kʰɐm53
				陰		jɐm53
				音		jɐm53
				琴		kʰɐm11
				禽		kʰɐm11
				錦		kɐm35
				飲	飲水	jɐm35
				飲	飲馬	jɐm33
				品		pɐŋ35
				闖		tsʰoɒŋ35
				滲		sɐm33
				急		kɐp5
				給		kʰɐp5
				級		kʰɐp5
				吸		kʰɐp5
				及		kʰɐp2
				擔	擔水	tam53
				擔	重擔	tam33
				淡	冷淡	tam31
				淡	白讀	tʰam13
				談		tʰam11
				痰		tʰam11
				藍		lam11
				籃		lam11
				慚		tsʰam11
				三		sam53
				甘		kɐm53
				膽		tam35
				毯		tʰaŋ35
				覽		lam13
				敢		kɐm35
				喊		ham33
				暫		tsam31
				搭		tap3
				塔		tʰap3
				臘		lap2
				蠟		lap2
				閘		tsap2
				嚴		jim11
				欠		him33
				脅		hip3
				劫		kip3
				業		jip2
				帆		faŋ11
				凡		faŋ11
				氾	氾濫	faŋ33
				氾	氾姓	faŋ11
				犯		faŋ31
				範		faŋ31
				范		faŋ31
				泛		faŋ33
				法		fak3
				乏		fɐk2
				衫		sam53
				監	監獄	kam53
				監	太監	kam33
				鑑		kam33
				鑒		kam33
				巖		am11
				銜		ham11
				艦		lam31
				濫		lam31
				甲		kap3
				鴨		ap3
				壓		ak3
				押		ak3
				饞		tsʰam11
				鹹		ham11
				咸		ham11
				斬		tsam35
				減		kam35
				站		tsam31
				陷		ham31
				眨		tsam35
				插		tsʰap3
				夾		kap3
				夾		kip3
				恰		hɐp5
				洽		hɐp5
				峽		hap2
				狹		hap2
				廉		lim11
				鐮		lim11
				簾		lim11
				尖		tsim53
				漸	逐漸	tsim31
				漸	漸車帷裳	tsim53
				臉		lim13
				籤		tsʰim53
				潛		tsʰim11
				纖		tsʰim53
				占	占卜	tsim53
				占	占領	tsim33
				鹽		jim11
				撿		kim35
				陝		sim35
				閃		sim35
				染		jim13
				厭		jim33
				焰		jim11
				豔		jim11
				獵		lip2
				接		tsip3
				捷		tsik2
				涉		sip3
				攝		sip3
				葉		jip2
				粘		tsim53
				沾		tsim53
				淹		jim53
				炎		jim11
				鉗		kʰim11
				檢		kim35
				广		jim13
				險		him35
				掩		jim35
				儉		kim31
				驗		jim31
				佔		tsim33
				添		tʰim53
				甜		tʰim11
				兼		kim53
				謙		him53
				嫌		jim11
				點		tim35
				歉		him33
				店		tim33
				墊		tiŋ33
				念		lim31
				帖		tʰip3
				蝶		tip2
				貼		tʰip3
				疊		tip2
				協		hip3
				耽		tam53
				探		tʰam33
				貪		tʰam53
				南		lam11
				男		lam11
				蠶		tsʰam11
				堪		hɐm53
				含		hɐm11
				慘		tsʰam35
				感		kɐm35
				暗		ɐm33
				答		tap3
				踏		tap2
				納		lap2
				摺		tsip3
				拉		lai53
				雜		tsap2
				鴿		kɐp3
				閤	閤眼	hɐp2
				閤	閤樓	kuɔk3
				閤	邊門	kɐp3
				哈		ha53
				盒		hɐp2
				合	合格	hɐp2
				合	容量單位	kɐp2
				圾		sap3
				劍		kim33
				享		hoɒŋ35
				踩		tsʰɐi35
				糕		koᵘ53
				柿		tsʰi13
				歪		wai53
				疤		pa53
				污		wu53
				汽		hei33
				棕		tsʊŋ53
				撇		pʰik3
				撒		sak3
				撐		tsʰaŋ53
				掙	掙脫	tsɐŋ53
				掙	掙錢	tsaŋ31
				砍		hɐm35
				聯		lyŋ11
				棋		kʰei11
				蹦		pɐŋ53
				週		tsɐu53
				她		tʰa53
				奶		lai13
				剷		tsʰaŋ35
				闆		paŋ35
				磁		tsʰi11
				嘩		wa53
				磚		tsyŋ53
				躲		tɔ35
				躺		tʰoɒŋ35
				嘴		tsoi35
				間	空間	kaŋ53
				間	間接	kaŋ33
				餃		kau35
				揪		tsʰɐu53
				餵		wɐi33
				餡		ham35
				嶄		tsam35
				淘		tʰoᵘ11
				擦		tsʰak3
				嚐		soɒŋ11
				擱		kuɔk3
				桿		koŋ53
				胸		hʊŋ53
				挖		wak3
				碗		woŋ35
				碰		pʰʊŋ33
				熔		jʊŋ11
				颳		kʷak3
				您		lei13
				搬		poŋ53
				噹		toɒŋ53
				噸		tɐŋ53
				搞		kau35
				捱		ai11
				捆		kʷʰɐŋ35
				灶		tsoᵘ33
				峰		fʊŋ53
				壟		lʊŋ13
				摔		sɐk5
				槓		koɒŋ33
				輛		loɒŋ31
				騙		pʰiŋ33
				霉		moi11
				錶		piu53
				崑		kʷʰɐŋ53
				群		kʷʰɐŋ11
				怎		tsɐm35
				嗎	助詞	ma53
				嗎	嗎啡	ma13
				齣		tsʰyk5
				嗓		soɒŋ35
				烤		hau53
				塌		tʰap3
				膛		tʰoɒŋ11
				辣		lak2
				匆		tsʰʊŋ53
				睬		tsʰɔi35
				睏		kʷʰɐŋ33
				謊		foɒŋ53
				裡		lei13
				儘	儘管	tsɐŋ35
				儘	儘量	tsɐŋ31
				岔		tsʰa33
				滾		kʷaŋ35
				岩		am11
				喂		wɐi33
				喇	喇嘛	la53
				喇	喇叭	la13
				臟		tsoɒŋ31
				罈		tʰam11
				蛋		taŋ35
				魂		wɐŋ11
				啦		la53
				啊		a53
				啟		kʰɐi35
				蝴		wu11
				鬍		wu11
				懂		tʊŋ35
				鏽		sɐu33
				糰		tʰyŋ11
				傢		ka53
				伙		fɔ35
				湧		jʊŋ35
				燙		tʰoɒŋ33
				哪	哪裡	la13
				哪	天哪	la33
				哪	哪吒	la11
				勾	勾劃	ɐu53
				勾	勾當	ɐu33
				瞧		tsʰiu11
				耍		sa35
				稿		koᵘ35
				另		lɐŋ31
				叼		tiu53
				螞	螞蟻	ma13
				螞	螞蚱	ma31
				螞	螞螂	ma53
				艙		tsʰoɒŋ53
				你		lei13
				佣		jʊŋ35
				樣		joɒŋ31
				僞		ɐi31
				票		pʰiu33
				颱		tʰɔi11
				褲		fu33
				癒		jy31
				倆		loɒŋ13
				倘		tʰoɒŋ35
				們		moŋ11
				濾		loi31
				厘		lei11
				咱		tsa53
				咐		fu33
				瘋		fʊŋ53
				簽		tsʰim53
				嚷		joɒŋ31
				賠		pʰoi11
				窗		tsʰoɒŋ53
				賺		tsaŋ31
				做		tsoᵘ31
				窩		wɔ53
				綁		poɒŋ35
				綑		kʷʰɐŋ35
				殼		huɔk3
				抬		tʰɔi11
				呆		ɔi11
				卡		kʰa53
				吩		fɐŋ53
				吊		tiu33
				晌		hoɒŋ35
				晒		sai33
				壩		pa33
				拿		la11
				秘		pei33
				拆		tsʰak3
				爺		je11
				葡		pʰoᵘ11
				嬸		sɐm35
				垃		lap2
				丟		tiu53
				垮		kʷʰa53
				菠		pɔ53
				潑		pʰʊk3
				裙		kʷʰɐŋ11
				皂		tsoᵘ31
				炸		tsa33
				甦		soᵘ53
				甩		lɐk5
				耗		hoᵘ33
				狠		hɐŋ35
				坏	同「坯」	pʰoi53
				乒		pɐŋ53
				乓		pɐm53
				么		jiu53
				趴		pʰa53
				症		tsɐŋ33
				趕		koŋ35
				找		tsau35
				扯		tsʰe35
				托		tʰuɔk3
				氧		joɒŋ13
				煉		liŋ31
				煮		tsy35
				曬		sai33
				殲		tsʰim53
				閑		haŋ11
				朧		lʊŋ11
				嚨		lʊŋ11
				窿		lʊŋ53
				囪		tsʰʊŋ53
				衷		tsʰʊŋ53
				蚣		kʊŋ53
				鴻		hʊŋ11
				楓		fʊŋ53
				篷		pʰʊŋ11
				馮	馮姓	fʊŋ11
				馮	暴虎馮河	pʰɐŋ11
				朦		mʊŋ11
				檬		mʊŋ53
				仲		tsʊŋ31
				甕		ʊŋ33
				簇		tsʰʊk5
				鑿		tsuɔk2
				軸		tsʊk2
				矗		tsʰʊk5
				淑		sʊk2
				郁		jʊk5
				蝠		fʊk5
				沐		mʊk2
				睦		mʊk2
				穆		mʊk2
				彤		tʰʊŋ11
				膿		lʊŋ11
				綜		tsʊŋ53
				褥		jʊk2
				訟		tsʊŋ31
				茸		jʊŋ11
				洶		hʊŋ53
				匈		hʊŋ53
				蓉		jʊŋ11
				溶		jʊŋ11
				聳		sʊŋ35
				寵		tsʰʊŋ35
				拱		kʊŋ35
				蛹		jʊŋ35
				粟		sʊk5
				蜀		sʊk2
				贖		sʊk2
				旭		jʊk5
				樁		tsoɒŋ53
				幢	幡幢	tsʰoɒŋ11
				幢	量詞	toɒŋ31
				幢	海幢寺	tʰoɒŋ11
				肛		koɒŋ53
				邦		poɒŋ53
				龐		pʰoɒŋ11
				蚌		pʰoɒŋ13
				琢		tuɔk3
				卓		tsʰuɔk3
				嶽		uɔk2
				岳		uɔk2
				漓		lei11
				籬		lei11
				雌		tsʰi53
				窺		kʷʰɐi53
				墮		tɔ31
				卑		pei53
				瀰		mei11
				彌		lei11
				歧		kʰei11
				髓		soi13
				侈		tsʰi35
				弛		tsʰi11
				蕊		joi13
				爾		ji13
				賜		tsʰi33
				吱		tsi53
				譬		pʰei33
				妓		kei31
				畸		kʰei53
				崎	崎嶇	kʰei53
				崎	長崎	kʰei11
				涯		ai11
				萎	枯萎	wɐi35
				糜		mei11
				揣		tsʰyŋ35
				詭		kʷɐi35
				靡		mei13
				靡		mei11
				諮		tsi53
				瓷		tsʰi11
				錐		tsoi53
				屎		si35
				伊		ji53
				胰		ji11
				夷		ji11
				鰭		kʰei11
				履		lei13
				姊		tsi35
				矢		tsʰi35
				痢		lei31
				悴		soi31
				嫉		tsɐk2
				粹		soi31
				祟		sy31
				遂		soi31
				隧		soi31
				摯		tsi33
				嗜		si33
				貳		ji31
				庇		pei33
				屁		pʰei33
				椎	鐵椎	tsʰoi11
				椎	脊椎	tsoi53
				莉		lei31
				薇		mei11
				楣		mei11
				膩		lei31
				墜		tsoi31
				稚		tsi31
				冀		kʰei33
				泌		pei33
				媚		mei31
				伺	窺伺	tsi31
				伺	伺候	si31
				祠		tsʰi11
				痴		tsʰi53
				嗤		tsʰi53
				箕		kei53
				熙		hei53
				嬉		hei53
				鯉		lei13
				趾		tsi35
				恃		tsʰi13
				擬		ji13
				吏		lei31
				餌		ji31
				嘰		kei53
				譏		kei53
				巍		ɐi11
				徽		fɐi53
				菲	芳菲	fei53
				菲	菲薄	fei35
				祈		kʰei11
				葦		wɐi13
				魏		ɐi31
				諱		wɐi13
				蔚		wɐi33
				尉	太尉	wɐi33
				尉	尉遲	wɐk5
				謂		wɐi31
				蝟		wɐi31
				緯		wɐi13
				廬		loᵘ11
				蛆		tsoi53
				沮	沮喪	tsoi35
				沮	沮水。水名	tsoi53
				沮	沮洳	tsoi33
				衙		a11
				輿		jy11
				侶		lɵy13
				呂		lɵy13
				抒		sy53
				貯		tsʰy13
				墅		soi13
				黍		sy35
				炬		koi31
				署		tsʰy13
				曙		sy13
				恕		sy33
				庶		sy33
				豫		jy31
				鍍		toᵘ31
				盧		loᵘ11
				顱		loᵘ11
				酥		soᵘ53
				箍		kʰu53
				沽		ku53
				蜈		ŋ11
				梧		m11
				弧		wu11
				葫		wu11
				菩		pʰoᵘ11
				蒲		pʰoᵘ11
				睹		toᵘ35
				滷		loᵘ13
				賈	商賈	ka35
				賈	賈姓	ka35
				雇		ku33
				滬		wu31
				塢	山塢	wu35
				塢	船塢	oᵘ33
				圃		pʰoᵘ35
				簿		poᵘ31
				莽		moɒŋ13
				浦		pʰoᵘ35
				妒		toᵘ31
				賂		loᵘ31
				措		tsʰoᵘ33
				晤		m31
				哺		poᵘ31
				募		moᵘ31
				娶		tsʰoi35
				雛		tsʰɔ53
				樞		sy53
				儒		jy11
				懦		lɔ31
				嶇		kʰɵy53
				軀		kʰɵy53
				摳		kʰɐu53
				隅		jy11
				吁		hɵy53
				迂		hy53
				芋		ju31
				逾		jy31
				舀		jiu13
				芙		fu11
				蕪		moᵘ11
				巫		moᵘ11
				誣		moᵘ11
				孵		fu53
				敷		fu53
				縷		lɐu13
				拄		tsy35
				脯	肉脯	pʰoᵘ35
				脯	胸脯	pʰoᵘ35
				甫	台甫	pʰoᵘ35
				甫	十八甫	pʰoᵘ35
				鵡		moᵘ13
				蛀		tsy33
				寓		jy31
				喻		jy31
				籲		jy31
				賦		fu33
				汰		tʰai33
				兌		toi31
				奈		lɔi31
				癩		lai33
				丐		kʰɔi33
				磕		hɐp2
				轄		hɐk2
				艾		ai31
				渙		woŋ31
				藹		ɔi35
				沛		pʰoi33
				狽		poi33
				穢		wɐi33
				吠		fɐi31
				蝸		wɔ53
				蟹		hai13
				懈		hai31
				卦		kʷa33
				齋		tsai53
				楷	楷書	hai35
				楷	楷樹	kai53
				淮		wai11
				諧		hai11
				駭		hai11
				誡		kai33
				芥		kai33
				憊		pei31
				湃		pai33
				祭		tsɐi33
				贅		tsoi31
				蛻		tʰoi33
				鈉		lap2
				綴	點綴	tsoi31
				綴	綴足	tsyk3
				滯		tsɐi31
				啼		tʰɐi11
				締		tʰɐi33
				淒		tsʰɐi53
				悽		tsʰɐi53
				臍		tsʰi11
				棲		tsʰɐi53
				犀		sɐi53
				嘶		sɐi53
				閨		kʷɐi53
				稽	無稽之談	kʰɐi53
				稽	稽首	kʰɐi35
				畦		kʷʰɐi11
				涕		tʰɐi33
				契	契約	kʰɐi33
				契	契丹	kʰik3
				契	殷商的始祖	sik3
				胎		tʰɔi53
				苔	青苔	tʰɔi11
				苔	舌苔	tʰɔi53
				萊		lɔi11
				埃		ɔi53
				亥		hɔi31
				敦		tɐŋ53
				頹		tʰoi11
				儡		lɵy13
				崔		tsʰoi53
				傀	傀儡	fai33
				傀	傀偉	kʷɐi53
				魁		foi53
				盔		kʷʰɐi53
				桅		wɐi11
				瑰	玫瑰	kʷɐi33
				瑰	瑰麗	kʷɐi53
				徊		woi11
				偎		woi53
				徘		pʰoi11
				媒		moi11
				枚		moi11
				餒		lɵy13
				蕾		loi13
				啡		fe53
				誨		foi33
				晦		foi33
				潰		kʰoi35
				昧		moi31
				掄		lɐŋ11
				磷		lɐŋ11
				倫		lɐŋ11
				鱗		lɐŋ11
				淪		lɐŋ11
				竣		tsɐŋ33
				秦		tsʰɐŋ11
				馴		sɐŋ11
				諄		tsɐŋ53
				淳		sɐŋ11
				醇		sɐŋ11
				紳		sɐŋ53
				呻		sɐŋ53
				鈞		kʷɐŋ53
				茵		jɐŋ53
				頻		pʰɐŋ11
				繽		pɐŋ53
				疹		tsʰɐŋ35
				蚓		jɐŋ13
				吝		lɐŋ31
				駿		tsɐŋ33
				峻		tsɐŋ33
				殉		sɐŋ53
				盹		tɐŋ31
				瞬		sɐŋ33
				閏		jɐŋ31
				韌		jɐŋ31
				鬢		pɐŋ33
				卒	士卒	tsɐk5
				卒	倉卒	tsʰyk3
				唧		tsɐk5
				柒		tsʰɐk5
				恤		sɐk5
				蟋		sɐk5
				壹		jɐk5
				逸		jɐk2
				溢		jɐk2
				紉		jɐŋ31
				彬		pɐŋ53
				閩		mɐŋ13
				隕		wɐŋ13
				憫		mɐŋ13
				窘		kʷʰɐŋ33
				茁		tsyk3
				窒		tsɐk2
				蟀		sɐk5
				瑟		sɐk5
				蝨		sɐk5
				墩		tɐŋ53
				臀		tʰyŋ11
				坤		kʷʰɐŋ53
				鈍		tɐŋ31
				遜		sɐŋ33
				凸		tɐk2
				窟		fɐk5
				渤		pʊk2
				勃		pʊk2
				殷	殷切	jɐŋ53
				殷	殷紅	jiŋ53
				屹		ɐk2
				迄		ɐk3
				燻		fɐŋ53
				勛		fɐŋ53
				蘊		wɐŋ35
				焚		fɐŋ11
				頒		paŋ53
				氛		fɐn53
				醞		wɐn13
				吻		mɐn13
				忿		fɐn13
				紊		mɐn31
				鬱		wɐk5
				拂		fɐk5
				倔		kʷɐk2
				檀		tʰaŋ11
				巒		lyŋ11
				瀾		laŋ11
				珊		saŋ53
				棺		koŋ53
				翰		hoŋ31
				韓		hoŋ11
				蔓	藤蔓	maŋ31
				蔓	蔓菁	maŋ11
				曼		maŋ31
				潘		pʰoŋ53
				瘓		woŋ31
				袒		tʰaŋ35
				煥		woŋ31
				悍		hoŋ13
				腕		woŋ35
				惋		jyŋ35
				絆		poŋ31
				畔		poŋ31
				幔		maŋ31
				捺		lak2
				撮		tsʰyk3
				薩		sak3
				豁		kʰʊk3
				褐		huk3
				遏		ɐk3
				跋		pat2
				軒		hiŋ53
				喧		hyŋ53
				鴛		jyŋ53
				宛	宛然	jyŋ35
				宛	大宛	jyŋ53
				轅		jyŋ11
				猿		jyŋ11
				袁		jyŋ11
				樊		faŋ11
				堰		jiŋ35
				婉		jyŋ35
				粵		jyk2
				筏		fɐk2
				撰		tsaŋ31
				柵	木柵	tsʰak3
				柵	柵極	saŋ53
				澗		kaŋ33
				帕		pʰak3
				棧		tsaŋ31
				綻		tsaŋ31
				煞		sak3
				楔		sik3
				捌		pak3
				痊		tsʰyŋ11
				氈		tsiŋ53
				蟬		sim11
				蜒		jiŋ11
				翩		pʰiŋ53
				闡		tsiŋ35
				衍		jiŋ35
				緬		miŋ13
				擅		siŋ31
				譴		hiŋ35
				薛		sik3
				拙		tsyk3
				栓		saŋ53
				冕		miŋ13
				碾		tsiŋ35
				眷		kyŋ33
				諺		jiŋ31
				吶		lap2
				轍		tsʰik3
				澈		tsʰik3
				佃	佃作	tʰiŋ11
				佃	佃農	tiŋ31
				濺	濺濺	tsiŋ53
				濺	飛濺	tsiŋ33
				鵑		kyŋ53
				玄		jyŋ11
				淵		jyŋ53
				蝙		pʰiŋ53
				匾		piŋ35
				奠		tiŋ31
				甸		tiŋ31
				澱		tiŋ31
				硯		jiŋ31
				炫		jiŋ11
				訣		kʰyk3
				癟		pik2
				曹		tsʰoᵘ11
				搔		soᵘ53
				騷		soᵘ53
				羔		koᵘ53
				篙		koᵘ53
				熬		oᵘ11
				蒿		hoᵘ53
				褒		poᵘ53
				擣		toᵘ35
				禱		toᵘ35
				潦	流潦	loᵘ13
				潦	潦倒	liu11
				藻		tsoᵘ35
				蚤		tsoᵘ35
				懊		oᵘ33
				糙		tsʰoᵘ33
				噪		tsʰoᵘ33
				澳		oᵘ33
				瀑		pʊk2
				嘲		tsau53
				嘮		loᵘ11
				巢		tsʰau11
				哮		hau53
				餚		au11
				淆		au11
				肴		au11
				苞		pau53
				咆		pʰau11
				酵		hau53
				窖		kau33
				豹		pʰau33
				燎		liu11
				憔		tsʰiu11
				硝		siu53
				昭		tsʰiu53
				蹺		hiu53
				姚		jiu11
				瓢		pʰiu11
				翹	翹首	kʰiu11
				翹	翹起	kʰiu33
				沼		tsiu35
				渺		miu13
				峭		tsʰiu33
				俏		tsʰiu33
				肖		tsʰiu33
				囂		hiu53
				夭		jiu53
				矯		kiu35
				刁		tiu53
				聊		liu11
				撩		liu11
				嘹		liu11
				瞭	瞭望	liu11
				瞭	明瞭	liu13
				繚		liu11
				寥		liu11
				蕭		siu53
				簫		siu53
				僥	僬僥，短人，西南夷別名	jiu11
				僥	僥倖	hiu53
				嘯		siu33
				竅		kʰiu33
				馱		tʰɔ11
				囉	囉嗦	lɔ53
				囉	嘍囉	lɔ11
				搓		tsʰɔ53
				梭		sɔ53
				渦	漩渦	wɔ53
				渦	渦河	kʷɔ53
				戈		kʷɔ53
				蝌		fɔ53
				訛		ɔ11
				俄		ɔ11
				呵		hɔ53
				靴		hœ53
				苛		hɔ53
				頗		pʰɔ35
				枷		ka53
				橢		tʰɔ13
				舵		tʰɔ11
				娜	婀娜	lɔ13
				娜	安娜	la11
				裸		lɔ35
				瑣		sɔ35
				坷		hɔ35
				跛		pʰɔ35
				跛	白讀	pɐi53
				跛	站立時重心偏於某一足上	pei33
				簸		pɔ33
				唾		tʰɔ33
				邏		lɔ11
				挫		tsʰɔ33
				縛		puɔk3
				砂		sa53
				奢		tsʰe53
				樺		wa11
				窪		wa53
				椰		je11
				笆		pa53
				芭		pa53
				蟆		ma11
				寡		kʷa35
				詐		tsa33
				乍		tsa33
				蔗		tse33
				赦		se33
				訝		a31
				唬		fu35
				暇		ha31
				靶		pa35
				鐺	鐺鐺	toɒŋ53
				鐺	瓦鐺	tsʰaŋ53
				棠		tʰoɒŋ11
				琅		loɒŋ11
				榔		loɒŋ11
				贓		tsoɒŋ53
				滄		tsʰoɒŋ53
				恍		foɒŋ35
				杭		hoɒŋ11
				凰		woɒŋ11
				惶		woɒŋ11
				吭	引吭高歌	hoɒŋ11
				吭	吭聲	hoɒŋ53
				螃		pʰoɒŋ11
				磅	磅礴	pʰoɒŋ11
				磅	重量單位	poɒŋ31
				慷		kʰoɒŋ35
				骯		oɒŋ53
				拓	開拓	tʰuɔk3
				拓	拓本	tʰap3
				踱		tuɔk2
				諾		luɔk2
				酪	乳酪	luɔk3
				酪	杏仁酪	loᵘ31
				洛		luɔk3
				烙		luɔk3
				郭		kʷuɔk3
				廓		kʷʰuɔk3
				噩		uɔk2
				愕		uɔk2
				霍		fuɔk3
				鶴		huɔk2
				寞		muɔk2
				蔣		tsoɒŋ35
				湘		soɒŋ53
				廂		soɒŋ53
				翔		tsʰoɒŋ11
				妝		tsoɒŋ53
				樟		tsoɒŋ53
				彰		tsoɒŋ53
				猖		tsʰoɒŋ53
				攘	攘除	joɒŋ11
				攘	擾攘	joɒŋ13
				鑲		soɒŋ53
				韁		koɒŋ53
				眶		kʷʰoɒŋ53
				鴦		joɒŋ53
				肪		foɒŋ53
				杖		tsoɒŋ31
				逛		kʷaŋ31
				枉		woɒŋ35
				漾		joɒŋ31
				爵		tsuɔk3
				酌		tsuɔk3
				灼		tsuɔk3
				綽		tsʰuɔk3
				爍		suɔk3
				溺	溺死	lɐk2
				溺	便溺	liu31
				瘧		juɔk2
				虐		juɔk2
				獰		lɐŋ11
				澄		tsʰɐŋ11
				笙		sɐŋ53
				猩		sɐŋ53
				甥		saŋ53
				羹		kɐŋ53
				埂		kɐŋ35
				荊		kɐŋ53
				卿		hɐŋ53
				瑩		jɐŋ11
				澎		pʰaŋ11
				彭		pʰaŋ11
				坪		pʰɐŋ11
				擎		kʰɐŋ11
				鯨		kʰɐŋ11
				檸		lɐŋ11
				梗		kɐŋ35
				秉		pɐŋ35
				皿		mɐŋ13
				赫		hak5
				陌		mɐk2
				瞪		tɐŋ53
				橙		tsʰaŋ35
				猙		tsɐŋ53
				鶯		ɐŋ53
				鸚		jɐŋ53
				繃	繃帶	pɐŋ53
				繃	繃著臉	mɐŋ35
				砰		pʰɐŋ53
				耿		kɐŋ35
				怔		tsɐŋ53
				嬰		jɐŋ53
				屏	屏幕	pʰɐŋ11
				屏	屏除	pɐŋ35
				瓊		kʰɐŋ11
				阱		tsɐŋ31
				靖		tsɐŋ31
				穎		wɐŋ31
				聘		pʰɐŋ33
				昔		sɐk5
				碩		siɛk2
				奕		jɐk2
				腋		jɐk2
				繹		jɐk2
				璧		pɐk5
				逞		tsʰɐŋ35
				擲		tsak2
				廷		tʰɐŋ11
				蛉		lɐŋ11
				玲		lɐŋ11
				螢		jɐŋ11
				銘		mɐŋ11
				螟		mɐŋ11
				鼎		tɐŋ35
				濘		lɐŋ31
				剔		tʰɐk5
				滌		tɐk2
				瀝	瀝乾	lɐk2
				瀝	大瀝，地名	liɛk2
				靂		lɐk5
				礫		lɐk5
				寂		tsɐk2
				覓		mɐk2
				霹		pʰɐk5
				藤		tʰɐŋ11
				楞	楞角	lɐŋ11
				楞	發楞	lɐŋ31
				稜		lɐŋ11
				憎		tsɐŋ53
				僧		tsɐŋ53
				崩		pɐŋ53
				鵬		pʰaŋ11
				蹬		tɐŋ31
				鄧		tɐŋ31
				肋		lɐk2
				凌		lɐŋ11
				菱		lɐŋ11
				兢		kɐŋ53
				拯		tsʰɐŋ35
				匿		lɐk5
				拭		sɐk5
				棘		kɐk5
				抑		jɐk5
				瘤		lɐu11
				硫		lɐu11
				囚		tsʰɐu11
				疇		tsʰɐu11
				鳩		kɐu53
				蚯		jɐu53
				鈕		lɐu35
				肘		tsau35
				灸		kɐu33
				韭		kɐu35
				玖		kɐu35
				臼		kʰɐu13
				漱		sɐu33
				疚		kɐu33
				佑		jɐu31
				輻		fʊk5
				兜		tɐu53
				簍		lɐu13
				侯		hɐu11
				嘔	嘔啞	ɐu53
				嘔	嘔吐	ɐu35
				嘔	嘔氣	ɐu33
				鷗		ɐu53
				蚪		tɐu35
				垢		kɐu33
				苟		kɐu35
				藕		ɐu13
				牡		mau13
				拇		mɐu13
				陋		lɐu31
				姆		mɐu13
				幽		jɐu53
				彪		piu53
				謬		mɐu31
				琳		lɐm11
				斟		tsɐm53
				忱		sɐm11
				淫		jɐm11
				寢		tsʰɐm35
				輯		tsʰɐp5
				揖		jɐp5
				襟		kʰɐm53
				欽		jɐm53
				吟		jɐm11
				擒		kʰɐm11
				凜		lɐm13
				稟		pɐŋ35
				澀		kip3
				澀		sap3
				泣		jɐp5
				邑		jɐp5
				柑		kɐm53
				憨		hɐm53
				酣		hɐm11
				攬		lam13
				欖		lam35
				橄		kɐm35
				蹋		tap2
				怯		hip3
				嵌		hɐm31
				匣		hap2
				攙		tsʰam53
				杉		tsʰam33
				摻		tsʰam53
				蘸		tsam33
				掐		hap3
				凹		lɐp5
				鹼		kaŋ35
				瞻		tsim53
				閻		jim11
				斂		lim13
				醃		jip3
				奄	奄奄一息	jim53
				奄	奄有	jim35
				貶		piŋ35
				俺		jim33
				聶		lip2
				霎		sap3
				恬		tʰim11
				玷		tim33
				頰		kap3
				莢		kap3
				挾		hip3
				俠		hap2
				譚		tʰam11
				潭		tʰam11
				函		ham11
				涵		ham11
				庵		ɐm53
				纜		lam31
				坎		hɐm35
				撼		hɐm31
				勘		hɐm33
				憾		hɐm31
				蛤	圓蛤	kɐp3
				蛤	蛤蟆	ha11
				歹		tai35
				踴		jʊŋ35
				鴕		tʰɔ11
				糯		lɔ31
				焙		poi31
				砸		tsap3
				剎		sak3
				磺		woɒŋ11
				罕		hoŋ35
				耙		pʰa11
				瑪		ma13
				籽		tsi35
				啤		pe53
				揍		tsɐu33
				淌		tʰoɒŋ35
				嚎		hoᵘ11
				擂		loi11
				刨		pʰau11
				胚		pʰoi53
				碟		tip2
				碘		tiŋ35
				碳		tʰaŋ33
				琉		lɐu11
				榕		jʊŋ11
				搗		toᵘ35
				跺		tɔ35
				褂		kʷa33
				舔		tʰim35
				舔		lim35
				鞍		oŋ53
				癱		tʰaŋ53
				摹		moᵘ11
				嘀		tɐk2
				腺		siŋ33
				筷		fai33
				惦		tim33
				瀕		pʰɐŋ11
				鋁		lɵy13
				崙		lɐŋ11
				嗡		jʊŋ53
				嗦		sɔ53
				嗆	食急氣逆	tsʰoɒŋ53
				嗆	嗆鼻	tsʰoɒŋ33
				嗅		tsʰɐu33
				鱷		uɔk2
				溯		soᵘ33
				烹		pʰaŋ53
				喲		jɔ53
				喳		tsa53
				僱		ku33
				啃		hɐŋ35
				屜		tʰɐi33
				櫥		tsʰy11
				哼	哼歌	hɐŋ53
				哼	感歎詞	hŋ53
				哩	英哩	lei13
				哩	哩嚕	li53
				瞄		miu11
				叭		pa53
				茉		mʊk2
				嘿	嘿嘿	hei53
				嘿	通「默」	mɐk2
				癌		am11
				蠕		jy11
				咪		mei53
				咕		ku53
				咖		ka33
				咒		tsɐu33
				癮		jɐŋ13
				腮		sɔi53
				媳		sɐk5
				賬		tsoɒŋ33
				俐		lei31
				玫		moi11
				鍘		tsap2
				埠	商埠，外埠	fɐu31
				埠	船埠，埠頭	fɐu31
				礁		tsiu53
				錨		mau11
				婿		sɐi33
				袱		fʊk2
				漩		syŋ11
				吆		jiu53
				晰		sɐk5
				晾		loɒŋ31
				拷		hau53
				錳		maŋ13
				哎		ai53
				菇		ku53
				戳		tsʰuɔk3
				蒂		tɐi33
				痘		tɐu31
				硼		pʰaŋ11
				扼		ɐk5
				蚜		a11
				氯		lʊk2
				氫		hɐŋ53
				賒		se53
				荔		lɐi31
				痹		pei33
				藐		miu13
				剿		tsiu35
				諜		tip2
				柬		kaŋ35
				娩		miŋ13
				膳		siŋ31
				瘟		wɐŋ53
				勳		fɐŋ53
				謗		poɒŋ33
				鯽		tsɐk5
				嫡		tɐk5
				錠		tɐŋ31
				捅		tʰʊŋ35
				瞳		tʰʊŋ11
				牘		tʊk2
				冗		jʊŋ13
				俑		jʊŋ35
				僮	書僮	tʰʊŋ11
				僮	僮族	tsoɒŋ31
				瓏		lʊŋ11
				嵩		sʊŋ53
				忡		tsʰʊŋ53
				螽		tsʊŋ53
				穹		kʰʊŋ11
				訌		hʊŋ11
				蓊		jʊŋ35
				梵		faŋ11
				俸		fʊŋ35
				懵		mʊŋ35
				粽		tsʊŋ35
				銃		tsʰʊŋ33
				竺		tsʊk5
				犢		tʊk2
				瀆		tʊk2
				麓		lʊk5
				漉		lʊk5
				祿		lʊk2
				蹙		tsʰʊk5
				蹴		tsʰʊk5
				夙		sʊk5
				塾		sʊk2
				孰		sʊk2
				倏		sʊk5
				掬		kʊk5
				斛		hʊk2
				鬻		jʊk2
				蹼		pʊk2
				匐		fʊk2
				馥		fʊk5
				淙		tsʊŋ53
				鬃		tsʊŋ53
				篤		tʊk5
				忪	怔忪	tsʊŋ53
				忪	惺忪	sʊŋ53
				憧		tsʰʊŋ53
				舂		tsʊŋ53
				雍		jʊŋ53
				鎔		jʊŋ11
				烽		fʊŋ53
				隴		lʊŋ13
				悚		sʊŋ35
				慫		sʊŋ35
				冢		tsʰʊŋ35
				塚		tsʰʊŋ35
				踵		tsʊŋ35
				恿		jʊŋ35
				矚		tsʊk5
				鐲		tsʊk5
				擢		tsuɔk2
				朔		suɔk3
				渥		ak5
				喔	喔喔叫	ɐk5
				喔	嘆詞	ɔ53
				璞		pʰuɔk3
				罹		lei11
				鸝		lei11
				驪		lei11
				疵		tsʰi53
				廝		si53
				隋		tsʰoi11
				獼		mei11
				祇	神祇	kʰei11
				祇	同「只有」的「只」	tsi35
				邐		lɐi13
				徙		sai35
				咫		tsi35
				枳		tsi35
				舐		sai35
				邇		ji13
				婢		pʰei13
				漬		tsi33
				惴		tsoi33
				縊		ɐi33
				羲		hei53
				曦		hei53
				犄		jei35
				逶		wɐi35
				漪		ji53
				琦		kʰei11
				綺		ji35
				茨		tsʰi11
				咦		ji35
				黝		jɐu35
				惟		wɐi11
				寅		jɐŋ11
				琵		pʰei11
				枇		pʰei11
				耒		lɔi31
				癸		kʷɐi33
				妣		pei35
				揆		kʷʰɐi11
				恣	恣意	tsi33
				恣	恣睢	tsi53
				萃		soi31
				邃		soi31
				駟		si33
				彗		wɐi31
				寐		mei31
				悸		kʷɐi33
				胝		tsi53
				槌		tsʰoi11
				帷		wɐi11
				邳		pʰei11
				麋		mei11
				逵		kʷʰɐi11
				圮		kei35
				喟		wɐi35
				懿		ji33
				魅		mei31
				饋		kʷɐi31
				暨		kʰei33
				匱		kʷɐi31
				孜		tsi53
				熹		hei53
				嘻		hei53
				禧		hei53
				姬		kei53
				怡		ji11
				貽		ji11
				頤		ji11
				淇		kʰei11
				琪		kʰei11
				梓		tsi35
				巳		tsi31
				祀		tsi31
				峙		tsi31
				仕		si31
				杞		kei35
				矣		ji13
				嗣		tsi31
				熾		tsʰi33
				亟	亟請	kʰei33
				亟	亟需	kɐk5
				磯		kei53
				暉		fɐi53
				韋		wɐi11
				扉		fei53
				妃		fei53
				卉		wɐi35
				瑋		wɐi13
				煒		wɐi13
				娓		mei13
				悱		fei35
				斐		fei35
				愾		hɔi33
				熨	熨斗。訓讀「燙」	tʰoɒŋ33
				熨	熨貼	wɐk5
				渭		wɐi31
				芾	蔽芾	fɐi33
				芾	芾芾	fɐk5
				翡		fei35
				櫚		lɵy11
				躇		tsʰy11
				紓		sy53
				茹		jy11
				墟		hɵy53
				噓	噓寒問暖	hɵy53
				噓	語氣詞	sy11
				蜍		tsʰoi11
				咀		tsoi35
				佇		tsʰy13
				俎		tsɔ35
				杵		tsʰy13
				汝		jy13
				莒		kɵy35
				櫸		kɵy35
				踞		kɵy33
				馭		jy31
				遽		kɵy31
				荼	如火如荼	tʰoᵘ11
				荼	神荼	sy53
				菟		tʰoᵘ33
				穌		soᵘ53
				呱	頂呱呱	kʷa53
				呱	呱呱墜地	kʷa53
				吾		m11
				瑚		wu11
				瓠		wu31
				匍		pʰoᵘ11
				弩		loᵘ13
				擄		loᵘ13
				櫓		loᵘ13
				詁		ku35
				琥		fu35
				滸		wu35
				扈		wu31
				鷺		loᵘ31
				厝		tsʰoᵘ33
				鯝		ku33
				錮		ku33
				鏤		lɐu31
				侏		tsy53
				嚅		jy11
				虞		jy11
				盂		jy11
				瑜		jy11
				諛		jy11
				渝		jy11
				苻		fu11
				毋		moᵘ11
				瞿	瞿塘峽	kʰɵy11
				瞿	瞿然一驚	kɵy33
				煦		hy35
				噢		jy35
				栩		hɵy35
				禹		jy13
				孺		jy11
				嫗		jy35
				諭		jy31
				駙		fu31
				婺		moᵘ31
				籟		lai31
				蔡		tsʰɔi33
				膾		kʰoi35
				檜		kʰoi35
				喙		foi33
				媧		wɔ53
				哇		wa53
				邂		hai13
				偕		kai53
				骸		hai11
				霾		mai11
				尬		kai33
				劾		hɐk2
				蠣		lɐi31
				掣		tsɐi33
				噬		sɐi31
				曳		jɐi31
				裔		joi31
				敝		pɐi31
				輟		tsyk3
				啜		tsyk3
				鱖		kʷɐi33
				憩		hei33
				柢		tɐi35
				萋		tsʰɐi53
				圭		kʷɐi53
				鮭		kʷɐi53
				睽		kʷʰɐi11
				霓		ɐi11
				倪		ɐi11
				奚		hɐi11
				兮		hɐi11
				邸		tɐi35
				陛		pɐi31
				嚏		tʰɐi33
				諦		tɐi33
				戾		loi31
				髻		kɐi33
				羿		ɐi31
				蕙		wɐi31
				媲		pʰei33
				哉		tsɔi53
				鰓		sɔi53
				賅		kɔi53
				皚		ɔi11
				殆		tʰɔi13
				迺		lai13
				貸		tʰai33
				岱		tɔi31
				黛		tɔi31
				睞		lɔi31
				鐳		loi11
				蓑		sɔ53
				嵬		ɐi11
				洄		woi11
				莓		moi11
				璀		tsʰoi53
				蓓		pʰoi13
				淬		soi31
				悖		poi33
				麟		lɐŋ11
				綸	垂綸	lɐŋ11
				綸	綸巾	kʷaŋ53
				甄		jɐŋ53
				宸		sɐŋ11
				鶉	鶉衣	sɐŋ11
				鶉	鵪鶉，鵪鶉蛋	tsʰyŋ53
				檳		pɐŋ53
				賑		tsɐŋ33
				尹		wɐŋ13
				臏		pɐŋ33
				藺		lɐŋ31
				遴		lɐŋ11
				舜		sɐŋ33
				仞		jɐŋ31
				窸		sɐk5
				戌		sɐk5
				拮		kik3
				佚		jɐk2
				鷸		wɐk2
				謐		mɐk2
				垠		ɐŋ11
				岷		mɐŋ11
				瑾		kɐŋ35
				怵		tsɐk5
				姪		tsɐk2
				櫛		tsik3
				燉		tɐŋ31
				豚		tʰyŋ11
				沌		tɐŋ31
				遁		tɐŋ31
				忖		tsʰyŋ35
				鱒		tsyŋ53
				畚		poŋ35
				咄		tsʰyk3
				窣		sɐk5
				兀		ɐk2
				惚		fɐk5
				齦		ɐŋ11
				薰		fɐŋ53
				醺		fɐŋ53
				芸		wɐŋ11
				耘		wɐŋ11
				刎		mɐŋ13
				拚		pʰoŋ33
				郡		kʷɐŋ31
				弗		fɐk5
				崛		kʷɐk2
				湍		tʰɐŋ53
				闌		laŋ11
				跚		saŋ53
				姍		saŋ53
				倌		koŋ53
				鼾		hoŋ11
				桓		woŋ11
				蹣		moŋ11
				鰻		maŋ31
				侃		hoŋ35
				浣		woŋ35
				憚		taŋ31
				璨		tsʰaŋ33
				鸛		koŋ33
				奐		woŋ31
				瀚		hoŋ31
				晏		aŋ33
				獺		tsʰak3
				聒		kʰʊk3
				阮		jyŋ35
				暄		hyŋ53
				焉	焉知非福	jiŋ53
				焉	心不在焉	jiŋ11
				蜿		jyŋ35
				垣		woŋ11
				藩		faŋ11
				蟠		pʰoŋ11
				蕃	蕃盛	faŋ11
				蕃		faŋ11
				苑		jyŋ35
				鼴		jiŋ35
				阪		paŋ35
				撅		kʰyk3
				蕨		kʰyk3
				闕		kʰyk3
				曰		jyk2
				訕		saŋ33
				寰		waŋ11
				鬟		waŋ11
				諫		kaŋ33
				斕		laŋ11
				潺		saŋ11
				湲		woŋ11
				札		tsak3
				嘎		kak3
				頡		kʰik3
				黠		kik3
				漣		liŋ11
				詮		tsʰyŋ11
				銓		tsʰyŋ11
				禪	禪師	sim11
				禪	禪讓	siŋ31
				煽		siŋ33
				娟		kyŋ53
				筵		jiŋ11
				鳶		jyŋ53
				翦		tsiŋ35
				雋		tsɐŋ33
				雋		syŋ13
				餞		tsiŋ33
				蘚		siŋ35
				舛		tsʰyŋ35
				渲		syŋ33
				繕		siŋ31
				冽		lik2
				騫		hiŋ53
				嫣		jiŋ53
				虔		kʰiŋ11
				蜷		kʰyŋ11
				輾	輾轉	tsiŋ35
				輾	輾穀	liŋ13
				彥		jiŋ31
				汴		piŋ31
				癲		tiŋ53
				巔		tiŋ53
				闐		tʰiŋ11
				箋		tsiŋ53
				阡		tsʰiŋ53
				涓		kyŋ53
				妍		jiŋ11
				眩		jyŋ31
				胼		pʰiŋ11
				腆		tʰiŋ35
				靦	靦顏事仇	miŋ35
				靦	靦腆	miŋ35
				倩		siŋ31
				絢		hyŋ33
				迭		tik2
				癤		tsik3
				沏		tsʰɐi33
				桔	桔梗	kɐk5
				桔	桔柣	kʰik3
				鍥		kʰik3
				抉		kʰyk3
				噎		jik3
				篾		mik2
				瞥		pʰik3
				絛		tʰoᵘ53
				啕		tʰoᵘ11
				嘈		tsʰoᵘ11
				咎		kɐu33
				翱		oᵘ11
				遨		oᵘ31
				敖		oᵘ11
				螯		oᵘ11
				髦		moᵘ11
				葆		poᵘ35
				褓		poᵘ35
				曝		pʊk2
				啁		tsɐu53
				蛟		kau53
				跤		kau53
				鮑	鮑魚	pau53
				鮑	鮑魚之肆	pau31
				卯		mau13
				濯		tsuɔk2
				縐		tsɐu33
				皰		pʰau33
				樵		tsʰiu11
				逍		siu53
				霄		siu53
				韶		siu11
				瑤		jiu11
				飆		piu53
				瞟		pʰiu13
				劭		siu31
				邵		siu31
				曜		jiu31
				晁		tsʰiu11
				鑣		piu53
				凋		tiu53
				貂		tiu53
				迢		siu11
				廖		liu31
				寮		liu11
				驍		hiu53
				堯		jiu11
				窕		tʰiu13
				皎		kau35
				杳		miu13
				窈		jiu35
				眺		tʰiu33
				跎		tʰɔ11
				陀		tʰɔ11
				佗		tʰɔ11
				沱		tʰɔ11
				蹉		tsʰɔ53
				磋		tsʰɔ53
				娑		sɔ53
				莎	莎草	sɔ53
				莎	莎士比亞	sa53
				柯		ɔ53
				戕		tsʰoɒŋ11
				迦		ka53
				軻		ɔ53
				稞		fɔ53
				峨		ɔ11
				哦	吟哦	ɔ11
				娥		ɔ11
				伽	伽藍	kʰe11
				伽	瑜伽	ka53
				粿		kʷɔ35
				佐		tsɔ33
				槎		tsʰa11
				鯊		sa53
				遐		ha11
				瑕		ha11
				椏		a53
				丫		a53
				耶		je11
				杷		pʰa11
				琶		pʰa11
				奼		tsʰa33
				踝		wa13
				藉		tsɐk2
				榭		tse31
				吒	哪吒	tsa53
				吒	叱吒	tsʰak5
				詫		tsʰa33
				炙		tsiɛk3
				螳		tʰoɒŋ11
				亢	喉嚨	kʰoɒŋ53
				亢	高亢	kʰoɒŋ33
				胱		kʷoɒŋ53
				徨		woɒŋ11
				簧		woɒŋ11
				潢		woɒŋ11
				彷	仿佛	foɒŋ35
				彷	彷徨	pʰoɒŋ11
				滂		pʰoɒŋ11
				奘		tsoɒŋ31
				盎		oɒŋ33
				蟒		moɒŋ13
				宕		toɒŋ31
				徬		pʰoɒŋ11
				顎		uɔk2
				壑		kʰuɔk3
				郝		kʰuɔk3
				涸		kʰuɔk3
				堊		uɔk3
				箔		puɔk2
				礴		puɔk2
				粕		pʰuɔk3
				鏘		tsʰoɒŋ53
				薔		tsʰoɒŋ11
				襄		soɒŋ53
				璋		tsoɒŋ53
				漳		tsoɒŋ53
				菖		tsʰoɒŋ53
				徜		soɒŋ11
				羌		koɒŋ53
				徉		joɒŋ11
				瘍		joɒŋ11
				愴		tsʰoɒŋ33
				襁		kʰoɒŋ13
				獷		kʷoɒŋ35
				饗		hoɒŋ35
				惘		moɒŋ13
				悵		tsʰoɒŋ33
				箬		juɔk2
				謔		juɔk2
				瞠		tʰoɒŋ11
				崢		tsɐŋ53
				庚		kɐŋ53
				亨		hɐŋ53
				瑛		jɐŋ53
				嶸		wɐŋ11
				哽		kɐŋ35
				憬		kɐŋ35
				炳		pɐŋ35
				蜢		maŋ13
				嘖		tsak3
				蚱		tsak3
				骼		kak3
				喀		hak3
				帛		pak2
				驀		mɐk2
				佰		pak3
				珀		pʰak3
				鏗		hɐŋ53
				閎		wɐŋ11
				罌		aŋ53
				諍		tsɐŋ33
				迸		pɐŋ33
				厄		ak5
				菁		tsɐŋ53
				縈		jɐŋ11
				潁		wɐŋ31
				摒		pʰɐŋ11
				瘠		tsiɛk3
				汐		tsɐk2
				驛		jɐk2
				睪	伺視	jɐk2
				睪	睪丸	koᵘ53
				蜴		jɐk2
				楨		tsɐŋ53
				禎		tsɐŋ53
				騁		tsʰɐŋ35
				仃		tɐŋ53
				汀		tʰɐŋ53
				町	町畦	tɐŋ35
				町	畹町，地名	tɐŋ53
				霆		tʰɐŋ11
				嚀		lɐŋ11
				聆		lɐŋ11
				羚		lɐŋ11
				拎		lɐŋ53
				惺		sɐŋ53
				涇		kɐŋ53
				馨		hɐŋ53
				冥		mɐŋ11
				迥		kʷɐŋ35
				炯		kʷɐŋ35
				逕		kɐŋ33
				罄		hɐŋ33
				迪		tɐk2
				荻		tɐk2
				狄		tɐk2
				淅		sɐk5
				蜥		sɐk5
				弘		wɐŋ11
				亙		kɐŋ35
				丞		sɐŋ11
				敕		tsʰɐk5
				惻		tsʰɐk5
				嗇		sɐk5
				軾		sɐk5
				翌		jɐk2
				瀏		lɐu11
				啾		tsɐu53
				鰍		tsʰɐu53
				惆		tsʰɐu11
				躊		tsʰɐu11
				鄒		tsɐu53
				颼		sɐu53
				邱		jɐu53
				咻	一傅眾咻	jɐu53
				咻	噢咻	hɵy35
				疣		jɐu11
				攸		jɐu11
				繆	繆論	mɐu31
				繆	未雨綢繆	mɐu11
				牟		mɐu11
				紂		tsɐu31
				酉		jɐu13
				鷲		tsɐu31
				冑		tsɐu31
				狩		sɐu33
				祐		jɐu31
				柚		jɐu31
				嘍		lɐu11
				髏		lɐu11
				篝		kʰɐu53
				枸		kɐu35
				謳		ɐu53
				擻	抖擻	sɐu35
				擻	擻火	sɐu33
				叟		sɐu35
				叩		kʰɐu33
				竇		tɐu31
				蔻		kʰɐu33
				逅		hɐu31
				戊		mɐu31
				赳		kɐu35
				霖		lɐm11
				壬		jɐm11
				飪		jɐm31
				稔		lɐm13
				沁		sɐm33
				笠		lɐp5
				緝		tsʰɐp5
				褶	皺褶	tsip3
				褶	夾衣	tip2
				廿		ja31
				湛		tsam33
				涔		sɐm11
				朕		tsɐm31
				蔭		jɐm33
				蟄		tsɐk2
				汲		kʰɐp5
				岌		kʰɐp5
				澹		tam31
				瞰		hɐm33
				榻		tʰap3
				砝		fak3
				嗑		hɐp3
				闔		hɐp2
				儼		jim13
				檻	牛檻	lam31
				檻	門檻	tsʰam13
				喃		lam11
				緘		kam53
				黯		ɐm35
				詹		tsim53
				蟾		sim11
				冉		jim13
				殮		lim13
				塹		tsʰim33
				睫		tsik2
				妾		tsʰip3
				懾		sip3
				囁		tsip3
				靨		jip3
				黏		lim53
				諂		tsʰim35
				瞼		kim35
				躡		lip2
				輒		tsip3
				拈	拈花惹草	lim53
				拈	拈線	lim35
				喋		tip2
				浹		tsip3
				愜		hip3
				眈		tam53
				楠		lam11
				嵐		lam11
				婪		lam11
				龕		hɐm53
				諳		ɐm53
				沓		tap2
				卅		sa53
				圇		lɐŋ11
				圳		tsɐŋ33
				踮		tim35
				螂		loɒŋ11
				妞		lɐu35
				妮		lei11
				粑		pa53
				桕		kʰɐu13
				囫		fɐk5
				囡		lam11
				骷		fu53
				瑙		loᵘ13
				釉		jɐu31
				擤		sɐŋ33
				嚕		loᵘ53
				嗖		sɐu53
				缽		pʊk3
				搧		siŋ33
				肇		siu31
				嘟		toᵘ53
				嘛	喇嘛	ma11
				瀟		siu53
				簑		sɔ53
				嗨		hɔi53
				嗯		ŋ35
				嗶		pɐk5
				獗		kʰyk3
				峪		jʊk2
				烯		hei53
				烷		jyŋ35
				迤	斜行延伸	ji13
				迤	逶迤	ji11
				魷		jɐu11
				矽		tsɐk2
				鈾		jɐu11
				孢		pau53
				忑		tʰɐk5
				忐		tʰan35
				唷		jɔ53
				唔		m11
				尷		kam33
				愣		lɐŋ31
				哞		mɐu11
				瞌		hɐp5
				靛		tiŋ31
				覷		hɵy33
				茲	在茲	tsi53
				茲	龜茲，國名	tsʰi11
				燜		moŋ31
				嫦		soɒŋ11
				嫻		haŋ11
				橛	木橛子	kʰyk3
				橛	兩橛	kyk2
				咯	助詞	lɔ53
				咯	咯咯笑	kuɔk3
				咯	咯血	hak3
				咩		me53
				咚		tʊŋ53
				埕		tsʰɐŋ11
				埔		poᵘ33
				埡		a33
				啪		pʰak5
				呃		ak5
				婷		tʰɐŋ11
				鷥		si53
				吔		ja53
				蟑		tsoɒŋ53
				毽		kiŋ33
				鵪		ɐm53
				皓		hoᵘ31
				褪	褪色	tʰoi33
				褪	褪落來	tʰɐŋ33
				煲		poᵘ53
				佘		se11
				糍		tsʰi11
				痣		tsi33
				蜇		tsik3
				泯		mɐŋ13
				娠	妊娠	sɐŋ53
				猝		tsʰyk3
				匡		hoɒŋ53
				屐		kʰiɛk2
				戎		jʊŋ11
				甬		jʊŋ35
				鶇		tʊŋ53
				仝		tʰʊŋ11
				昱		jʊk5
				樅		tsʊŋ53
				浞		tsuɔk2
				蠵		kʷʰɐi11
				晷		kʷɐi35
				餽		kʷɐi31
				飴		ji11
				耜		tsi31
				姒		tsʰi13
				祉		tsi35
				藷	藷蕷	sy11
				藷	藷蔗	tsy53
				杼		tsʰy13
				寤		m31
				茱		tsy53
				萸		jy11
				谿		kʰɐi53
				牴		tɐi35
				豊		lɐi13
				捩	琵琶撥法	lɐi31
				捩	捩手	lik2
				欸		ai35
				欸		ei33
				搥		tsʰoi11
				珮		pʰoi33
				肫		tsɐŋ53
				瞋		tsʰɐŋ53
				暱		lɐk5
				飧		syŋ53
				壼		kʷʰɐŋ35
				槿		kɐŋ35
				殫		taŋ53
				粄		paŋ35
				揠		ak3
				嬛	便嬛	hyŋ53
				嬛	美好	kʰɐŋ11
				嬛	嫏嬛	waŋ11
				仟		tsʰiŋ53
				燠		jʊk5
				蟯		jiu11
				眇		miu13
				儸		lɔ11
				蚵		hɔ11
				枒		a11
				痲		ma11
				瑯		loɒŋ11
				蜋		loɒŋ11
				庠		tsʰoɒŋ11
				烊		joɒŋ11
				鎗		tsʰoɒŋ53
				鎗		tsʰaŋ53
				艋		maŋ13
				坼		tsʰak3
				毬		kʰɐu11
				糗		tsʰɐu33
				琇		sɐu33
				荳		tɐu31
				搆		kɐu33
				撢	雞毛撢子	taŋ31
				霪		jɐm11
				葚		sɐm31
				瘖		jɐm53
				苙		lɐp5
				簷		sim11
				燄		jim31
				拑		kʰim11
				芡		him33
				弇		jim35
				糬		sy11
				妳		lei13
				砲		pʰau33
				饈		sɐu53
				觔		kɐŋ53
				摀		wu35
				籐		tʰɐŋ11
				崁		hɐm33
				峇		pa53
				舺		kap3
				塭		wɐŋ53
				篛		juɔk2
				銲		hoŋ31
				蹧		tsoᵘ53
				嬤		ma53
				茼		tʰʊŋ11
				祂		tʰa53
				蠔		hoᵘ11
				喵		miu53
				緡		mɐŋ11
				牠		tʰa53
				瞇		mei11
				菫		kɐŋ35
				痺		pei33
				硓		loᵘ13
				豉		si31
				潲		sau33
