星宿	ɕin1 ɕiɵu2	星星
星星屙屎	ɕin1 ɕin1 o1 sɿ3	流星
扫把星	sɐɤ5 pa3 ɕin1	流星
天上七姊妹	tʰiɛ̃1 saŋ5 tɕʰi2 tɕi5 mei3	北斗七星
细风	ɕi5 foŋ1	微风
当风	taŋ1 foŋ1	在风口上
扯霍闪	tsʰe3 xo2 sæ̃3	闪电
麻风细雨	ma2 fən1 ɕi5 y3	
偏东雨	pʰiɛ̃1 toŋ1 y3	雷阵雨
虹	kaŋ5
凌吊吊	lin5 tiɐɤ5 tiɐɤ5	随水流结成的冰
凌钩子	lin5 kɵu1 tsɿ5	挂在屋檐下的冰
落凌了	lo2 lin5 la1	结冰
桐油光光	tʰoŋ2 yɵu2 kuaŋ5 kuaŋ5	路上结冰
雪米子	ɕy2 mi3 tsɿ3	米粒状的雪或冰雹
□头霜	pæ̃2 tɵu3 suaŋ1	
起明霜	tɕʰi3 min2 suaŋ1	
垮龙奔了	kʰua3 loŋ2 pən1 la1	涝了
空廊场	kʰoŋ5 laŋ2 tsʰaŋ2	空地
寡岩岩	kua3 ŋæe2 ŋæe2	山崖
水凼凼	suei3 taŋ5 taŋ5	
回水凼	xuei2 suei3 taŋ5	因急流回旋而形成的水湾
恶浊水	o2 tsʰo2 suei3	脏水
□水	xoŋ2 suei3	猛水
□水	læe5 suei3	开水
刨刨炭	pʰɐɤ2 pʰɐɤ2 tʰæ̃5	
呼呼炭	xu1 xu1 tʰæ̃5	
巷巷	haŋ5 haŋ5	胡同
大初一	ta5 tsu1 i2	大年初一
□年	kən3 liɛ̃2	整年，全年
五黄六月	u3 xuaŋ2 lu2 y2	青黄不接的月份
正月家	tsən1 y2 tɕiɛ̃1	
麻麻亮	ma2 ma2 liaŋ5	天快亮的时候
刷粉	sua2 fæ̃3	
中午前干	tsoŋ1 u3 tɕʰiɛ̃2 kæ̃1	中午以前
白天家	pæ̃2 tʰiɛ̃1 tɕiɛ̃1	
整夜	kən3 i5	整个夜晚
哪正□	la3 tsən5 tsæ̃3	什么时候。例：他～来？
二天	ŋæe2 tʰiɛ̃1	后来
正暂	tsən3 tsæ̃5	现在
上坡	saŋ5 pʰo1	从事农活。例：他到哪点切（去）啦？他～了。
谷子线线	ku2 tsɿ3 ɕiɛ̃5 ɕiɛ̃5	稻穗
冒芽嘴嘴	mɐɤ5 ia2 tsuei5 tsuei5	植物浸种时发出小芽
冲嘴	tsʰoŋ5 tsuei3	
发蔸	fa2 tɵu1	秧苗分蘖
封行	foŋ1 xaŋ2	秧苗长得茂盛，看不到行距
打泡	ta3 pʰɐɤ1	植物孕穗
出线	tsʰu2 ɕiɛ̃5	植物由叶梢中出穗
放线	faŋ5 ɕiɛ̃5 	植物由叶梢中出穗
长须须	tsaŋ3 ɕy1 ɕy1	玉米等出穗
散籽	sæ̃3 tsɿ3	谷粒因灌浆而在穗上呈分散状
牛鼻豢	liu2 pi2 tɕuæ̃5	穿在牛鼻子里的木棍儿或铁环
枷当	tɕia1 taŋ1	用弯木制成，与铧田配合使用，搭在牛脖子上
纤索	tɕʰæe1 so2	缰绳
牛栏索	liu2 læ̃2 so2	缰绳
挞钩索	ta2 kɵu1 so2	用于捆绑草类的绳索，有一小木钩，便于捆扎
千担	tɕʰæe1 tæ̃5	用于挑柴草的农具，两头尖
风泊	foŋ1 po2	风车，使米粒跟谷壳分离的家具
连枷	liɛ̃2 kæe5	用于脱离豆类、麦类的农具
洋角钁	iaŋ2 ko2 tɕiɐɤ2	刨硬地用锄，一头尖形，一头扁小
薄刀	po2 tɐɤ1	菜刀
砂刀	sa1 tɐɤ1	用来劈开或剁断木柴的
刀皮子	tɐɤ1 pʰi2 tsɿ3	装镰刀和砂刀的盒子，背于后背
挺杖	tʰin3 tsaŋ5 杀猪器具
撮箕	tsʰo2 tɕi1	撮垃圾用
渣渣	tsa1 tsa1	垃圾
椽兜	uæ̃1 tɵu1	
背蔸	pei5 tɵu1	
刷扫	sua2 sɐɤ5	扫灶台专用
刷刷扫	sua2 sua2 sɐɤ5	扫灶台专用
阳春	iaŋ2 tsʰun1	庄稼
猫猫豆	mɐɤ1 mɐɤ1 tɵu5	
葫瓜	fu2 kua1	南瓜
瓠芦	ku2 lu2	葫芦
毛冬瓜	mɐɤ2 toŋ1 kua1	冬瓜
葱干干	tsʰoŋ1 kæ̃3 kæ̃3	葱的茎
葱栳栳	tsʰoŋ1 lɐɤ3 lɐɤ3	蒜的鳞茎，由蒜瓣构成
海浀	xæe3 tɕʰy2	西红柿
洋辣子	iaŋ2 la2 tsɿ3	
糟辣子	tsɐɤ1 la2 tsɿ3	经腌制的辣椒
甜菜	liɛ̃2 tsʰæe5	菠菜
莴揪菜	o1 tɕiu1 tsʰæe5	莴笋（指茎部）
芫荽	iɛ̃1 suei1
树颠颠	su5 tiɛ̃1 tiɛ̃1	树梢
格蔸	kæ2 to1	树砍后只留下地里的部分
拐枣	kuæe3 tsɐɤ3	
毛梨子	mɐɤ2 li2 tsɿ3	猕猴桃
白壳子树	pei2 kʰo2 tsɿ3 su5	银杏
蔗杆	tsa5 kæ̃3	甘蔗
养牲	iaŋ3 sən1	牲口
骟牛	sæ̃5 liu2	阉过的公牛
骚牯仔	sɐɤ1 ku3 tsæe3	未阉的公牛
水牯	suei3 ku3	公水牛
黄牯	xuaŋ2 ku3	黄公牛
水㸺	suei3 sa1	母水牛
牛仔仔	liu2 tsæe3 tsæe3	牛犊
山羊子	sæ̃1 iaŋ2 tsɿ3	野羊
骚羊子	sɐɤ1 iaŋ2 tsɿ3	未阉的公羊
犽狗	ia2 kɵu3	公狗
郎狗	laŋ2 kɵu3	未阉的公狗
騲狗仔	tsʰɐɤ3 kɵu3 tsæe3	母狗
猫三	mɐɤ1 sæ̃1	猫的总称
犽猪	ia2 tsu1	公猪
郎猪	laŋ2 tsu1	种猪
脚猪	tɕio2 tsu1	
架子猪	tɕia5 tsɿ3 tsu1	
劁猪	tɕʰiɐɤ1 tsu1	阉猪
骚公鸡	sɐɤ1 koŋ1 tɕi1	指淫秽之人
菢鸡娃	pɐɤ5 tɕi1 ua2	正在孵蛋的母鸡
菢鸡母	pɐɤ5 tɕi1 mu3	
菢窝鸡	pɐɤ5 o1 tɕi1	
菢蛋	pɐɤ5 tæ̃5	～小鸡儿
农鸭	loŋ2 ia2	公鸭
野物	i3 u2	野兽
梭老二	so1 lɐɤ3 ɚ5	蛇
雀雀	tɕʰio2 tɕʰio2	鸟
鸦鹊	a1 tɕʰio2	喜鹊
老娃	lɐɤ3 ua2	乌鸦
秧鸡	iaŋ1 tɕi1	鹌鹑
猫当哥	mɐɤ1 taŋ1 ko1猫头鹰
猫冬科	mɐɤ1 toŋ1 ko1	
毛鸡	mɐɤ2 tɕi1	野鸡
点水雀	tiɛ̃3 suei3 tɕʰio2	一种喜水的小鸟
包谷雀雀	pɐɤ1 ku2 tɕʰio2 tɕʰio2	四声杜鹃
贵贵阳	kuei5 kuei5 iaŋ2	三声杜鹃
秤杆蛇	tsʰən5 kæ̃3 sei2	百足虫
土狗仔	tʰu3 kɵu3 tsæe1	蝼蛄
推屎嘎拉	tʰuei1 sɿ3 ka1 la1	蜣螂
蠛蠛蚊	mi2 mi2 uən	蠓
饭蚊子	fæ5̃ uən2 tsɿ1	苍蝇
地虱子	ti5 sei2 tsɿ3	鼠妇
地虱子	ti5 sæ̃2 tsɿ3	鼠妇
地贡雷	ti5 koŋ5 luei2	
叫鸡子	tɕiɐɤ5 tɕi1 tsɿ3	蟋蟀
盐老水	iæe2 lɐɤ3 suei3	蝙蝠
蜇蛛	tsei2 tsu1	蜘蛛
蜇蛛	tsæ̃2 tsu1	蜘蛛
蛐蟮	tɕʰu2 sæ̃5	蚯蚓
雷公虫	luei2 koŋ1 tsʰoŋ2	蜈蚣
杆杆闹	kæ̃3 kæ̃3 lɐɤ5	臭虫
格蚤	ke2 tsɐɤ3	跳蚤
格蚤	kæ2 tsɐɤ3	跳蚤
偷油婆	tʰɵu1 ɵu2 pʰo2	蟑螂
叫驹子	tɕiɐɤ5 tɕy1 tsɿ1	螳螂
刺杯药	tsʰɿ5 pei1 o2	蝉
打屁虫	ta3 pʰi5 tsʰoŋ2	臭大姐，臭瓢虫
春官	tsʰun1 kuæ̃1	蜻蜓
点灯猫猫	tiɛ̃3 tən1 mɐɤ1 mɐɤ1	蜻蜓
癞疙宝麻	læe5 ke2 pɐɤ3 ma2	蟾蜍
马安桥	ma3 ŋæ̃1 tɕʰiɐɤ2	螳螂
克麻	ke2 ma2	青蛙
盘嘎	pʰæ̃2 ka2	螃蟹
偏偏	pʰiɛ̃1 pʰiɛ̃1	厢房
磉礅	saŋ tən	垫在房柱下面起支撑作用的石礅，有时指矮胖或老站着不动、不灵活之人。例：你看他啊，像个～。
街沿	kæe1 iaŋ2	屋檐下的过道
天楼地整	tʰiɛ̃1 lɵu2 ti5 tsən3	上下皆装有楼板
灶当门	tsɐɤ5 taŋ1 mən2	灶前后生火的地方
茅斯	mɐɤ2 sɿ1	厕所
圈圈	tɕuæe5 tɕuæe5	统指关牛、马等家畜的房子
鸡罩	tɕi1 tsɐɤ5	竹子编的，罩鸡的器具
八仙桌	pa2 ɕiæe1 tso1	大桌子
案板	ŋæ̃5 pæ̃3	一种狭长的桌
踏脚板凳	tʰa2 tɕio2 pæ̃3 tən5	旧式床前供上下床踏脚或放物用的凳子，由娘家送
坐月板凳	tso5 y2 pæ̃3 tən5	
草坉	tsʰɐɤ3 tən1
铺层	pʰu1 tsʰən2	床上用品，铺盖
卧单	o5 tæ̃2	床单
小坑笼	ɕiɐɤ3 kʰaŋ5 loŋ2	在里面加炭后能使手取暖的小炉子
灰笼	xei1 loŋ2	农村的取暖用具，用竹篾编成筐，筐内装取暖的土钵，便于携带
烘笼	xoŋ1 loŋ2农村的取暖用具，用竹篾编成筐，筐内装取暖的土钵，便于携带
铁夹	tʰi2 ka2	火钳
阳尘	iaŋ2 tsʰən2	
锅烟煤	ko1 iɛ̃1 mei2
牛五锅	liu2 u3 ko1	煮猪潲的大锅
牛三锅	liu2 sæ̃1 ko1	比牛五锅小
六三碗	lu2 sæ̃1 uæ̃1	比大碗小
檺竿	xaŋ2 kæ̃3	筷子
推刨	tʰuei1 pʰɐɤ5木匠用的工具
推棒	tʰuei1 paŋ5	
刨子	pɐɤ5 tsɿ3	
猫头	mɐɤ1 tʰɵu2	斧子
烫板	tʰaŋ5 pæ̃3	瓦工用来抹墙的木板
抵针	ti3 tsən1	妇女用于打鞋底的顶针，将其套在手指上，以免伤手
挖屎瓢瓢	ua2 sɿ3 pʰiɐɤ2 pʰiɐɤ2	耳挖子
耳屎瓢瓢	ɚ3 sɿ3 pʰiɐɤ2 pʰiɐɤ2	耳挖子
搓衣板	tsʰo1 i1 pæ̃3	洗衣板
捶衣棒	tsʰuei1 i1 paŋ5	洗衣服用的
出老棍	tsʰu2 lɐɤ3 kən5	中式的拐杖
解手纸	kæe3 sɐɤ3 tsɿ3	卫生纸
香雷钵钵	ɕiaŋ1 luei2 po1 po1	用于祭祀烧香的器具，喻指祖先。例：你讨卵闲，我把你家～打烂起。
男边家	læ̃2 pʰiɛ̃1 tɕia1	成年男人
女边家	ly3 pʰiɛ̃1 tɕia1	妇女
娃娃家	ua2 ua2 tɕia1	泛指小孩，有时带有贬意，喻指不懂事的人。例：你～，懂懒样事勒。
娃娃仔	ua2 ua2 tsæe3	男孩
嫩仔仔	lən5 tsæe3 tsæe3	
妹妹仔	mei5 mei5 tsæe3	女孩
妹妹家	mei5 mei5 tɕia1 	女孩
孃孃家	liaŋ1 liaŋ1 tɕia1	未结婚女性
老仔仔	lɐɤ3 tsæe3 tsæe3	老头，有时带贬意
老妑妑	lɐɤ3 pʰa1 pʰa1	老太婆
老辈子	lɐɤ3 pei5 tsɿ3	泛指长辈
矮辈子	ŋæe3 pei5 tsɿ	3泛指晚辈
国人	kuæ̃2 zən2	自己人
各人	ko2 zən2	
老庚	lɐɤ3 kən1	同年同月同日生之人
同年	tʰoŋ2 liɛ̃2	
姑孃	ku1 liaŋ1	专指未结婚的女性
老姑孃	lɐɤ3 ku1 liaŋ1	大龄未婚女性
石女	sɿ2 ly3	两性人
骚屄	sɐɤ1 pi1	性情放荡的女性
私娃仔	sɿ1 ua2 tsæe3	私生子
狗夹夹	kɵu3 tɕia2 tɕia2	吝啬鬼
告花子	kɵu5 xua1 tsɿ3	乞丐
烂仔	læ̃5 tsæe3	流氓，有时用于俚称
二流子	ɚ5 liu2 tsɿ1	
抢匪	tɕʰiaŋ3 fei	3强盗
棒老二	paŋ5 lɐɤ3 ɚ5	
扒老二	pʰa2 lɐɤ3 ɚ5	扒手
戳锅漏	tsʰo2 ko1 lɵu5	存心或总是把事情搞坏的人
门坎猴	mən2 kʰæ̃3 xɵu2	在家称霸王，在外软弱怕事人
毛三教	mɐɤ2 sæ̃1 tɕiɐɤ5	毛手毛脚的人
宝器	pɐɤ3 tɕʰi5	傻里傻气的人
憨包	xæ̃1 pɐɤ1	傻里傻气的人
脓包	loŋ2 pɐɤ1	傻里傻气的人
闷龙	mən5 loŋ2	傻里傻气的人
甩包	suæe1 pɐɤ1	无用的人
犟牛	tɕiaŋ5 liu2	对固执、死心眼人的贬称
横牛	xən2 liu2	
祖祖	tsu3 tsu3	泛称曾祖父、曾祖母
公	koŋ1	祖父，有时加排行，如"大公"、"满公"等
妑	pʰa3	祖母
婆	pʰo2	祖母
家公	ka1 koŋ1	外祖父
家婆	ka1 pʰo2	外祖母
爹	ti1	父亲的呼称，多数人称"爸爸"
爹	tia1	甘龙、乌罗等地对父亲的呼称
爷	ia2	东部某些地区对父亲的呼称
老仔	lɐɤ3 tsæe3	父亲的俗称或他称
妈	ma1	母亲的呼称，有时加重语气，称"老妈"
亲爷	tɕʰin1 i2	岳父，现多数称"爸爸"
亲娘	tɕʰin1 liaŋ	2岳母，现多数称"妈"
公公	koŋ1 koŋ1	夫之父
公公爹	koŋ1 koŋ1 ti1	
婆婆	pʰo2 pʰo2	夫之母
婆婆妈	pʰo2 pʰo2 ma1	
舅爷	tɕiu5 i2	母亲兄弟的呼称，称时加排行
舅妈	tɕiu5 ma1	
舅娘	tɕiu5 liaŋ2
舅公	tɕiu5 koŋ1	父亲的舅
舅婆	tɕiu5 pʰo2	父亲的舅妈
孃	liaŋ1	姑妈，称时加排行
公公	koŋ1 koŋ1	甘龙片区称呼，如"大公公"、"满公公"，指姑婆的丈夫
内以头	lei5 i3 tʰɵu2	妻子
屋头人	u2 tʰɵu2 zən2	妻子
姨夫老	i2 fu1 lɐɤ3	妻子姐妹之夫
继伢	tɕi5 ia2	因小孩不顺而拜继给人
保爷	pɐɤ3 i2	
保娘	pɐɤ3 liaŋ2	
后脑啄	xɵu5 lɐɤ3 tsua2脑袋后面突出的部分
颈根	tɕiaŋ3 kən1	颈部
额髅	ŋæ̃2 liu2	前额，又称"脑门"
后颈窝	xɵu5 tɕiaŋ3 o1	颈后凹处
脸包	liɛ̃3 pɐɤ1	脸面
鼻涕	pi2 li5	鼻涕
苦发	kʰu3 fa2	汗毛
毛毛汗	mɐɤ2 mɐɤ2 xæ̃5	微汗
手倒拐	sɵu3 tɐɤ1 kuæe3	手肘
锤锭子	tsʰuei2 tin5 tsɿ3	拳头
锭子	tin5 tsɿ3 	拳头
牙包骨	ia2 pɐɤ1 ku2	下颌
牙巴骨	ia2 pa1 ku2 	下颌
脇下窝	ɕi2 ɕia5 o1腋
肋巴骨	lei2 pa1 ku2	肋肢骨
胯板子	kʰua3 pæ̃1 tsɿ1	大腿
胯胯	kʰua3 kʰua3	大腿之间
胩胩	kʰa5 kʰa5 	大腿之间
胩裆	kʰa5 taŋ1 	大腿之间
脚后跟	tɕio2 xɵu5 kən1	脚掌后面
脚肚子	tɕio2 tu5 tsɿ3	小腿
螺丝拐	lo2 sɿ1 kuæe3	内踝与外踝总称
塌鼻子	tʰa2 pi1 tsɿ3	鼻子与正常人不同
驼背子	tʰo2 pei5 tsɿ3	驼背
光波	kuaŋ5 po1	头发脱光的人
麻子	ma2 tsɿ3	出天花后留下的疤痕
癞子	læe5 tsɿ3	头上有麻子的人
缺牙腔	tɕʰyu2 ia2 tɕʰiaŋ1	
缺牙巴	tɕʰyu2 ia2 pa1	
发运	fa2 yn5	甘龙片区说法，呕吐前的反应
打摆子	ta3 pæe3 tsɿ3	伤寒
打标枪	ta3 piɐɤ1 tɕʰiaŋ1	泻肚时，大便像水一样喷射出来，有时指吃饭哐倒
屙稀把把	o1 ɕi1 pa3 pa3	
干疮	kæ̃1 tsʰuaŋ1	疥疮
干疙痨	kæ̃1 kæ̃3 lɐɤ5 	疥疮
脓泡疮	loŋ2 pʰo5 tsʰuaŋ1	皮肤病的一种，多为一串串的化脓性水泡
挑针	tʰiɐɤ1 tsən1	长在眼睑内侧的麦粒肿，喻指眼红之人
母猪疯	mu3 tsu1 foŋ1	癫痫病的一种，发作时如母猪叫声
羊癫疯	iaŋ2 tiɛ̃1 foŋ1	癫痫病的一种，发作时口吐白沫
争嘴疮	tsən1 tsuei1 tsʰuaŋ1	鹅口疮
褂褂	kua5 kua5	背心或汗衫
绷绷	pən1 pən1	小孩用的涎布
中衣	tsoŋ1 i1	上衣，衣服
下衣	ɕia5 i1	裤子
摇裤	iɐɤ2 kʰu5	内裤
董篷	toŋ3 pʰoŋ2	斗笠
蓑衣	so1 i1	用棕丝制成的雨衣
球骇	tɕʰiɵu2 xæe2	球鞋
桶桶鞋	tʰoŋ3 tʰoŋ3 xæe2	靴子
鞋带带	xæe2 tæe5 tæe5	鞋带
鞋系系	xæe2 ɕi5 ɕi5	鞋带
死疙瘩	sɿ3 kɛ2 ta2	死结
活疙瘩	xo2 kɛ2 ta2	活结
喫饭	tɕʰi2 fæ̃5	吃饭，东部片区口音
喫饭	kʰi1 fæ̃5	西部片区口音
喫饭	tɕʰia1 fæ̃5	局部地方口音
少午	sɐɤ3 u3	中午加餐
晌午	sa3 u3	
淖杂	lɐɤ2 tsa2	猪牛羊的内脏
现饭	ɕiɛ̃5 fæ̃5	不是本餐新做的饭
盘子粉	pʰæ̃2 tsɿ3 fən3	用大米磨浆加工成带状
锅巴粉	ko1 pa1 fən3	用绿豆、大米加工，多以绿叶蔬菜代替绿豆，又称"绿豆粉"
角角粑	ko2 ko2 pa1	粽子
向料	ɕiaŋ5 liɐɤ5	调味品
亲事	tɕʰin1 sɿ5	
啃猪脑壳的	kʰən3 tsu1 lɐɤ3 kʰo2 ti3	媒人
吃百家饭	tsʰɿ2 pei2 tɕia1 fæ̃5
看门户	kʰæ̃5 mən2 fu0	
看年月	kʰæ̃5 liɛ̃2 u2	选择结婚良辰
拿书子	la2 su1 tsɿ2	有一回书子、二回书子等
送年月单单	soŋ5 liɛ̃2 u2 tæ̃1 tæ̃1	男方把选好的日子写在红纸上送给女家
过礼	kua5 li3	结婚前几天男方送彩礼给女家
回车马	xuei2 tsʰei1 ma3	拜堂前的仪式
回门	xuei2 mən2	新婚夫妇第一次回娘家
填房	tʰiɛ̃2 faŋ2	从女方说
害喜	xæe5 ɕi3	出现妊娠反应
双身	suaŋ1 sən1	孕妇
吃月米茶	tsʰɿ2 u2 mi3 tsʰa2	小孩一月内，亲友送礼祝贺
吃月米酒	tsʰɿ2 u2 mi3 tɕiɵu3	
打三朝	ta3 sæ̃1 tsɐɤ1	生后三天所举行的仪式
过生	ko5 sən1	60岁以上老人庆祝生日
悄盘了	tɕʰiɐɤ1 pʰæ̃2 lɐɤ3	带贬意之死
戳脱了	tsʰu1 tʰo2 lɐɤ3	带贬意
烧落气钱	sɐɤ1 lo2 tɕʰi5 tɕʰiɛ̃2	人刚咽气时，家人在他咽气的屋里焚烧纸钱
烧到头钱	sɐɤ1 tɐɤ5 tʰɐɤ2 tɕʰiɛ̃2 	人刚咽气时，家人在他咽气的屋里焚烧纸钱
放落气炮	faŋ5 lo2 tɕʰi5 pʰɐɤ5 	人刚咽气时，家人在他咽气的屋里焚烧纸钱
包孝帕	pɐɤ1 ɕiɐɤ5 pʰa5	办丧事时将孝布包在头上
顶孝	tin3 ɕiɐɤ5 	办丧事时将孝布包在头上
引路灯	in3 lu5 tən1	停放在灵柩下面的桐油灯
做家祭	tsu5 tɕia1 tɕi5	为死者举行葬礼
发丧	fa2 saŋ5	出殡
殓棺	læe2 kuæ̃1	在埋前整理死者遗容
丢发财米	tiɵu1 fa2 tsʰæe2 mi3	安葬时，死者亲属背对坟头跪下，围腰反捆，阴阳先生不停地将米与细泥撒给他们
撒衣禄米	sa3 i1 lu2 mi3	
买山	mæe3 sæ̃1	用香纸、雄鸡为死者买地
请神	tɕʰin3 sən2	在祖先前将死者灵魂请回来
烧土地纸sɐɤ1tʰu3 ti5 tsɿ3给土地神烧纸
灶神萨 tsɐɤ5 sən2 pʰu2 sa1
财神菩萨tsʰæe2 sən2 pʰu2 sa1
烧袱子sɐɤ1 fu2 tsɿ3焚烧包好的纸钱
烧七	sɐɤ1 tɕʰi2	以七天为期举行仪式
羽黄幡	i3 xuaŋ2 fæ̃1	写有死者生辰八字的小旗
烧包封	sɐɤ1 pɐɤ1 foŋ1	
泼水饭	pʰo2 suei3 fæ̃5	泼洒在碗或瓢内的凉水及饭粒以驱邪
祭平安	tɕi5 pʰin2 ŋæ̃1	
坟飘飘	fən2 pʰiɐɤ1 pʰiɐɤ1	清明时插在坟上的纸条
清明飘飘	tɕʰin1 min2 pʰiɐɤ1 pʰiɐɤ1 	清明时插在坟上的纸条
降仙婆	tɕiaŋ5 ɕiɛ̃1 pʰo2	女巫
杠香婆	kaŋ5 ɕiaŋ1 pʰo2 	女巫
观花	kuæ̃1 xua1	降仙婆到所谓阴间查看情形
看水碗	kʰæ̃5 suei3 uæ̃3	降仙婆观看水中的铜钱，根据情况进行化解
向火	ɕiaŋ5 xo3	烤火取暖
打噗汗	ta3 pʰu2 xæ̃1	打呼噜
扯噗汗	tsʰei3 pʰu2 xæ̃1	打呼噜
做活路	tsu5 xo2 lu5	去地里干活
屙把把	o1 pa3 pa3	排泄大便
解大溲	kæe3 ta5 sɵu3	大便
解小溲	kæe3 ɕiɐɤ3 sɵu3 小便
安桌子	ŋæ̃1 tso2 tsɿ3	摆酒席
安席	ŋæ̃1 ɕi2		摆酒席
舔肥	tʰiɛ̃3 fei2	巴结
赶礼	kæ̃3 li3	死人后，通知亲戚参加葬礼
赶信	kæ̃3 ɕin3	死人后，通知亲戚参加葬礼
扯谈	tsʰei3 tʰæ̃2	胡说或说一些无关紧要的事
扯闲谈	tsʰe3 ɕiɛ̃2 tʰæ̃2	胡说或说一些无关紧要的事
扯卵谈	tsʰe3 luæ̃3 tʰæ̃2	胡说或说一些无关紧要的事
闲扯	ɕiɛ̃2 tsʰei3	胡说或说一些无关紧要的事
吼架	xɵu3 tɕia5	吵架
诀	tɕye2	骂
日诀	zɿ2 tɕye2	骂
乱日诀	luæ̃5 zɿ2 tɕye2	骂 
解交	kæe3 tɕiɐɤ1	劝架，劝解
冲壳子	tsʰoŋ1 kʰo2 tsɿ3	闲聊，说大话
哆里八嗦	lo1 li3 pa1 so1	表示厌烦
心慌刨燥	ɕin1 xuaŋ1 pʰɐɤ2 sɐɤ5	心情烦燥
逗人嫌	tɵu2 zən2 ɕiɛ̃2	
逗人厌	tɵu1 zən2 iɛ̃5
逗人恨	tɵu1 zən2 xən5	
发气	fa2 tɕʰi5	
惯侍	kuæ̃5 sɿ5	习惯，娇惯
相因	ɕiaŋ1 in1	便宜
折本	sɛ2 pən3	亏本
拖账	tʰo1 tsaŋ5	长时间欠账
耍秤杆子	sua1 tsʰən5 kæ̃3 tsɿ3	称秤时玩弄花招
榨秤	tsa5 tsʰən5	分量重
敷秤	fu1 tsʰən5	补足分量
塞耗	sɛ2 xɐɤ5	有出入，减少
莽实	maŋ1 sɿ2	分量多而足，有时指胆子大
旺实	uaŋ1 sɿ2	
栽诬	tsæe1 u1	诬陷
诬赖	u1 læe5	
背黑锅	pei1 xei2 ko1	冤枉
胎腰包	tʰæe1 iɐɤ1 pɐɤ1	受贿
敲沙罐	kʰɐɤ1 sa1 kuæ̃5	枪毙
吃花生米米	tsʰɿ2 xua1 sən mi3 mi3	
发蒙	fa2 moŋ2	启蒙
睁眼瞎	tsən1 iɛ̃3 ɕia2	文盲或半文盲
读望天书	tu2 uaŋ5 tʰiɛ̃1 su1	对知识一知半解
爬桐子树	pʰa2 toŋ2 tsɿ3 su5	读书时不认真，一问三不知
跍起	ku1 tɕʰi3	蹲
跶倒	ta2 tɐɤ3	跌倒
巴起来	pa1 tɕʰi3 læe2	爬起来
抬起脑壳	tʰæe2 tɕʰi3 lɐɤ3 kʰo2	昂头
勾起脑壳	kɵu1 tɕʰi3 lɐɤ3 kʰo2	低头
把脑壳□起	pa3 lɐɤ3 kʰo2 tsua2 tɕʰi3	低头
摆脑壳	pæe3 lɐɤ3 kʰo2	摆头，表示不要的动作或比喻事情难办
摛手	tsʰɿ1 sɵu3	伸手
支手	tsɿ1 sɵu3	伸手
叉腰杆	tsʰa1 iɐɤ3 kæ̃3	两手有力放在两腰间，表示愤怒的样子
捂	u2	把某东西盖住
稀开	ɕi1 kʰæe1	物体自然张开，裂开
□开	ŋa1 kʰæe1	甘龙地区口音
抠	kʰɵu1	用手刨开
搣	mi2	把较软的东西掰开
揎	ɕyɛe1	用力推
恰	tɕʰia2	大步跨：前面大路，～开脚步
攉	xo5	搅拌
□	xɐɤ2	搅拌
摩挲	mo2 so2	动作慢
抽糞	tsʰɵu1 fən5抱持小儿双腿、哄他大便
抽屎	tsʰɵu1 sɿ3	抱持小儿双腿、哄他大便
抽屎	tsʰɵu1liɐɤ3
蹢脚	to2 tɕio2	跺脚
跷二郎腿	tɕʰiɐɤ1 ɚ5 laŋ2 tʰuei3
蜷腿	tɕyɛ̃1 tʰuei3	打盘脚
撑腰	tsʰən1 iɐɤ1	支持
打阿庆	ta3 a1 tɕʰin5	打喷嚏
嗅	ɕioŋ5	用鼻子闻
搀	tsʰæ̃	1加水等。例：往锅里～水。
捎	tɕʰiɐɤ1	借助工具用力掰开
搌	tsæ̃3	移动，挪动
搌劲	tsæ̃3 tɕin5	加油
吹劲	tsʰuei1 tɕin5
挣	tsən5	使劲憋气。例：他屙屎屙不出，就个～。
煞提	sa2 tʰi2	收拾，料理，整理
够不倒	kɵu5 pu2 tɐɤ3	拿不着
打落	ta3 lo2	失落
解凉	tɕiæe3 liaŋ2	在家里用水擦身子
退凉	tʰuei5 liaŋ2	
凫水	fu2 suei3	洗澡
板澡	pæ̃2 tsɐɤ3	
板	pæ̃3	动。例：你睡起就睡起嘞，不要紧～。
码起来	ma3 tɕʰi3 læe2	堆起来
高上	kɐɤ1 saŋ5	上面
高巷	kɐɤ1 xæ̃5 	上面
高头	kɐɤ1 tʰɵu2 	上面
退吓	tʰuei5 ɕia2	下面
退脚	tʰuei5 tɕyo2	下面
底脚	ti3 tɕyo2 下面
底吓	ti3 ɕia2	
地吓	ti5 ɕia2	地面，地上
则边	tse2 pʰiɛ̃1	旁边
这	tsɿ2	这，甘龙口音
郎个办	liaŋ2 ko5 pæ̃5	怎么办
张个做	tsaŋ2 ko5 tsu5 	怎么办
浪个办	liaŋ5 ko5 pæ̃5	这么办
懒样	læ̃3 iaŋ5	怎么样
懒样喃	læ̃3 iaŋ5 læ̃1	不是这样的，以否定语气代表肯定
差点点	tsʰa1 tiɛ̃3 tiɛ̃3
牢实	lɐɤ2 sɿ2	牢靠，坚固
硬棒	ŋən5 paŋ5	
硬得很	ŋən5 tɛ2 xən3	
□活	pʰa1 xo2	软兮兮的
松活	soŋ1 xo2	轻松
麻利	ma2 li5	动作快
腌臜	ŋa1 tsa1	脏
恶撮	ŋo2 tsʰo2	
水水	suei3 suei3	比汤还要稀
汤汤水水	tʰaŋ1 tʰaŋ1 suei3 suei3	
嘎	ka3	肉
精嘎	tɕin1 ka3	瘦肉
精肉	tɕin1 zu2	
肥嘎	fei2 ka3	肥肉
皮得很	pʰi2 tɛ xən3	做事很慢
在行	tsæe5 xaŋ2	说话做事得体
不在行	pu2 tsæe5 xaŋ2	差劲
灵醒	lin2 ɕin3	聪明
黄昏	xuaŋ2 xən1	糊涂
狗夹	kɵu3 tɕia2	吝啬
更	kən3	整
梱	kʰun2	圆的，整的
周身	tsɵu1 sən1	全身
堡堡	pɐɤ1 pɐɤ1	蹦起来，地面凸起的地方
崩崩	poŋ poŋ	地面凸起的地方
崩	pʰoŋ	物体浮起来
窝窝	o1 o1	低于地面的地方
活络	xo2 lo3	轻松，脑筋转得快
白卡卡	pei2 kʰa3 kʰa3	苍白
将将	tɕiaŋ1 tɕiaŋ1	刚好，恰好
恰恰	tɕʰia2 tɕʰia2	刚好
净	tɕin5	光：～吃米，不吃面
差一颗米	tsʰa1 i2 kʰo3 mi3	差点
着	tsɐɤ2	被
好	xɐɤ5	不要，配合摇手或摇头表示动作
凯	kʰæe5	个，只，头
胴	toŋ3	用于比较大的物件的量词。例：字～棒棒浪个大，你扛得起也。
强	tɕʰiaŋ2	乌罗高洞地方所说的量词
楛	kʰu1一～香
棚	pʰoŋ2	一～稻草
砣	tʰo2	一～泥巴，一～肉
一扑	i2 pʰu2	一串，～葡萄
一□	i2 iua3	一串，～葡萄
一拃	i2 tɕʰia3	大拇指与中指张开的长度
庹	pʰæe3	两臂平伸两手伸直的长度
一撮	i2 tsʰo2	～毛，一～包谷
巴 pa1 ①粘连：饭~锅了。②粘贴。③爬：~树子。④扶：~倒墙走。⑤名词后缀：泥~ ‖ 盐~。
巴身 pa1 sən1 形容衣服的尺寸很适合：这件衣服穿起来好~。
巴边 pa1 piɛ̃1 说话切题：说了半天还不~。
巴里不得 pa1 li3 pu2 tei2 迫切希望：~早点下雪。
巴家 pa1 ɕia1 顾家：他很~。
巴谱 pa1 pʰu5 切合题旨：说话不~。又作“靠谱”。
扳本 pæ̃1 pən3 翻本，指输了以后重新赢回来。
扁 piɛ̃3 ①搞、处置：由他张个~。②钻研：看不出来呢，他硬是~出个名堂了。
标杆直 piɐɤ1 kæ̃3 tsɿ3 非常直
捹 pən5 ①拉：我俩把它~直起。②朝着利于自己的方面讲：明明自家没有道理，他偏要紧~。
把 pa2 ①拦，把守：你~倒起，不要让他进来。②占据，又作“霸”。你个人~倒起，一点都不给我。③扶：你~倒起，不要跶倒。
罢脚 pa5 tɕio2 剩余的东西：茄子早打完了，都~了。
拜继 pæe5 tɕi5 使自己的儿女人无血缘关系的人作干父母：孩子就~给你作干儿子了。
扳 pæ̃1 ①扭：那颗螺丝~不动了。②翻本：钱财输多了，~不回来了。③强词夺理：没得道理还要硬~。
板 pæ̃3 ①挣扎：那条鱼~得好凶。②乱动：睡好，不要乱~。
□澡 pæ̃3 tsɐɤ3 游泳。
半中拦腰 pæ̃5 tsoŋ1 læ̃2 ɐɤ1 ①物体的中部。②事情进行到中途：他帮我开车，~就不开了。
背 pei5 ①承受：责任下来，你~不起。②耗费：~料 ‖ ~工。③避、暗地：他~倒大家不晓得在干懒样？④不走运、倒霉：这一会真~，打牌天天输。
背黑锅 pei1 xei2 ko1 替别人承担过错、责任。
背时 pei5 sɿ2 ①倒运：这段时间最~，做什么都不顺。②骂人的话，带有贬义色彩：你个~的。
拌 pən5 ①拌和：~点凉菜吃。②用力挣扎：把绳子捆紧点，小心它~脱。
滗 pi2 滤去水汁：淘米时把米~干净点，不要再有浑水了。
鼻涕痂痂 pi2 li5 ka2 ka2 已凝固的鼻涕。
鼻齈口呆 pi2 loŋ2 kʰɐɤ3 tæe1 流鼻涕的样子。
彪 piɐɤ1 ①喷射：~口水。②高速前进：那匹马~得太快了。
逼 pi1 ①扭曲物体或身体：桌子太矮了，~得脚好痛。②逼迫：你不要~我去做这件事。③勉强：没有办法，只好~倒答应他。
并 pin3 ①合并：把东西~在一堆。②以物作价，整个出卖：张三把房子~给李四了。
不赢 pu5 in2 用在动词后表示“……不及”：题量太大，做都做~
□ pu5 窥视、暗中看：你去~哈，他们来了没？
□ poŋ1 聚拢来：散开点，不要~拢来。
□ pʰa1 ①熟软：鸡炖~了。②无力：脚~手软。
□耳朵 pʰa1 ɚ1 to1 怕老婆，对老婆言听计从的男人。
□和 pʰa1 xe5 ①软和：这张床好~。②软弱：不要以为我~好欺。③便宜：又捡倒过~。④容易：就这样过了他，没有这么~。
□聋聋 pʰa1 loŋ1 loŋ1 形容食物蒸煮得很软：萝卜煮得~的。
□ pʰa1 量词，堆，只用于来形容粪便：一~屎。
□□ pʰa1 pʰa1 便宜：他捡了个~。
盘 pʰæ̃2 ①缠绕：蛇~在树枝上。②经营：~点水果到街上去卖。③抚育：好不容易把孩子~大了。④仔细查问：不要老是来~问我。⑤动量词，次、回：我们再打一~（牌）。
□ pʰaŋ3 分量相近：他俩年纪有一~。他俩打架有一~。
□ pʰaŋ3 碰、撞、触动：我在写字，不要~我。
刨 pʰɐɤ2 用筷子将碗中的饭往嘴里送：把饭~干净了再走。
泡汤 pʰɐɤ5 tʰaŋ1 ①用菜汤加进饭中：我吃饭不喜欢~。②落空：这件事又~了。
皮面 pʰi2 miɛ̃5 面、上面：衣服就放在箱子~。
皮皮翻翻 pʰi2 pʰi2 fæ̃1 fæ̃1 皮屑脱落状，或说话做事不干练。
疲 pʰi2 ①迟缓、拖沓：他做哪样都~得很。②麻木，习以为常：这娃娃着你打~了。
皮脱 pʰi2 tʰo2 ①干脆不哆嗦：他办事很~。②客气话：你~点，没得懒样菜。③容易：不交钱，就想拿货，你想得到~。
屁 pʰi5 差：现在的东西~得很。
扑爬 pʰu2 pʰa2 跟斗、摔倒。
谱谱 pʰu3 pʰu3 门道、路子：跑了哪多路，这事件硬是一点~都没得。
骈 pʰiɛ̃3 ①砍平。拿猫头（斧头）来，我把这根树子~一下。②说、侃：她最会~嘴巴子。③谈判：~价。
偏偏 pʰiɛ̃1 pʰiɛ̃1 ①在正房边搭的侧屋。②姘头：他又耍了个~。③不属某范围或计划内：我搭个~，好不？
抛撒 pʰɐɤ¹ sa¹ ①浪费：~了好多粮食。②补足，使分量多：饭做~点，不然不够吃。
骗赖 piɛ̃5 læe5 ①不依许诺：要说话算话，不许~。②耍赖：你紧~，我不管你啦。
□ pʰia3 ①脚向外斜：他的脚有点~。②蔫：菜叶子黄~啦。③某种约定俗成的：不合~子。
熛 pʰiɐɤ3 ①火苗从物体上掠过：眉毛着火~了。②大面积被火烧：~山了，快去扑火。
瞟 pʰiɐɤ3 略略地一看：我进教室~一眼就走了。
撇 pʰi3 将物体折断或分开。
□ pʰin5 比，与别人对等势力的较量：硬是和人家~倒搞。
□ pʰoŋ1（烟尘）飞扬：不要扫地了，灰尘到处~来起来了。
铺笼帐被 pʰu1 loŋ2 tsaŋ5 pei5 床上用品。
潽pʰu2 粥、水等因沸而溢出炊具：哎呀，快关火，水都~出来了。
匍 pʰu2 ①伏：他~在桌子上睡了。②将器皿口朝下放：把碗~起。
麻 ma2 欺骗。不要~我，你以为我不晓得。
麻眨 ma2 tsa2 ①天色较暗，已接近傍晚：打~了，鸡都要进罩（鸡笼）了。②马虎：他的字写得~。
麻麻杂杂 ma2 ma2 tsa2 tsa2 纷乱复杂，摸不着头绪的样子。
马 ma3 ①占据：他~倒起，硬不拿给我。②强行做某事：他~倒起做。③因生气做出难看的表情：一天都~起个脸，不晓得哪个得罪你了。又作“罢”。
马马肩 ma3 ma3 tɕiɛ̃1 让小孩子骑在大人的脖子上：小孩要是哭了，你就打~。
沕 mi5 ①潜：~到水里。②低，埋头：~起脑壳，就是不说话。③溺水：他在水里~死了。
沕子 mi5 tsɿ5 潜泳：他一个~就过河了。
沕功 mi5 koŋ1 极短的时间：他一个~就不知道到哪里去了。
母 mu3 粗大而不美观：这东西~得很。又作“母实”。
默 mei2 ①盘算：我~了一下，划得来。②估计，猜算：你~一下，有好多？
闷倒 mən1 tɐɤ3 以为、估计到。你做这件事，人家~不晓得？
毛焦火辣 mɐɤ1 tɕiɐɤ1 xo3 tɕiɐɤ2 心急火燎、烦躁不安的样子：我心里~的，不晓得要发生哪样事。
卯 mɐɤ3 ①僵、对立：不要把关系搞~了。②估算。你~一下，有好多斤？
慢港 mæ̃5 kaŋ3 一会儿：~再走。又作“慢忙”。
闷古 mən5 ku3 比喻沉默寡言而又性格孤僻的人，含贬义。
明打明 min2 ta3 min2 公开、明明白白：你对我有哪样意见，就~的说出来。
□ maŋ1 ①胖：~子。②笨、傻：他~得很，着人家骗了还不晓得。
莽 maŋ3 ①形容数量庞大：~有些人在搞传销。②粗声大气：他说话声音很~。
□□ maŋ1 maŋ1 哄小孩子吃饭：他该吃~了。
莽撞 maŋ5 tsuaŋ5 做事不够稳重。
默倒 mei2 tɐɤ3 自认为：我~你早就来了。
绵 miɛ̃2 ①有韧性：肉炒得不好，还是~的。②拖延：时间到了，不要再~了。③有耐力：他都连干了几个小时了，好经~哟。
绵扯扯 miɛ̃2 tsʰɛ3 tsʰɛ3 ①形容食物柔软而不易嚼烂：牛肉烧得~的。②行动缓慢，皮：做懒样事，都~的。
绵扎 miɛ̃2 tsa2 有韧性，多用来形容竹木类制品：这根竹扁担好~哦。
苗 miɐɤ2 说话口无遮拦、野性：这女孩说话太~了。
末 mo1 哆嗦：他做事最~。
磨 mo2 消耗，拖延时间：你不要~人家，人家有事。
磨 mo5 微微移动地方：你稍微往那边~点。
蒙 moŋ2 用布遮盖：她把脸~起来，不让我看。
蒙moŋ1 ①遮盖：他~倒起被条睡。②欺骗：他~你的。又作“翁”。③猜测：他手里有什么，着他~倒了。
懵里懵懂 moŋ3 li3 moŋ3 tsʰoŋ3 糊里糊涂，又作“梦里梦冲（阳平）”、“猛里猛冲”。
木 mu2 麻木：我的手都被你压~了。
木鱼脑壳 mu2 y2 lɐɤ3 kʰo2 比喻愚蠢迟钝的人：你真是个~。
木头 mu3 tʰɵu3 棺材一种避讳的称法。
木朵朵 mu2 to5 to5 ①木材切割成小方块状。②形容某人反应迟钝：你连这点事就办不好，真是个~。
跶 ta2 ①跌：他不小心就在路上~倒了。②把物品用力往外扔：他生气后，把杯子使劲往墙上~。
打 ta3 ①插在重叠的单音节形容词之间，表好似强调：明~明地跟你说，他不行。②插在重叠的数量结构之间，而前一数量结构不用量词，表示强调：都十~十年了，你还是老样子。
打岔 ta3 tsʰa5 故意扰乱别人正在进行的工作或说话的行为：我正说得起劲，请你不要~好不？
打屯 ta44 tən3 说话、读书中途停顿。
打比 ta3 pi3 假如，假定：~你是我，你也会这么去做的。
打镖枪 ta3 piɐɤ1 tɕʰiaŋ1 ①泄腹：谁偷了我的果子，吃了要~。②比喻从口中吐出唾沫、食物：吃饭少讲话，防止~。
打早 ta3 tsɐɤ3 清晨：你明天~来帮我挖马铃薯。
打个调 ta3 ko3 tiɐɤ3 朝相反的方向转弯：前面没有路了，我只好把车~。
打头 ta3 tʰɵu2 ①因喝酒或吃药而感觉到头部昏沉：这个酒不好喝，~得很。②领头：晚上上山，就由你~吧。
打落 ta3 lo2 ①遗失：昨天我的钱~了。②使用工具强行使其落下：他用石子把桃子给~下来了。
打脱 ta3 tʰo2 ①逃掉：鸡都关进圈了，没有一个~。②损失因得的机会：这么好的机会白白让你给~了。
打脚 ta3 tɕio2 因鞋子小等原因使脚被魔伤：这鞋子~得很。
打被窝 ta3 pi5 o1 睡着后因太热等原因而蹬开被条：经常~的人容易感冒。
打黑膜 ta3 xæ̃2 mo1 趁天黑以后或在黑暗中干活：今天的活路怕要~了。
打整 ta3 tsən3 ①整理、布置：把房间~一下。②处置、整治、对待：再你张个~。
打别 ta3 pi2 发脾气。
打脑壳 ta3 lɐɤ2 kʰo2 酒、药等喝后使头腹痛不舒服：这酒喝了有点~。
大声八气 ta5 tsən1 pa2 tɕʰi2 粗声大气。
躲懒 to2 læ̃5 偷懒。又作“躲尖”。
倒嵌 tɐɤ5 tɕʰiɛ̃5 因缺乏维生素，使指甲根部发炎而脱出的细皮：我手上长~了，你帮我剪哈。
兜 tɵu1 ①挑逗：他最爱~妹妹了。②招惹：这个娃娃好~人爱啊！相当于“逗”。
兜起闹 tɵu1 tɕʰi3 lɐɤ5 故意制造纠纷。
当头 taŋ1 tʰɵu2 物体的两端：房子的两~有人。
吊 tiɐɤ3 ①自由散漫。②装大气：这个人~得很。
吊儿郎当 tiɐɤ3 ɚ2 liaŋ3 taŋ1 自由散漫
□ tiaŋ1 ①提：快去~桶水来。②捉、抓。他偷东西着人家~倒了。
逮 tæe3 ①抓：河里的鱼，~到一条算一条。②拉：这绳子好扎实，~都~不断。③咬：我的脚着狗~了一口。
代过 tæe5 ko5 替别人承担责任：他做错事了，就拿我们~。
干精瘦壳 kæ̃1 tɕin1 sɵu5 kʰo2 身体瘦小：他~的，我怕他扛不起。
当餐 taŋ1 tsʰæ̃1 ①趁时间：这菜要~就吃完，否则放坏了。②当饭吃：水果能吃~么？
砀 taŋ5 将刀放在磨石或其他器物上来回摩擦，使刀刃锋利：把菜刀~一下再切。
刀头 tɐɤ1 tʰɵu2 祭祀用的整个猪头、鸡或成方形的猪肉。
倒床 tɐɤ3 tsʰuaŋ2 ①病倒在床上：他在家~好几天了。②疲惫不堪：他在外面乐乐一天了，一回到家就~了。
到转 tɐɤ5 tsuæ̃3 ①走回头路、反转过来：我们~走山路了。②反而，有转折之意：你先把事情做砸了，现在~来怪我了。
得行 tɛ2 ɕin2 在行，有本领，能胜任某事：干这种坏事他最~。
墩 tən1 矮胖壮实：他家的孩子长得矮~~的。又作“墩毒 tən1 tu2”。
等港港 tən¹ kaŋ¹ kaŋ¹ 等一会儿：你~，我拿东西给你。又作“等一港 tən3 i2 kaŋ3”和“等下下 tən3 xa5 xa5”。
撴 tən5 放置：把锅~在灶上。
点点 tiɛ̃3 tiɛ̃3 很少、很小，属形容词：饭别给我盛多了，我只要~。又作“懒浪点点 læ̃1 laŋ2 tiɛ̃3 tiɛ̃3”。
迭忙 ti2 maŋ2 急忙、赶忙：饭都熟了，你~做菜啊。
抵 ti3 ①相当，可代替：你们几个一起上也~不过他一个人。②经得住：吃五谷杂粮非常~饿。③顶住：他拿脚把我~起，我起来不倒了。④相持不下，一比高低：我准备开个店和他~倒卖。
迭倒 ti3 tɐɤ3 赶快、立马：天要黑了，我们~走吧。
顶嘴 tin3 tsuei3 与某人对着讲，不听话：那个小孩最爱~。
抵脚 ti3 tɕio2 指鞋子的尺寸太短，使脚在鞋里很紧。
点水 tiɛ̃3 suei3 秘密被人告发：他们这次被警察抓是有人~了。
垫背 tiɛ̃5 pei5 代人受过：你自己出了问题，还想要找个~的。
锭 tin5 袭击某人：他老是拿石头~人。
多嘴 to1 tsuei3 随便岔别人话的不礼貌行为：今天，领导讲话时，你可不能再~了。
垛 to5 ①被刀等锋利物所伤：他手指拇被菜刀~了。②砍：你把柴~一下，好烧火。
蔸蔸头 tɵu1 tɵu1 tʰɵu2 箩筐里面。
捝 tɐɤ5 ①合伙凑集：大家把钱~起来，我们下午去吃饭。②把散的拼合成一个整体：你去把桌子~起。③冲着，正对着：你~倒别人的脑壳上倒水。
懟头 tɵu5 tʰɵu2 对头。①吻合、正确：你看哈这些东西~不？②合得来：我们两个人的脾气不~。③冤家：我和他是死~。
厾厾 tu2 tu2 器皿的底部：吃饭时，你抓好~就不会滑。
端飞碗 tuæ̃1 fei1 uæ̃3 蓄意夺取本属于别人的东西：小心你的东西被人~。
断 tuæ̃3 堵截、拦住：你快去村口~强盗。
兔眉日眼 tʰu5 mi2 zɿ2 iɛ̃3 不通情理。又作“兔眉兔眼”。
砣砣 tʰo2 tʰo2 团状物：这肥~肉，哪个能吃哦。
砣子 tʰo2 tsɿ3 拳头：再惹我就给你一~。
堕 tʰo3 下坠：天太热了，狗舌条~得好长。
踏屑 tʰa2 ɕy2 贬低、侮辱：你不要乱~人。
胎合 tʰæe1 xo2 胆量：这个人~大得很，懒样事情都赶做；~足。
淌 tʰaŋ3 ①承受：他的力气太大了，我经不起~。②把磨好的米浆用勺子均匀地分布在锅里：你会~绿豆粉吗？
烫 tʰaŋ5 ①买卖中期骗人的行为：我今天买衣服着~了。②被火、开水等伤害：他的手是不小心被开水~的。③用熨斗把皱的衣物使其平整。
套套 tʰɐɤ5 tʰɐɤ5 ①用绳索打的结：我们用~把兔子套住了。②圈套：我们编个~等他来钻。
□ tʰən3 上下颠簸：这段路山路太差，坐车很~。
□ tʰən3 ①等，稍过一会儿：我现在没空，~哈再说。②磨蹭，拖延：你要~到哪天才和我回家。③作短暂的停顿：他因为在演讲过程中很紧张，~了一下才接着演讲。
舔肥 tʰiɛ̃3 fei2 讨好：我才不去和他~呢。
拖疲 tʰo1 pʰi2 故意拖延：这件事他恐怕是~吧。
亸 tʰo3 下垂：他爷爷的胡子都~下来了。
拖疲 tʰo1 pʰi2 做事慢
兔 tʰu5 ①吝啬：他这个人对别人最~。②不通情理。
团转 tʰuæ̃2 tsuæ̃5 附近：~都是我家的土地。
栾转 luæ̃2 tsuæ̃5附近：~都是我家的土地。
拉稀 la1 ɕi1 拉肚子。
拉沙 la1 sa1 后缀词，依附于名词之后，构成形容词性词语，表示纷乱之意：才几天不见，你就胡子~的。
拉屎拉尿 la1 sɿ3 la1 niɐɤ3 盘儿养女别称：我~把你们盘（养）大，你们倒变成黄野狗了。
邋遢 la2 tʰa2 ①不讲卫生。你太~了。②不修边幅：他~得很，不注意个人形象。
哪暂 la3 tsæ̃3 什么时候。你~走学校去？
□ lia1 女孩子说话做事娇气：她都十多岁了，还这么~。②指小孩喜欢接近某人。这孩子是~他爸点，还是~他妈点？③依靠：那老人家~他大崽坐。
撸 lu1 向内或向自己的方向扒：把东西~拢来。
路路 lu5 lu5 细而长的痕迹：他着老婆打了，脸上尽是些~。
拿捏 la2 li1 ①捉弄，为难：不要总~人家。②估计，办法：这件事我~不准。
搂 lɵu3 笼络，扶持：我跟你这么久，你要~倒起哟。
老 lɐɤ3 ①扛：上坡去~把柴转来。②举起：把手~高点。
恼火 lɐɤ3 xo3 ①病情加重：病~了。②事情难办：这件事办起来有点~。③惨：昨晚上我输~了。
潦 liɐɤl 稍微煮烫一下：把猪脚~一下。
偻餿 lɵu2 sɵu5 ①寒酸：他搞得好~哟。②吃相鲁莽，不文雅：他像八辈子没得吃似的，吃得啷个~。
偻偻垮垮 lɵu2 lɵu2 kʰua3 kʰua3 邋遢至极，又作“偻偻馊馊”：你看他穿得~的，可能是没人管。
漤 læ̃3 ①用盐浸渍：腊肉在炕之前都是用盐~过的。②用面粉等包裹：~点面面到包子上。
狼个 laŋ2  ko1 哪样，又作“懒样”。
落教 lo2 tɕiɐɤ5 言语举止合人意：这人~得很。
□ lia2 ①脱掉，脱下：快把衣服~了，身上有虱子。②身体疲惫：我~得很，想休息一下。
流汤滴水 liu2 tʰaŋ1 ti2 suei¹3 ①吃相不规矩。②办事不果断，不干脆。
搛 tɕiɛ̃1 用筷子挟：吃饭时，你多~点菜吃。
拈阄 tɕiɛ̃1 tɕiu1 抓阄。
冷屁煪烟 lən3 pʰi5 tɕʰiɵu1 iɛ̃1 冷寂的样子：婆娘不在家，屋里头~的。
癞巴癞疙 læe5 pa1 læe5 kei5 粗糙，不光滑：这块石头~的。
□ laŋ1 体形瘦长的样子：这孩子长得也太~了。
□□子 laŋ1 laŋ1 tsɿ3 形容体质较差。
□精精 laŋ1 tɕin1 tɕin1 形容瘦弱的样子。
攮 laŋ3 ①来回摇晃器皿中的液体来清理容器：把杯子~一下。②把衣服放入水中来回揉动：请把衣服~干净后再晒。
㫰 liaŋ5 ①晒：~衣服。②雨过天晴：等天~了我们在赶路。
浪个 liaŋ5 ko5 那样：~多人来看热闹啊？
痨痢壳壳 lɐɤ2 li5 kʰo2 kʰo2 肺病。
□ lia2 脱落：皮子都晒~了。
亮绍 liaŋ5 sɐɤ5 明亮。
潦 liɐɤ2 把生菜放在开水里烫一下：~酸菜。
□光 lin1 kuaŋ1 没有剩一点东西：昨晚上打牌输得个~。
搂起 lɵu1 tɕʰi3 ①使劲：你要~往上抬。②用绳索绑住某物使其不掉下。
拢 loŋ3 到达：你~了没有。
漉 lu1 从液体中捞、网某物：我们今天去~鱼。
□ luei1 追：他跑了，你快去~。
轧 ka2 ①割，剪：他把电线~了。②掐：把面条~断。
嘎 ka3 ①猪肉：想买点~回去。②形容人长得肥胖：他这人一身的~。
干 kæ̃1 ①未劳而获：~得了好多钱。②少的，没有多余的：一天~做这些。③手边经济紧张：这几天手里~得很。④无意义：这回~讲，没有人听。⑤毫无目的地：你一天~走；~调皮。⑥净的，没有附加：~工资。⑦白白地忙活：~忙了一场。
干筋筋 kæ̃1 tɕin1 tɕin1 干瘦的样子：~，瘦壳壳。
干筋瘦壳 kæ̃¹ tɕin1 sɵu5 kʰo2 单薄瘦弱的样子：~，日屄万恶。
干焦焦 kæ̃1 tɕiɐɤ1 tɕiɐɤ1 形容水分少，干燥：没有水喝，嘴巴~的。
干扯 kæ̃1 tsʰɛ3 毫无意义地说说。
干燥 kæ̃1 sɐɤ5 干燥：室内好~。
干兴 kæ̃1 ɕin5 全部，大家：~下午到我家吃饭。
搞豪 kɐɤ5 xɐɤ3 ①贪心：他吃饭太~了。②小孩性情不定：他~得很，一天都到捞。
隔奶 kei2 læe3 小孩子长到一定年龄就不再让他喝母亲的奶汁。
□ kɛ3 粪便：屙~。
□ kei2 ①割：帮这块肉~下来。②杀掉：他再乱说，我们把他~了。
跟倒 kən1 tɐɤ3 ①随即：天黑了，你要~我们走。②顺着、沿着：你~这条山路走就到了。
哽 kən3 噎住：吃饭~住了。
裹 ko3 ①染、粘：你的衣服上到哪点~的灰。②混在一起：你不要一天都和那些二流子~了。③缠绕：帮我头上的帕子~好点。④发生不正常的性关系：他两个~在一起了。
过 ko5 ①采取…的方式：教育学生~打不行。②与之前相比变小了：火要~了勒，加点柴。③离开原地：这里太窄了，再走~去点。
钩 kɵu1 用带钩的针编织：你帮我~件毛衣吧。
够 kɵu5 ①满意了：我吃~饭了。②竭力伸长手臂去拿或摸：我的手~不着书啊。
够得 kɵu5 tei2 需要很多时间：这本书~你看。
躬 kɵu2 弯着身子：睡平起，不要~起睡。
拱 koŋ3 ①用头去顶或撞某物：猪又到~圈了。②冒出：他的头上~起个大包。
拱 koŋ5 钻：人太多了，~都~不通。
古 ku3 ①执拗：他的脾气越来越~了。又作“日古”。②耍痞：这孩子太~人了。③欺压：你不要~我。
古倒起吃 ku3 tɐɤ3 tɕʰi3 tsʰɿ2 优势明显，但表现得很霸道：你的牌好，你就~。
古倒 ku3 tɐɤ3 坚持：天黑了，但他~要走。
圪腻 kei2 li3 人体皮肤上的污垢：小孩自己下河洗澡一般都不搓~。
卡 kʰa3 阻拦：~倒点他，不让他投篮。
刮毒 kʰua2 tu2 阴险狠毒。
挂角亲 kʰua5 tɕiɐɤ2 tɕʰin1 指已疏远的亲戚关系。
拐 kʰuæe3 糟糕：这回搞~了。又作“拐火”。
归一 kʰuei1 i2 完，尽：你把这事搞~起。又作“收火”。
鬼火戳 kʰuei3 xo3 tsʰo2 极想发怒的样子。
鬼眉实眼 kʰuei3 mei2 sɿ2 iɛ̃3 不成样子，又作“花罩吉稀”。
跪搓衣板 kʰuei5 tsʰo1 i1 pæ̃3 小孩受家长或丈夫受妻子的惩罚：你再不回去，要着老妑妑（老婆）~。
交 kɐɤ1 遍：到处找~了，都没找到。
搞倒事 kɐɤ3 tɐɤ3 sɿ5 得到好处，成功：这回着他~了。
关火 kuæ̃1 xo3 ①管用。他说话不~？②厉害，含有贬义色彩：你~，你来做这件事。
关风 kuæ̃1 fən1 守口如瓶。
国 kuæ̃2 自己：你~不展劲，还怪哪个？
灌 kuæ̃5 感染化脓。脓包疮~了。
刚kaŋ3 ①一会儿。②阵，股：一~风。
刚刚kaŋ1 kaŋ3 一小会儿。又作“等刚刚”。
光生 kuaŋ1 sən3 平滑而光洁。
光板 kuaŋ5 pæ̃3 指麻将白板。
拱 koŋ3 暗中使坏：你这回升官，有好多人~你呢。
寡 kʰua3 ①缺少油水：你看这菜炒得清汤~水的。②很：这汤~咸。
寡母子 kʰua3 mu3 tsɿ3 孤苦一人。
寡丁崽 kʰua3 tin1 tsæe3 孤儿。
寡蛋 kʰua3 tæ̃5 孵小鸡孵坏后而变质的蛋。
乖 kʰuæe1 ①可爱：这孩子长得好~。②依顺、听话：张三是个~孩子。③漂亮：这女孩子长得好~哟。
拐 kʰuæe3 出错了：这件事搞~了。
拐拐 kʰuæe3 kʰuæe3 转弯处。
拐弯磨脚 kʰuæe3 uæ̃1 mo5 tɕio2 形容说话不直爽，又具有隐含的话语：他~说你啊。
怪值不得 kʰuæe5 tsɿ2 pu2 tɛ2 表示很惊奇的样子：~他没来和我们玩，原来是他要在家做作业。
惯肆 kʰuæ̃5 sɿ5 溺爱、放纵：你不要太~孩子，这样对他不好。
光胯胯 kuaŋ1 kʰuæ̃3 kʰuæ̃3 形容赤身露体。
光波 kuaŋ5 po1 剃光后的头。
归着 kʰuei1 tso2 ①整齐、工整：他的字写得~；他这一身穿得太~了。
□ kʰa1 ①双手掐住：我用手~死你。②夹住：我的脚被石头~住了。③故意刁难：他想~你。④量词，大指与食指张开的距离：我的笔有一~长。
旮旮 kʰa1 kʰa1 角落。又作“旮旯”。
旮旮角角 kʰa1 kʰa1 ko2 ko2 每个角落：我们找遍了~，都不见他的踪影。
开麻生子 kʰæe1 ma2 sən1 tsɿ3 皮肤因受冻而裂口。
开顶 kʰæe1 tin3 头顶掉发。
开黄腔 kʰæe1 xuaŋ2 tɕʰiaŋ1 说外行话，不懂装懂。
开交 kʰæe1 tɕiɐɤ1 应付：你现在不好好学，晓得将来张个~。
揩屁股 kʰæe1 pʰi5 ku3 替别人收拾残局：你搞起这个烂摊子，要我来给你~。
坎脑壳哩 kʰæ̃3 lɐɤ3 kʰo2 li2 骂人的话。
坎切 kʰæ̃3 tɕʰi2 果断：你做事应该点~。
靠头 kʰɐɤ5 tʰɵu2 依靠：他太穷了，都没有~了。
壳拽 kʰo2 tsæe5 用手指去敲打对方的头。你在说话，等哈我科你两~。
瞌睡眯须 kʰo2 suei5 mi2 ɕy1 ①昏昏欲睡的样子。②疲倦的样子。
空绍 kʰoŋ1 sɐɤ5 ①房子、场地等空旷。这房子太~了。②头脑聪明：他的脑壳太~了。
空捞捞 kʰoŋ1 lɐɤ1 lɐɤ1 相当于“空荡荡”。例如：车里~的。
抠 kʰɵu1 ①挖：到土头去~地萝卜吃。②抓、挠：~背。③小气、吝啬：他这个人最~。
箍 kʰu1 ①双手怀抱：放开手，你~倒我了。②看管：你要帮他~倒起，不要让他乱来。
磕 kʰo1 敲打头部：他如果不听话，你就~他几下。又作“敲磕拽”。
垮杆 kʰua3 kæ̃3 失败：他这次~了，着警察抓了。
开叫 kʰæe1 tɕiɐɤ5 ①指公鸡成熟后的第一次叫声。②开始：我的牌，都还没~，你就和了。
快当 kʰuæe5 taŋ5 速度快。还不~点。
考人 kʰɐɤ3 zən2 棘手，难办，为难人：这件事有点~哦。
看 kʰæ̃5 欠：（打牌时）~你一手。
宽稍 kʰuæ̃1 sɐɤ1 宽敞。
侃 kʰuæ̃3 ①夸海口：你不要一天到处~大话。②碰倒，拦倒：你~倒我脚杆了。
诓 kʰuaŋ1 ①看管，哄，逗：你帮我~一下娃娃。②哄骗：~鸡进笼。
空手撂脚 kʰoŋ1 sɵu3 liɐɤ5 tɕio2 空着手：你~的，还好意思走人家去？
焪 kʰoŋ3 焖：~马铃薯饭。
箍 kʰu1 ①从物体中部用竹条捆扎：~水桶。②限制：一点小利益就把他~倒了。③维系团结：他们单位闹矛盾，全得老王把他们~倒起。
垮 kʰua3 ①往下掉：孩子的裤子~了。②阴沉着脸，表示不满意：你看他，脸包一~起。
垮脸 kʰua3 liɛ̃3 变脸色。
梱 kʰun2 ①完全、完整的：你吃这个粑粑是~的。②圆的：这根棒棒是~的。③肥胖，结实：他长得好~哟。④笼统、含糊：~话。
腌臜 ŋa1 tsa1 肮脏：一双手~得很。
挨 ŋæe1 ①碰，摸：他家娃儿~不得。②靠近：姑娘~倒妈睡。③顺着：~这边走就到他家了。
挨边 ŋæe1 piɛ̃1 接近：你说的话一点都不~。
挨拢 ŋæe1 loŋ3 靠近：~点才看得清楚。
捱 ŋæe2 ①研磨：~墨。②搓揉：把手背上的包包~散。③拖延：不要~时间喽。④遭受：他~了一顿。⑤忍受：他~得住不？
捱刀的 ŋæe2 tɐɤ1 ti3 咒人该死，骂人的口语。
捱刀砍老壳死你 ŋæe2 tɐɤ3 kʰæ̃3 lɐɤ3 kʰo2 sɿ3 li3
背时砍老壳死你 pei5 sɿ2 kʰæ̃3 lɐɤ3 kʰo2 sɿ3 li3
碍口实羞 ŋæe5 kʰɵu3 sɿ2 ɕiɵu1 腼腆，欲说不说的样子：有话就说嘛，不要~的。
碍眉碍眼 ŋæe5 mi2 ŋæe5 iɛ̃3 ①挡住视线：~的，莫要挡着我。②做事慢手慢脚，~的，让我来。
□ ŋaŋ1 ①形容声音很响亮：鞭炮声太~了。②发出声音：收音机不~了。
戆 ŋaŋ5 呆，不聪明，有时指脑筋一时转不过弯：我好~哟，字点办法都没有想到。
爱好 ŋæe5 xɐɤ3 注意整洁：他家姑娘好~，一天都穿得干干净净的。
安 ŋæ̃1 ①放置：把桌子~稳点。②设置：你家~电话不得？③设置猎具捕捉：拿夹夹~兔子。
谙 ŋæ̃2 ①估计：你~我不来是不是？②想：我~下再答复你。③估量着、有节制地：你~倒给他点生活费，不要一次给多了。④估量着准时地：三点钟开会，你~倒时间去，去早了不好。
暗 ŋæ̃5 晚，迟：你来~了一步，人都走光了。
晏下 ŋæ̃2 xa3 过一会儿：我~再来。
拗 ŋɐɤ1 讨价还价：他两个在~价钱。坚持：他~起不让。
咬倒犟 ŋɐɤ3 tɐɤ3 tɕiaŋ3 坚持某种说法，十分固执：你不要~，明明是你不对嘛。
拗 ŋɐɤ2 ①撬：用棍子把门~开。②长形物一端受力，中有支点，用力压另一端使平衡：~起担子回家。③向上翘：秤~起了，你还嫌少。④顶牛，不合作：大家都同意了，就他一个人~起。
硬帮 ŋən5 paŋ5 ①形容身体或手脚不灵活的样子：跳个舞~~的，教都教不会。②没有生命迹象的时间较长：这大哥人都死~了。③物体结实：这根棒棒好~哟，掰都掰不断。
硬 ŋən5 ①硬：今天的饭煮得~。②硬朗、健实：她老人家~得很，活百岁没得问题。③坚强：~点，不哭。
硬是 ŋən5 sɿ5 ①实在是：他~凶，惹不得。②无论如何：叫他去，他~不去。
硬的 ŋən5 ti3 不讲条件的：这次调动要来~，说走就走。
硬斗是散 ŋən5 tɵu5 sɿ5 sæ̃3 不容改变，实实在在的：道理~，随你咋说都不行。
怄 ŋɵu5 伤心，生气：娃儿死了后，她眼睛都~瞎了。
怄气 ŋɵu5 tɕʰi5 生闷气：他还在~。
怄人 ŋɵu5 zən2 让人生气：你做的那些事硬是~。
下下 xa¹ xa¹马上：你等一~，他~就来。
下下 xa5 xa5 马上：你等一~，他~就来。
回 xuei2 ①受潮：因为天天下雨，瓜子都~了。②重新加热。菜冷了，拿到锅头去再~哈。③天气由晴变阴：早上还是大太阳，下午就~了。
号 xɐɤ5 占，记在名下：这个位置你帮我~起哈。
喊黄 xæ̃3 xuaŋ2 诬陷，诬赖。
混劳保 xun3 lɐɤ2 pɐɤ3 吃不付钱的饭。
行实 xaŋ2 sɿ2 能干，逞能。
晃心大 xuaŋ5 ɕin1 ta5 不专心。
红黑是 xoŋ2 xei2 sɿ5 反正，总是。
哈声哈气 xa1 sən1 xa1 tɕʰi¹ 声音嘶哑：~的，还想唱歌！
哈喉 xa1 xɵu2 食物变质而令喉咙不适。
□ xa1 ①用手或工具翻动：把谷子~开。②摸弄：不要在我脑壳上东~西~的。③找寻，获取：你这张票是从哪点~来的。④钻营、应付：他在外头还算~得转。
□得开 xa1 tɛ2 kʰæe1 ①吃得开：他在单位~。②忙得过来：我~，你忙你的。
哈 xa1 ①张口吐气：~口气。②腌制肉食品变味：腊肉~了。
傻xa¹ 傻，但比憨语气更重。这个人~得很。
海实 xæe3 sɿ2 用力，使劲：大家~吃，不要客气。
憨吃哑胀 xæ̃1 tsʰɿ2 ia3 tsaŋ3 无节制的大吃：~要坏肚子。
憨不拢耸 xæ̃1 pu2 loŋ3 tsʰoŋ3 傻乎乎的样子。
憨不溜秋 xæ̃1 pu2 liu1 tɕʰiu1
憨水 xæ̃1 suei3 ①烧煮过但未开的水。②搞恶作剧。
夯 xaŋ1 ①筑紧：把地坪~下儿。②制服：你~得住他不？
好生 xɐɤ3 sən1 认真：你要~学习。
黑 xæ̃2 吓唬：你莫~我。我着你~老火了。
黑妈妈 xæ̃2 ma1 mæ̃1 指漆黑一片。又用：“黑古聋冬 xæ̃2 ku3 loŋ3 toŋ1”、“黑洞洞 xæ̃2 toŋ5 toŋ3”、“黑秋秋 xæ̃1 tɕʰiɵu1 tɕʰiɵu1”、“黑墨煪刚 xæ̃2 ma1 tɕʰiɵu1 kaŋ1”。
恨 xən5 用目光盯人表示怨恨：他拿眼睛~我。
呵风 xo1 fən1 空气渗入（腌制中的食品）：泡菜缸~了。
合手 xo2 sɵu3 ①（工具）好使：这把刀~。②配合默契：我俩做事要~点。
活甩甩 xo2 suæe3 suæe3 ①不牢靠的样子：这些东西拴得~的。②不可靠的样子：他做事~的。
伙 xo3 ①结伙：不要和他们~，要吃亏的。②掺和：不要把烂纸和书~在一起。③特指女人婚外恋。她又~倒个男人。④介词和连词，同“和”。
和 xo5 ①搅拌：把锅头的菜~下。②掺和：要~倒嚼才香。③附和：他说他的，你不要跟倒~。
猴抓舞抓 xɵu2 tsua1 u3 tsua1 杂乱无序乱搞一气的样子：一天~的，一样都搞不好。
后头 xɵu5 tʰɵu2 厕所的委婉说法：去~一趟。
花 xua1 ①恋爱不专一：这个人~得很，谈不倒几天又把人甩了。②不能静心做事：娃儿玩~啦。③脏：脸包是~的。
花眉花脸 xua1 mei2 xua1 liɛ̃3 形容脸脏。
花间 xua1 tɕiɛ̃1 前额脱发后露出的部分：这个人的~高，今后要当大官。
花绍 xua1 sɐɤ3 花色艳丽的样子：这件衣服~。
滑鳔鳔 xua2 pʰiɐɤ5 pʰiɐɤ5 非常滑的样子：黄泥巴路，一下雨就~的。
滑刷 xua2 sua2 ①光滑：这地板好~哟。②流畅：他的字写得好~。
横扯 xun2 tsʰɛ3 强词夺理：你不要~，错了就错了。
横顺 xun2 sun5 ①反正，无论如何：~我不管，这是你的事。②还是，依然：这件事~由你去办才好。
黄 xuaŋ2 ①唱歌走调：我的声音是~的。②外行：谈~话。③破裂：他两个的关系~了。
黄皮寡瘦 xuaŋ2 pʰi2 kʰua3 sɐɤ5 面黄肌瘦：一个个饿得~的。
恍 xuaŋ5 精神不集中，健忘：他这个人，做哪样事都~得很。
恍恍惚惚 xuaŋ3 xuaŋ3 fu2 fu2
晃 kuaŋ5 光线刺激眼睛：这边有点~，看不倒黑板上的字。
灰巴拢耸 xui1 pa1 loŋ3 soŋ3 形容灰尘很多，灰色，有贬义：那件衣服~的，不好看。
□ tɕia1 ①用虎口捏、挤：把人~死。②衣、鞋等窄小，压迫身体：鞋子小，太~脚。
激 tɕi2 ①温热的身体突受冷冰的水浇淋的感觉：今天的水好~人。②在沸水中加少量冷水，使其受到抑制：锅头再~次水才舀汤圆。
几姨妈 tɕi3 i2 ma1 关系密切的几个人：这件事就是他们~搞的。
几爷崽 tɕi3 i2 tsæe1 父亲的子女几个：他家妈走了，~日子不好过喽。
家 tɕia1 动物经饲养而驯服：这些雀雀都喂~了！
家业 tɕia1 li2 匠人或家中工具器物的总称：把这些~收拾好。
家门 tɕia1 mən2 同姓的人：我们还是~。
夹生 tɕia2 sən1 未熟透：~饭。
假巴 tɕia3 pa1 假装，又作“假巴意实”。
架势 tɕia5 sɿ5 ①姿态、样子：看他那个~都心烦！②局面，气氛：看这~好像拿几个开刀处理。
架事 tɕia5 sɿ5 开始，着手，又作“侉事”：还没起~呢。
紧帮帮 tɕin3 paŋ1 paŋ1 使物体受到较大压力、拉力或张力：牙齿咬得~的。
脚脚 tɕio2 tɕio2 ①身体的下部。②残余的渣滓。这中药吃得都只剩下~了。
焦湿 tɕiɐɤ1 sɿ2 很湿：你衣服打得~的。又作“胶巴湿”。
狡 tɕiɐɤ5 ①精明。②能言善辩。
奸 tɕiɛ̃1 ①精明，滑头：这个娃娃~得很。②为人做事精明，处事圆滑：他工作了几年，比原来~多了。
兼扯 tɕiɛ̃1 tsʰɛ3 平均计算。
捡□□ tɕiɛ̃3 pa1 pa1 捡便宜。
贱皮子 tɕiɛ̃5 pʰi2 tsɿ3 ①贱骨头，指不自尊和不知好歹的人。②不计较得失的人（多自称）：我是个~，着人骂了还来帮他做事。
经 tɕin1 能持久：~饿、~烧、~用。
将就 tɕiaŋ1 tɕiu5 ①凑合：我俩~过。②迁就迎合：不要~我。③勉强接受：菜不好，~吃。④顺便：你上街~给我买斤毛线来。
犟 tɕiaŋ5 ①固执：他脾气~得很。②挣扎：鱼上钩了，~都~不脱。③狡辩：他嘴巴最~。④笨拙不灵活：他做事~手~脚的。
供 tɕioŋ5 ①供奉：~祖先；~菩萨。②同家族：我俩~老祖公。
夹磨 tɕia2 mo2 折磨：这娃儿一天闹到黑，硬是~人。
夹生饭 tɕia2 sən1 fæ̃1 ①未熟透的饭。②喻指未办妥并使其更不好办的事：这件事着搞成~了。
夹舌头 tɕia2 sɛ2 tsɿ3 说话口吃的人。
尖 tɕiɛ̃1 ①声音高而刺耳：那姑娘声音好~噢。②竖（耳朵高度集中注意力去听）：~起耳朵听。
尖脑壳 tɕiɛ̃1 lɐɤ3 kʰo2 喻指好钻营的人。
狡猾 tɕiɐɤ3 xua2 ①聪明：这个崽崽好~。②耍小聪明、好计较的：~的娃儿没得大出息。
謇子 tɕiɛ̃3 tsɿ3 口吃的人。
捡□和 tɕiɛ̃3 pʰa1 xo2 ①轻易地得到好处：这回评称职，他又~了。②占便宜：那个人最爱~。
焦人 tɕiɐɤ1 zən2 ①难为情：空起手走人户，好~。②使人着急：都快考试了，还没得复习完，好~啊！
叫 tɕiɐɤ5 （牲畜发情而）鸣叫：母猪~了就牵去配种。
嚼牙巴骨 tɕiɐɤ2 ia2 pa1 ku2 ①搬弄是非，乱说：他这个人就爱在背后~。②无谓地争论：我没得时间跟你~。
接嘴 tɕi2 tsuei3 插嘴：上课就好好听，不要~。
接瓢 tɕi2 pʰɐɤ2 喜欢插嘴的小孩。
金贵 tɕin1 kuei5 重要，宝贵：这个崽是独生子，~得很。
惊咋 tɕin1 tsa5 受惊后而大声喧叫：你~个哪样，不怕别人笑话？
经试 tɕin1 sɿ1 结实：这根扁担~得很。
筋筋吊吊 tɕin1 tɕin1 tiɐɤ5 tiɐɤ5 形容衣物，肉块不成形的样子：那几年她穿得~的。
筋绊 tɕin1 pæ̃5 干涉，麻烦：生意没赚倒钱，就有人来~了。
筋筋绊绊 tɕin1 tɕin1 pʰæ̃5 pʰæ̃5 ①碍手碍脚，牵挂连累：娃儿还小，~的，我简直走不开。②做事不果断：他做哪样事都~的。
筋丝 tɕin1 sɿ1 食品柔韧性：苕麻糖~好。
精光 tɕin1 kuaŋ1 完全，尽：我家~吃米，不吃杂粮。
紧 tɕin3 ①由着，任凭：~吃饱，不要管。②老是：说一道就行了，不要~倒讲。③在沸水中煮一下即捞出：把肠子~一下，经搁点。
久不久 tɕiɵu3 pu2 tɕiɵu3 间或：他~要来一趟。
脚转筋 tɕio2 tsuæ̃3 tɕin1 脚抽筋。
脚杆洗得好 tɕio2 kæ̃3 ɕi3 tɛ2 xɐɤ3 运气好（多指巧遇宴席）：三十夜~，正赶到吃饭。
脚杆劲 tɕio2 kæ̃3 tɕin5 两脚的力气：他~大。
角子 tɕio2 tsɿ3 牌局中的成员：打麻将还差~。
蜷 tɕʰyɛ̃1 卷曲：~腰杆 | ~起脚睡。
欺头 tɕʰi1 tʰɵu2 便宜：你着人家占了~。
齐 tɕʰi2 ①从：~这点切断。②到：走~哪点黑就到哪点歇。③在：他想精想怪会~大街上哭。
齐展 tɕʰi2 tsæ̃3 整齐：木料放得~。
骑马马肩 tɕʰi1 ma3 ma3 tɕiɛ̃1 指小孩骑在人肩膀上的游戏，又作"打马马肩"。
七翘八拱 tɕʰi1 tɕiɐɤ5 pa2 koŋ3 ①蠕动的样子：口袋头怕是猫，~的。②不平的样子：这样板子不放好，干了就~的。③形容内部不团结：学校内部~的。
七搞八搞 tɕʰi2 kɐɤ3 pa2 kɐɤ3 东弄西弄：嘿，他~的还把机子修好了嘞。
七整八整 tɕʰi2 tsəŋ3 pa2 tsəŋ3
七说八说 tɕʰi2 so2 pa2 so2说话不一，多嘴多舌。
七想八想 tɕʰi2 ɕiaŋ3 pa2 ɕiaŋ3 思想不专一。
起 tɕʰi3 ①向上挖出：~点土来搭灶。②建造：~房子。③刮掉或脱掉表面一层：手上~皮了。④表持续状态的助词：站~看。⑤形成某种状态：现在大学生多得~堆堆。⑥着：站~。⑦形成：~老茧了。
起心 tɕʰi3 ɕin1 存心，有心：你~学就会学倒。
起眼 tɕʰi3 iɛ̃3 ①值得一顾（多用于否定句）：这点钱不~。②引人注意：他太~了。
起夜 tɕʰi3 i5 入睡后（多为半夜）起来大小便。
起首 tɕʰi3 sɵu3 开头时：~我有点虚，后来就不怕了。
气鼓气胀 tɕʰi5 ku3 tɕʰi5 tsaŋ5 ①肠胃气胀：我肚子头~的，一点东西都不想吃。②鼓鼓囊囊的样子：荷包装得~的。③生气的样子：一天到黑~的，哪个惹倒你了？
雀 tɕʰio2 ①下流：尽讲~话。②开玩笑，喻指人好玩：他这人~得很。
雀雀 tɕʰio2 tɕʰio2 儿语，专指小孩生殖器。
悄悄眯眯 tɕʰiɐɤ1 tɕʰiɐɤ1 mi1 mi1 悄悄。
桥 tɕʰiɐɤ2 ①扭曲变形：板子~了。②靠不住，不行：你来帮他说，也是~的。
桥家伙 tɕʰiɐɤ2 tɕia1 xo2 不行。
俏 tɕʰiɐɤ5 具有某种优势而自大：他现在~得很。又作"俏伴"。
俏市 tɕʰiɐɤ5 sɿ5 ①抢手。②因具有某种优势而自大。
瞅 tɕʰiɵu1 ①瞧：老师往教室里~一眼，就走了。②用烟火熏烤：~腊肉。③烟熏人：烟子太大，~得很。
瞅眉瞅眼 tɕʰiɵu1 mei2 tɕʰiɵu1 iɛ̃3 ①睡眼惺忪的样子。②因眼睛小或眼睛近视而眯起眼睛。
轻捞捞 tɕʰin1 lɐɤ1 lɐɤ1 重量比较轻，相当于"轻飘飘"：这把扇子拿起来~的。
青□□ tɕʰin1 kɛ3 kɛ3 形容物品呈青色，但较淡：菜还是~的就拿去卖了。
□ tɕʰya2 跨：一~进门就喊饿。
纤翻 tɕʰiɛ̃1 fæ̃1 ①花样多。②顽皮。
掮 tɕʰiɛ̃2 扛：把柴~转去。又作"栳"。
抢水饭 tɕʰiaŋ1 suei3 fæ̃5 本指鬼抢人们所泼的水饭，喻指慌忙急迫的行动：你忙哪样，忙去~啦。
清口水 tɕʰin1 kʰɵu3 suei3 因饥饿等冒出来的唾液：饿得淌~。
清早八早 tɕʰin1 tsɐɤ3 pa2 tsɐɤ3 清早：~的就来喊。
清丝严缝 tɕʰin1 sɿ1 ŋæ̃2 foŋ5 闭合严密，多形容器物做工细致。
清汤寡水 tɕʰin1 tʰaŋ1 kua3 suei3 形容菜肴中无肉少油：这一段伙食~的，人都瘦了。
沁 tɕʰin5 纸吸水而墨迹易扩散：这种纸太~，不好写钢笔字。
穷哆嗦 tɕʰioŋ2 lo1 so1 老是唠叨说废话：人家都不说了，就是你一个人~。
全得 tɕʰyɛ̃2 tɛ2 ①全靠：那天~他在，不然还拿不动。②全因为，常用于感谢言语中：~你老人家在场，要不然我们遭殃了。
全在 tɕʰyɛ̃2 tsæe5 听凭，任由：随便你搞哪样，~你。
唏 ɕi1 ①看：各人不晓得~啊。②照看：你帮他~倒起。
稀 ɕi1 裂缝：木盆晒~缝了。
稀罕 ɕi1 xæ̃5 ①看重：在农村大米饭，是个~东西嘞。②不要，语气很重：我~你的东西！
稀恒 ɕi1 xəŋ5 礼貌语。
稀□烂 ɕi1 pʰa1 læ̃5 ①过分熟烂：萝卜墩得~。②稀烂不堪：一伙人把他家打得个~。
捞稀 lɐɤ1 ɕi1 稀稀落落：树上~结了几个果子。
希里呼噜 ɕi1 li1 xu1 lu5 ①形容动作的快捷：他~就刨完了一碗饭。②糊涂：他~的，不晓得在搞懒样？
稀得好 ɕi1 tɛ2 xɐɤ3 幸好：~他回来了。
瞎眉瞎眼 ɕia2 mei2 ɕia2 iɛ̃3 形容视力不好，看物不清：~的，走路看倒点。
下饭菜 ɕia5 fæ̃5 tsʰæe5 ①佐食之菜。②喻指对手（只用于否定句）：下棋么，他不是我的~
下地 ɕia5 ti5 ①出生：娃儿~就要吃奶。②幼儿开始学步：他家娃儿都~了。③到地里去干农活。
下火 ɕia5 xo3 ①民俗、中医等减轻火气，与"上火"相对：~的菜要多吃。②拿某人开刀：他拿他~。③没有能力办事，一般用否定句：他拿不~。
下细 ɕia5 ɕi5 ①仔细：~点，不要搞错。②俭省：他过日子~得很，舍不得吃舍不得穿。
先不先 ɕiɛ̃1 pu2 ɕiɛ̃1 当初，最初：~就搞我一锭子。
先人板板 ɕiɛ̃1 zən2 pæ̃3 pæ̃3 祖先牌位：日你家~。
现过现 ɕiɛ̃5 ko5 ɕiɛ̃5 ①立马兑现：现在人们做事都要~，不是打虚飘就行。②现金支付：这批货要~。
捎 ɕiɐɤ1 ①掀：~开被条。②推：把煤从车上~下来。③关：把门~起，风大得很。
小家子气 ɕiɐɤ3 tɕia1 tsɿ3 tɕʰi5 形容扭扭捏捏不够大方：办大事不能~的。
小算盘 ɕiɐɤ3 suæ̃5 pʰæ̃2 ①独到的注意：我们每个人心中都有一个~。②算计：他在打~。
歇凉 ɕi2 liaŋ1 乘凉。
虚 ɕy1 怕：哪个~你！又作"虚火"。
血衁子 ɕy1 uaŋ3 tsɿ3 指凝固的血。
叙毛 ɕy5 mɐɤ2 开玩笑，调侃，不当正事：这事要好生点办，不要~。又作"叙毛谈情"。
兴 ɕin1 ①流行：现在~这样。②允许：不~啷个。③立规矩：不是小的得罪你，从前老的~在前。
心䞀 ɕin1 xɵu5 贪心、贪婪。
新恒 ɕin1 xəŋ2 很少来，家里来客的敬语：~啊，请快屋里坐。
旋 ɕyɛ̃2 顽皮，脸皮厚。又作"旋脸"。
旋皮寡脸 ɕyɛ̃2 pʰi2 kua3 liɛ̃3 顽皮，不知耻的样子。
醒 ɕin3 ①呆：你啷个~喃，尽做呆子事。②粥类食物变质，由稠变稀。③发酵成功：甜酒~了，可以出窝了。
醒水 ɕin3 suei3 醒悟：事到如今他才~。
幸 ɕin5 衬托（往往用于消极义）：你样样都逞能，不是把别个~丑呵？
凶 ɕioŋ1 ①厉声呵斥：着他~了一顿。②训斥：~了他一顿。③凶猛：野猪~得很，一哈子冲了下来。④厉害：他好~哟，这件事情都敢做。
雄 ɕioŋ2 ①指坚强而有力：他~得很，不要惹他。②神气：你看他那个样子好~。
虚 ɕy1 ①心里发憷：提起那件事，我心头就~。②怕，服软：哪个~哪个，跟他斗！
虚火 ɕy1 xo3
悬 ɕyɛ̃2 ①危险：这些娃儿站在河坎上，~得很。②不保险：这件事有点~，怕办不成。③不牢实：这根绳子有点~，怕断。
旋 ɕyɛ̃5①头顶头发成旋涡状的地方：他头上有两个~。②成圆形地切割：从后腿子上~块肉来炒吃。③从四周向内转：稀饭太烫，~起吃。④转来转去地看：他来这里左一趟右一趟的~。⑤立即：~做~吃。
钊喳 tsɐɤ1 tsa2 形容做事很快，利索。
奓 tsa1 ①张开：把嘴~大点。②裂开：大木柜~缝了。
张个了 tsaŋ2 ko5 la3 怎么了。
渣渣 tsa1 tsa1 ①碎屑：~落到眼睛头去了。②垃圾：倒~。③物品提取精华后剩下的残渣。
扎 tsa2 ①绕束：把桶再~两圈。②整理（衣服）：把衣服~好了再出门。③针刺一般的冷：水太~手。④庄稼被冻坏：菜着凌~死了。
砸 tsa2 ①扔，掷：~石头，看哪个~得远。②往下掼：他一回家就~碗~筷的。
扎沕 tsa2 mi5 潜水
嘱咐 tsa5 fu2 叮咛，嘱咐：我再三~他不要去赌。
眨巴烂眼 tsa3 pa1 læ̃3 iɛ̃3 不停眨眼的眼病。
笮秤 tsa5 tsʰən5 指物体的比重大：红萝卜~。
支 tsɿ1 支使，使唤：大懒~小懒，脚刀拐碰脚杆。
筑 tsu2 ①填塞：~坝。②堵塞：感冒了，鼻子~得很。
杵 tsu2 手脚扭伤：他跶一跟斗，手着~倒了。
则边 tsɛ2 piɛ̃1 旁边。
左 tso3 调换：~点零钱给我。
坐敦 tso5 tən1 猪屁股。
坐板疮 tso5 pæ̃3 tsʰuaŋ1 臀部生的疮。
差火 tsa1 xo3 差，差劲。
在 tsæe5 ①任凭，随便，相当于"由"：去不去~你。②缝，订：~铺盖。居住，停留：这点太热，~不住。
造孽 tsɐɤ5 li2 穷，可怜：他家太~了。
转 tsuæ̃5 灵活：这个人脑壳~得很。
争点 tsən1 tiɛ̃3 差点：~有她妈高了。
争嘴 tsən1 tsuei3 在吃东西或买东西时争多论少：~要生~疮。
整 tsən3 ①做、弄：~点东两吃。②打、揍：~家伙。③迫害，整治：莫要~人。④整理，收拾。⑤办：这件事怎么~。⑥修理：锅儿漏了，该~下了。
栽 tsæe1 ①插埋：把杆杆~稳点。②诬陷：不要把罪名~给我。③摔（跟斗）：我一头~在水里头去了。④失败（在某一点上）：他这回~在股票生意上。⑤用东西击：不要~石头，看打倒我家窗玻璃。
崽哟 tsæe3 io3 惊叹语，用于句首：~，他钓了条大鱼。
趱 tsæ̃3 ①移动：把桌子~过去点。②迁居：他家~到四川去了。
攒劲 tsæ̃3 tɕin5 ①使劲，用力：要~学才学得好。②情绪高、有劲头：他办这种事~得很。③有精神：都快八十了，还~得很。又作"吹劲"。
攒心劲 tsæ̃3 ɕin1 tɕin5 暗中为自己使计谋。
搌 tsæ̃5 用松软干燥的东西轻轻擦抹液体：用棉花把伤口的血~干净。
占得 tsæ̃5 tɛ2 幸好：~我没有在场，不然我也要着怀疑了。
占起首 tsæ̃5 tɕʰi3 sɵu3 地位、优势：先出车，这盘棋就~了。
掌火 tsaŋ3 xo3 负责：这里的人由我~。
胀干饭 tsaŋ5 kæ̃1 fæ̃5 喻指无用：他这个人样都不会，是~的。
着 tsɐɤ2 ①承受：我只挑得了八十斤，再多点就~不住了。②被处置：他这样跳，总有一天要~的。③被：他~老师批评了。
早先 tsɐɤ3 ɕiɛ̃1 过去：这些都是~的事了。
早晏 tsɐɤ3 ŋæ̃5 早晚，迟早：他~要着的。
则边人 tsɛ2 piɛ̃1 zən2 旁边人：让他两个说，~不许多嘴。
阵 tsən5 ①使劲排便：他在茅斯头~屎。②使劲摆脱：把他捆紧了，他还要~。③使劲叫喊：唱歌~破喉咙管。④使重力而挫伤腰背：挑得太重，怕~怕你嘞。
挣痨板筋 tsən5 lɐɤ2 pæ̃3 tɕin1 用力哭喊。
直见 tsɿ2 tɕiɛ̃5 一个劲地：娃儿~吃，怕是饿慌了。
作料 tso2 liɐɤ5 指葱、蒜、姜、酱油、醋等一类的烹调配料。又作"向料"。
佐 tso3 ①交换：拿旧衣服~鸡蛋。②对调：我俩~从此工作。③出差错：你搞~了，他不是警察。④唱歌走调：我唱歌是~的。
左呱呱 tso3 kua1 kua1 左撇子。
坐性 tso5 ɕin1 擅长坐的习惯：我没有~，还是不来办公室工作的好。
周正 tsɵu1 tsən5 端正，整齐：他这一身还~。
走火 tsɵu3 xo3 ①言语出格或说出不该说的话：他说话爱~。②思想、思路出毛病：他说话颠三倒四的，脑筋有点~。
总成 tsoŋ3 tsʰən2 ①成全：能不能办成，全靠你~。②劳烦：~大哥帮忙。③协调双方使成交：我来帮你们打个~，你添两百，他多加几挑，行不行？
皱皱 tsɵu5 tsɵu5 ①眉毛。②皱纹：才二十几脸上就起~~了。
皱皮□寡 tsɵu5 pʰi2 lia2 kua3 ①垮皮肉松散：才四十出头就~的了。②衣着起皱：这件衣服~的穿得出去？
做表面光光 tso5 piɐɤ3 miɛ̃5 kuaŋ1 kuaŋ1 做表面样子：这个人不踏实，只会~。
抓拿 tsua1 la2 ①应付（多用于否定格式）：一个人怕~不开。②可凭借的：最好找个人负责，到时候有个~。③做事有条理：她在屋头很~。
着不住 tsɐɤ2 pu1 tsu1 承受不了：我~了，快帮我一哈。
着不住 tsɐɤ1 pu1 tsu1 承受不了：我~了，快帮我一哈。
装兔 tsuaŋ1 tʰu2 应给办的不给办，故意发难。
做懒样 tsu5 læ̃3 iaŋ3 ①为什么：~又要我捐钱？②干什么：你到做~。
跩 tsuæe5 ①扭动臂部、腰部来卖弄风情：他走路一~一~的。②趾高气扬的神态：有了点钱就~起来了。
拽 tsuæe1 扔：不要拿书乱~。
转背 tsuæ̃3 pei5 一瞬间：~东西就不在了。
转转 tsuæ̃5 tsuæ̃5 ①（打）圈子：原地打~。②依次轮流：吃~饭。装烟敬烟：客人来了忙~。
装死卖活 tsuaŋ1 sɿ3 mæe5 xo2 耍无赖：打了人还~，说人家打了他。
差火 tsʰa1 xo3 差劲，不够标准：那种布质量太~。
差颗米 tsʰa1 kʰo3 mi3 相差一点儿：~就考上了大学。
叉起手 tsa1 tɕʰi3 sɵu3用手叉着腰，多指不做事、闲散的样子：人家都在做活路，你一个人~。
插销 tsʰa2 ɕiɐɤ1 装在门窗上的金属闩。
□ tsʰa2 ①张开：不要~起个嘴巴乱讲。②容器口敞：这个罐罐口口太~，不闭气。③喻指多嘴多舌不易保密：这个婆娘嘴太~，包不住话。
叉叉裤 tsʰa1 tsʰa5 kʰu1 小儿穿的开裆裤。
菜 tsʰæe5 差劲：他这个人~得很。
馋猫 tsʰæ̃2 mɐɤ1 喻指好吃的人，多指小孩。
铲 tsʰæ̃3 相当于"打"，抽打，扇。你帮我~他两耳屎。
掺烂条 tsʰæ̃5 læ̃5 tʰiɐɤ2 无中生有，说人坏知：要不是有人~，他早就找倒工作喽。
孱头 tsʰæ̃5 tʰɵu2 厚颜无耻：他这个人，~得很，不要和他打交道。
长甩甩 tsʰaŋ2 suæe3 suæe3 拖得很长的样子：两根辫子~的。
长眼皮 tsʰaŋ2 iɛ̃3 pʰi2 深夜不睡觉的人：二妹也是~，大半夜了还不回来。
车 tsʰɛ1 扭动，转动：把盖子~紧。
扯 tsʰɛ3 ①拉：把我~倒不放。②吸收水分：面点沙子~水。③买（票、布等）：~幅布来做衣服。④撕：把书~烂了。⑤谈：不要把事情~宽了。⑥非正式讨论：开会之前，你们几个先~下。
扯 tsʰɛ3 ①扯皮、不合作：不找这种爱~的人办事。②因关系未协调好等原因使某事受阴或遭到麻烦：这种人办事有点~嘞。③滑稽，幽默：他说些话来~得很，逗人笑。
扯卵谈 tsʰɛ3 luæ̃3 tʰæ̃2 空而无用的议论：他说的那些都是~的。
扯淡 tsʰɛ3 tæ̃5 说不切题的话：要说就明说，不要~。
扯直 tsʰɛ3 tsɿ2 ①直截了当地：不要绕弯子，~说清楚就可以了。②拉直：把绳子~起。
扯火 tsʰɛ3 xo3 ①火炉里通风，火力旺盛：这炉子安逸，好~哟。②搭伙：我两个~做。
扯故 tʰɛ3 ku5 借故：她~不来了。
扯筋 tsʰɛ3 tɕin1 扯皮。
伸展 tsʰən1 tsæ̃3 ①平直：这条路还~。②平贴：衣服烫得~。②清楚，明白：把事情扯~了再来。
承头 tsʰən2 tʰɵu2 牵头负责：这些事还望着二哥~。
□ tsʰən3 ①用力压使紧缩：他~了满满的一碗饭。②按住：把他~倒不放。③支撑：你~倒走过来。④赶浪头抢购：这挑菜好，大家几法式就~完了。⑤赶热门：这几年都去~英语了，不得人搞俄语。
摛脚动手 tsʰɿ1 tɕio2 toŋ5 sɵu3 动手动脚。
吃喝皮 tsʰɿ2 xo1 pʰi2 白吃：他每天都来我们家~。
撮 tsʰo2 ①活动，钻营：他一天到处~。②用工具装：把渣渣~了。
嘈 tsʰɐɤ2 疯癫：你硬是~得很勒。
稠糊糊 tsʰɵu1 fu2 fu2 形容液体密度大而稠：米汤~的。
抻抖 tsʰən1 tʰɵu3 ①笔挺：他穿着很~。②清楚，明白：这件事搞~没？
昌盛 tsʰaŋ1 sən5 规矩：你给我~点。又作"逗（阴平）人作"。
叉巴 tsʰa1 pa1 言语行为不检点，多指女青年。又作"纤翻"。
冲壳子 tsʰoŋ1 kʰo2 tsɿ3 挑拨是非。
搓磨 tsʰo1 mo2 折磨：得人钱财，受人~。
踔 tsʰo2 ①走到（有贬义）：不晓得他是哪歇~来的。②到处活动，钻营：你一天东~西~的，~些哪样？③通过活动而得到（有贬义）：你的票是哪点~来的？
抽条 tsʰɵu1 tʰiɐɤ2 植物长嫩芽嫩枝。喻指孩子发育期迅速长个子：二妹~喽。瘦而高。
出脱 tsʰu2 tʰo2 ①丢掉：一笔生意遭他~了。②抵消：上盘我该你五十，这盘全总~。③死：他一病就~了。
杵 tsʰu3 戳：①拿棒棒~他一下。②盖印：~个章巴巴。③用言语顶撞：不要动不动就拿话~人。④直接面对：最好背开点，~倒反而不好讲话。
杵杵 tsʰu3 tsʰu3 ①短木棒，一般指失去主要构件后的工具的柄。②指找期使用而失去尖端的物品：毛管只剩下个~。③有时专指失指头的手。
吹脱 tsʰuei1 tʰo2 两相抵消：你不要我的钢笔，我也不要你的钱，~！
充狠 tsʰoŋ1 xən3 逞能，充内行：不要~，做不起就算了。
怂包 tsʰoŋ5 pɐɤ1 ①挑拨离间的人。②好出风头，好大喜功，其实又无多大本事的人：他不过是个~。
重三遍四 tsʰoŋ2 sæ̃1 piɛ̃5 sɿ5 重复同样的话：他这个人~的，不怕别人烦他。
怂嘴 tsʰoŋ5 tsuei3 搬弄是非，挑起矛盾：她这个就爱~。
冲 tsʰoŋ5 ①向上抬：头不要往上~。②人或植物迅速长高：这几个月二妹又~了一节。③将易燃物入火中使其旺盛：~根柴在火坑头。④添加：锅头~点水。⑤好出风头，好表现自己：这个人~得很，一点不谦逊。⑥刺激：大蒜~鼻子。
砂 sa1 ①用砂纸、砂布摩擦物体使其光滑：把家具~一下。②用锯子把木料解开：~几块板子。
沙声沙气 sa1 sən1 sa1 tɕʰi5 声音沙哑的样子：我~的，参加不倒合唱队。
煞角 sa2 ko2 ①最后剩下的：~生意。②结束，收尾：等这桩事~我再去做生意。③后来：~他去没有？④将剩下的全部买下：剩下这点菜我~了。
杀 sa2 跑、走：你又~到哪里去了。
杀贴 sa2 tʰi2 ①收捡：把东西~好再去吃饭。②整治：小心着人~。③帮忙：明天你到我家来~哈。
刹果 sa2 ko3 结果
梭 so1 溜：趁人不注意就~了。
梭边边 so1 piɛ̃1 piɛ̃1 逃避责任。
瘦筋囊壳 sɵu5 tɕin1 laŋ1 kʰo2 单薄瘦弱的样子。
水 suei3 ①马虎，不负责。②差。
水场合 suei3 tsʰaŋ2 xo2 不可靠。
三脚猫 sæ̃1 tɕio2 miɐɤ1 喻指喜欢东路西跑，不爱在家或单位久留的人：你找不到他，他是个~。
闪 sæ̃3 ①颤抖：上坡脚杆软，下坡脚杆~。②扭伤。下坡时，腰杆~着了。③脑子出差错。脑壳~得很，这个办法都没想出来。④受阻碍，受影响：你要抓紧学习，一点都~不得。⑤长形物体有幅度的颤动：一根扁担~悠悠。
闪脑壳 sæ̃3 lɐɤ3 kʰo2 考虑事情不周到的人。
梭不脱 so1 pu2 tʰo2 躲不过：你~了，终于逮倒你了。
搡 saŋ3 做脸色：你~起块脸给哪个看。
搧 sæ̃3 揍、打：不听话就~他两坨。
少保 sɐɤ5 pɐɤ5 多得很（常用在不服气、炫耀的语气中）：要说果树嘛，我家~的不是。
臊皮 sɐɤ5 pʰi2 ①丢面子：死都不怕，还怕~。②使难堪：拿个跟我过不去，我就臊他的皮。
身披 sən1 pʰei1 个头：你这个~好买衣服。
生拉活扯 sən1 la1 xo2 tsʰɛ3 ①强力拉扯。②牵强附会：~硬说李白是外国人。
神戮戮 sən2 tsʰo2 tsʰo2 言行举止有点怪异：他有点~的。
审倒审倒 sən3 tɐɤ3 sən3 tɐɤ3 ①试着试着的：~下脚，警防陷下去。②有节制地：~用，不要一下就用完了。
尸臭 sɿ1 tsʰɵu5 熟食放久变质后发出的气味：再不吃就要~了。
时黑 sɿ2 xə2 ①时常：这个娃儿~哭，一晚上都不得清静。②时而：~晴，~雨。
实打实 sɿ2 ta3 sɿ2 实实在在：我~的对你说，不同意这门亲事。
死崽了 sɿ3 tsæe3 la3 笃定没希望：你落到他手头，那就~了。
四眼落眍 sɿ5 iɛ̃3 lo2 kʰɵu1 人消瘦后眼珠深陷在眼眶里的样子：他病得~的。
是 sɿ5 全部的：~人都来了；~毛病都找了。
试倒 sɿ5 tɐɤ3 ①认为：我~你明天才来嘞。②觉得：我~身上不舒服。
收心 sɵu1 ɕin1 收敛情欲：老都老了，你还不~。
收拾 sɵu1 sɿ2 ①整理：~房间。②整治：找人~他。③打扮：这姑娘爱~。
手倒拐往里头拐 sɵu3 tɐɤ3 kuæe3 uaŋ3 li3 tʰɵu2 kuæe3 指偏向自己人。
手背 sɵu3 pei5 赌博等运气不好：这两天~，一打牌就输。
手气背 sɵu3 tɕʰi5 pei5
手气 sɵu3 tɕʰi5 赌博等方面的运气：今天~不好，输了几十块钱。
守嘴 sɵu3 tsuei3 因嘴馋而盯着别人吃东西：这个孩子太~了，大人们都不怎么喜欢他。
松和 soŋ1 xo2 ①轻松：这活路~。②病情减轻：他今天的病~多了。③容易：今天的题目我做起来好~。
水场合 suei3 tsʰaŋ2 xo2 （做事）马虎、不负责：他搞哪样都是~，靠不住的。
穰 zaŋ1 ①软而不结实：这种布有点~。②虚弱、无精神：他刚出院，身体有点~。③使人皮软：这种事，作起来~人得很。
热和 zæ̃2 xo1 暖和。
忍嘴 zən3 tsuei3 ①自己不吃或少吃，留下来给客人还有小孩吃。②常说："待客忍嘴"。
认人 zən5 zən2 ①讲交情：你当官了就不~啦。②幼儿只与熟人亲近：他不要你抱，有点~。
认生 zən5 sən1 小孩子怕见生人：这个孩子不~。
认床 zən5 tsʰuaŋ2 只在自己熟悉的床铺上睡觉：我一般不再外面睡觉，因为我有点~。
茸 zoŋ2 ①黏糊状：把蒜擂~点。②细碎：这挑米~了点。
日妈捣娘 zɿ3 ma1 lɐɤ3 niaŋ2 骂架时用下流话对方：一天~的，那个像欠了你的。
日鼓鼓 zɿ2 ku3 ku3 生气不与人交流的样子。
擂 luei2 ①捅、打：~你两坨。②揉搓：~糍粑。③反复交涉、纠缠：问题~了几天都没有搞成。
擩 zu1 ①揍：我~你两锭子。②塞、递：~他几块钱。③推拥：~他进派出所。④伸：把手~进荷包里。
擩zu2 ①揍：我~你两锭子。②塞、递：~他几块钱。③推拥：~他进派出所。④伸：把手~进荷包里。
耳巴 ɚ3 pa1 耳光：你再不听话，等哈我给你两~。
耳巴子 ɚ3 pa1 tsɿ3
耳屎 ɚ3 sɿ3 ①耳朵里的污垢。②耳光。
二冲二冲 ɚ5 tsʰoŋ5 ɚ5 tsʰoŋ5 好表现逞能的样子：又没多大本事还~的。
二回 ɚ5 xuei2 下次：~再这样，我就不依你。
押倒 ia2 tɐɤ3 强制：这些娃儿读书要有人~才行。
押 ia2 你~倒他去做。
眼水 iɛ̃3 suei3 ①眼力：~好，一见面就认出来我来拉。②眼界：这人~太浅，只看倒钱。
敥 iɛ̃5 撒放粉上状物于某物之上：路太滑，~点灰
央 iaŋ1 ①迁就：~倒点，二天还要找他办事。②维持住：~到场合。③调护：把身体~好了再去上班。④细心、小心：那钵要~到用。⑤从中部捆：把板子~好。⑥（并肩）挽搂博或楼腰：一个~起一个走。
佯张不睬 iaŋ2 tsaŋ1 pu2 tsʰæe3 爱里不里的样子：你去问他，他~的，傲得很。
妖精八怪 iɐɤ1 tɕin1 pa2 kuæe5 形容女子过分讲究穿戴：那一带的姑娘，个个~的。
牙精舌怪 ia2 tɕin1 sɿ2 kuæe5 拨弄是非，话说刻薄。
夜猫子 i5 mɐɤ1 tsɿ3 指睡得晚，深夜仍在活动的人。
衣包 i1 pɐɤ1 ①胎盘和胎膜的总称。②形容人像未成人的胎盘未入世，一般用于骂人的话：你这个~。
依还 i1 xæ̃2 依然：有福~在。
一下 i2 xa2 ①总共：~五个人。②全部：要走~走。③表动量一次：打~。④一会儿：你等~。
一发式 i2 fa2 sɿ5 突然一下：~就病了。
一家伙 i2 tɕia1 xo3 一鼓作气：不要拖了，~把它干完。
一根葱 i2 kən1 tsʰoŋ1 ①形容鼻子直而高：~的鼻子。②形容人很憨直。
倚老卖老 i1 lɐɤ3 mæe5 lɐɤ3 依仗年老而无理取闹。
以烂为烂 i3 læ̃5 uei2 læ̃5 破罐子破摔：你还是要学好，不要~。
阴 in1 工于心计但不外露，阴险：那人~得很，不会跟你讲哪样的。
阴倒 in1 tɐɤ3 ①沉默寡言：~点，少说为佳。②不公开，暗中背着干某事：~整人。
阴倒悄悄的 in1 tɐɤ3 tɕʰiɐɤ1 tɕʰiɐɤ1 ①沉默寡言：~点，少说为佳。②不公开，暗中背着干某事：~整人。
阴心 in1 ɕin1 不外露的心计，常用在"~重"这一短语中：那人~重，打不得交道。
赢 in2 ①及，赶上（作补语）：来得~。②胜过（作补语）：我说不~你。
引 in3 ①引导。②抚养：娃儿由奶奶~。③勾引：着人~去做坏事。④生（火）：火~不燃。
印印 in5 in5 脸上伤痕，器皿上的痕迹：脸上有个~。
□ in5 用量器量：~升米。
悠 iɵu1 ①纠缠：一天就把大人~倒起。②取笑、逗乐（多指对男女情爱）：去~他们两个。
油光水滑 iɵu2 kuaŋ1 suei3 xua1 形容毛色、面容等光滑润泽：这马长得~的。
无多八多 u2 to1 pa2 to1 多而失当。
凹眉凹眼 ua5 mei2 ua5 iɛ̃3 形容眼眶深陷的样子：她~的，不好看。
歪 uæe1 ①霸道，逞强：他这个人~得很，啥子事都不让人。②傲慢，神气：他这几年赚了点钱，该他~。③有时指走霉运，有点幸灾乐祸：这几年他运气不好，该他~。
崴 uæe3 ①扭伤：他把脚~倒起了。②左右摇晃：不要~来~去的。
外前 uæe5 tɕʰiɛ̃2 外面。又说成"外头"、"外边"。
弯 uæ̃1 ①使弯曲：~个粪夹。②滞留，缩：一天~在家头不出门。
旺 uaŋ5 称秤时秤杆翘起，表示足秤。
萎 uei1 情绪低落的样子：这两年他着人整~了。
萎妥妥 uei1 tʰo3 tʰo3 精神不振的样子：你看他那~的样子，哪里像个青年人。
卫护 uei5 xu5 袒护：要不是有人~，他又倒霉了。
焐 u2 ①用物覆盖使热：儿给我~脚。②加温使干：拿焐壶把尿~干。
无大八大 u2 ta5 pa2 ta5 很大。
屋毒 u2 tu2 狠毒，厉害：他~得很，没得哪个敢惹他。
越更 y2 kən 更加：糍粑越打~茸。
遇缘 y5 iɛ̃2 碰巧：真是~了，想不倒在这里会碰到他。
圆泛 iɛ̃2 fæ̃5 圆满周全：人家考虑问题就是~
圆不溜秋 iɛ̃2 pu1 liɵu1 tɕʰiɵu1 形容圆的样子：~的脑壳。
圆咕咕 iɛ̃2 ku1 ku1 圆溜溜的样子
齆鼻子 oŋ5 pi2 tsɿ3 因鼻塞而发音浑浊。
屙痢 o1 li5 ①痢疾腹泻。②吃（带贬义）：只知道~，不晓得做的家伙。③与"得"连用，指得到便宜（贬义）：你默倒又得~了。又如"哪个~了要打彪枪"。
屙屎屙尿 o1 sɿ3 o1 lɐɤ5 比喻每一件小事都要亲自去做：鬼老头，连~都要人帮。
饿痨痨 o5 lɐɤ2 lɐɤ2 十分饥饿的样子。
瓮热 oŋ5 zæ̃2 闷热：天气~得很。
瓮臭 oŋ5 tsʰɵu5 闷着臭。
齆声齆气 oŋ5 sən5 oŋ5 tɕʰi5 形容声音低沉含混不清：他说话~的。