字	发音	声调	注释
阿	a	1	
啊	a	1	
呵	a	1	
丫	a	1	~头：奴婢
矮	a	3	
俺	a	3	
阿	a	7	白读 ~妈
呵	a	7	
丫	a	7	~头：对女儿亲昵称呼
押	a	7	
鸦	a	7	~片
鸭	a	7	
腌	a	7	
也	a	7	
讴	au	1	
沤	au	1	
瓯	au	1	
欧	au	1	
殴	au	1	
鸥	au	1	
区	au	1	姓氏
□	au	3	语气词，表示赞同，但语气平和略有藐视
俳	ba	2	
排	ba	2	
牌	ba	2	
爿	ba	2	
罢	ba	4	
败	ba	6	
办	ba	6	
铂	ba	8	~金
瓿	bai	2	
俳	bai	2	
徘	bai	2	
醅	bai	2	
陪	bai	2	
培	bai	2	
赔	bai	2	
裴	bai	2	
倍	bai	4	
蓓	bai	4	
掊	bai	4	
备	bai	6	
背	bai	6	~诵
悖	bai	6	~论
焙	bai	6	
佩	bai	6	
坺	bai	8	
物	bai	8	一~降一~
坌	baŋ	6	
笨	baŋ	6	
□	bau	2	远指代词(不常用)
膀	bɔ	2	~胱
傍	bɔ	2	
磅	bɔ	2	
彷	bɔ	2	
庞	bɔ	2	
旁	bɔ	2	
螃	bɔ	2	
棒	bɔ	4	
蒡	bɔ	6	
爿	be	2	
磅	bə	2	
龅	bə	2	
雹	bə	2	
刨	bə	2	
狍	bə	2	
庖	bə	2	
袍	bə	2	
彭	bə	2	
膨	bə	2	
蚌	bə	4	
抱	bə	4	
鲍	bə	4	
爆	bə	5	~炸
暴	bə	6	
暴	bə	8	白读 日~
勃	bə	8	
渤	bə	8	
曝	bə	8	
逄	bɛ	2	
棚	bɛ	2	
鹏	bɛ	2	白读 东~
塴	bɛ	6	
便	bi	2	~宜
肥	bi	2	白读 ~肉
皮	bi	2	
疲	bi	2	
脾	bi	2	
被	bi	4	
陛	bi	4	
婢	bi	4	
辫	bi	4	
币	bi	6	
毙	bi	6	
敝	bi	6	
蔽	bi	6	
避	bi	6	
肺	bi	6	
睥	bi	6	
鼻	bi	8	
弼	bi	8	
别	bi	8	
屄	bɪ	8	白读
弁	bie	2	
骈	bie	2	
辨	bie	4	
辩	bie	4	
辫	bie	4	
卞	bie	6	
汴	bie	6	
便	bie	6	
拚	bie	6	
剽	biə	2	
嫖	biə	2	
瓢	biə	2	
朴	biə	2	姓氏
摽	biə	4	
并	bieŋ	2	
冯	bieŋ	2	~河
贫	bieŋ	2	
频	bieŋ	2	
平	bieŋ	2	
评	bieŋ	2	
坪	bieŋ	2	
苹	bieŋ	2	
凭	bieŋ	2	
屏	bieŋ	2	
萍	bieŋ	2	
病	bieŋ	6	
□	bo	2	远指代词
□	bo	2	第三人称代词，不能单独使用，~俫：他们(不常用)
鼥	bo	2	
耙	bo	2	
罢	bo	2	~工
箔	bo	2	
礴	bo	2	
杷	bo	2	
爬	bo	2	
琶	bo	2	
外	bo	2	白读 远指代词，偶有与文读音混读情况，本字不详
□	bo	4	握住
䶕	bo	6	~牙：难看且有龅牙的牙齿
跋	bo	8	
薄	bo	8	~雾
铂	bo	8	文读
亳	bo	8	
舶	bo	8	
卜	bo	8	
泊	bo	8	
盘	bø	2	
磐	bø	2	
蟠	bø	2	
胖	bø	2	心宽体~
盆	bø	2	
伴	bø	4	
拌	bø	4	
绊	bø	4	
叛	bø	6	
畔	bø	6	
魃	bø	8	
悖	bø	8	反~
饽	bø	8	
槃	bø	8	
朋	boŋ	2	
彭	boŋ	2	
蓬	boŋ	2	
鹏	boŋ	2	
槰	boŋ	2	
篷	boŋ	2	
埄	boŋ	4	
嘭	boŋ	6	
婆	bu	2	
匍	bu	2	
莆	bu	2	
菩	bu	2	
葡	bu	2	
蒲	bu	2	
簿	bu	3	
部	bu	4	
脯	bu	4	
薄	bu	5	~荷
哺	bu	6	
步	bu	6	
埠	bu	6	
孵	bu	6	
□	bu	8	下跪
讣	bu	8	
仆	bu	8	~人
肮	ɔ	1	
凹	ɔ	1	
拗	ɔ	1	~怒：互相不和
汪	ɔ	1	
拗	ɔ	3	~断
盎	ɔ	5	
坳	ɔ	5	
拗	ɔ	5	~口
旺	ɔ	5	用于人名
天	cʰie	1	中派音
□	ɕi	1	竹~子：用多条粗糙的细竹枝绑在一起做成的一种非伤害性武器，是长辈惩罚小孩最常用的器具之一
希	ɕi	1	
晞	ɕi	1	
稀	ɕi	1	
熙	ɕi	1	
嘻	ɕi	1	
嬉	ɕi	1	
熹	ɕi	1	
羲	ɕi	1	
䂀	ɕi	1	
先	ɕi	1	
鲜	ɕi	1	
暹	ɕi	1	
些	ɕi	1	
屎	ɕi	3	
洗	ɕi	3	
玺	ɕi	3	
徙	ɕi	3	
喜	ɕi	3	
蟢	ɕi	3	
鲜	ɕi	3	
显	ɕi	3	程度副词
鲞	ɕi	3	一种从鱼腹卯开的大鱼干
癣	ɕi	3	
铣	ɕi	5	
戏	ɕi	5	
系	ɕi	5	白读 ~统
潟	ɕi	5	
泄	ɕi	5	
泻	ɕi	5	
吸	ɕi	7	~管
昔	ɕi	7	
息	ɕi	7	
浠	ɕi	7	
悉	ɕi	7	
淅	ɕi	7	
惜	ɕi	7	
晳	ɕi	7	
皙	ɕi	7	
锡	ɕi	7	
熄	ɕi	7	
蟋	ɕi	7	
歇	ɕi	7	
卸	ɕia	5	
屑	ɕia	7	
削	ɕia	7	
晓	ɕiaɔ	3	中派音
歙	ɕiai	7	
吸	ɕiai	7	
翕	ɕiai	7	
忻	ɕiaŋ	1	
昕	ɕiaŋ	1	
欣	ɕiaŋ	1	
歆	ɕiaŋ	1	
薪	ɕiaŋ	1	
馨	ɕiaŋ	1	
兴	ɕiaŋ	1	
行	ɕiaŋ	3	白读 ~否：可不可以
信	ɕiaŋ	5	
衅	ɕiaŋ	5	
兴	ɕiaŋ	5	
休	ɕiau	1	
咻	ɕiau	1	
修	ɕiau	1	
羞	ɕiau	1	
貅	ɕiau	1	
馐	ɕiau	1	
朽	ɕiau	3	
臭	ɕiau	5	
秀	ɕiau	5	
绣	ɕiau	5	
锈	ɕiau	5	
嗅	ɕiau	5	
溴	ɕiau	5	
渠	cie	2	中派音，第三人称代词
□	cie	5	“太阳”合音
扇	ɕie	1	~风
仙	ɕie	1	
先	ɕie	1	~生
纤	ɕie	1	
籼	ɕie	1	
鲜	ɕie	1	
闪	ɕie	3	
陕	ɕie	3	
显	ɕie	3	
险	ɕie	3	
扇	ɕie	5	风~
苋	ɕie	5	
线	ɕie	5	
献	ɕie	5	
商	ɕiə	1	
觞	ɕiə	1	
捎	ɕiə	1	
烧	ɕiə	1	
梢	ɕiə	1	
稍	ɕiə	1	
艄	ɕiə	1	
潲	ɕiə	1	
奢	ɕiə	1	
汤	ɕiə	1	浩~
掀	ɕiə	1	
骁	ɕiə	1	
逍	ɕiə	1	
虓	ɕiə	1	
萧	ɕiə	1	
硝	ɕiə	1	
销	ɕiə	1	
箫	ɕiə	1	
箫	ɕiə	1	
潇	ɕiə	1	
霄	ɕiə	1	
嚣	ɕiə	1	
肖	ɕiə	1	
赏	ɕiə	3	
少	ɕiə	3	
舍	ɕiə	3	
小	ɕiə	3	
晓	ɕiə	3	
筱	ɕiə	3	
鞘	ɕiə	5	
少	ɕiə	5	
哨	ɕiə	5	
赦	ɕiə	5	
孝	ɕiə	5	白读 尽~
肖	ɕiə	5	生~
笑	ɕiə	5	
啸	ɕiə	5	
削	ɕiə	7	
申	ɕieŋ	1	~冤
星	ɕieŋ	1	
猩	ɕieŋ	1	
腥	ɕieŋ	1	
醒	ɕieŋ	1	
省	ɕieŋ	3	
圣	ɕieŋ	5	
胜	ɕieŋ	5	
姓	ɕieŋ	5	
收	ɕiəu	1	
手	ɕiəu	3	
守	ɕiəu	3	
首	ɕiəu	3	
狩	ɕiəu	5	
兽	ɕiəu	5	
夙	ɕiəu	7	
旭	ɕiəu	7	
相	ɕiɛ	1	
香	ɕiɛ	1	
厢	ɕiɛ	1	
湘	ɕiɛ	1	
箱	ɕiɛ	1	
襄	ɕiɛ	1	
镶	ɕiɛ	1	
享	ɕiɛ	3	
响	ɕiɛ	3	
饷	ɕiɛ	3	
飨	ɕiɛ	3	
想	ɕiɛ	3	
疝	ɕiɛ	5	
相	ɕiɛ	5	
向	ɕiɛ	5	
兄	ɕioŋ	1	
勋	ɕioŋ	1	
熏	ɕioŋ	1	
薰	ɕioŋ	1	
询	ɕioŋ	1	
荀	ɕioŋ	1	
笋	ɕioŋ	3	
浚	ɕioŋ	5	
竣	ɕioŋ	5	
舜	ɕioŋ	5	
训	ɕioŋ	5	
尿	ɕy	1	白读 拉~
书	ɕy	1	
梳	ɕy	1	
输	ɕy	1	
虽	ɕy	1	
戌	ɕy	1	
吁	ɕy	1	长~
虚	ɕy	1	
需	ɕy	1	
嘘	ɕy	1	
轩	ɕy	1	
靴	ɕy	1	
暑	ɕy	3	
黍	ɕy	3	苞萝~：玉米
水	ɕy	3	
许	ɕy	3	
诩	ɕy	3	
栩	ɕy	3	
选	ɕy	3	
血	ɕy	3	
恕	ɕy	5	
庶	ɕy	5	
数	ɕy	5	白读 有~
税	ɕy	5	
岁	ɕy	5	
穗	ɕy	5	
恤	ɕy	5	T~
絮	ɕy	5	
煦	ɕy	5	
恤	ɕy	7	
谑	ɕy	7	
双	ɕyɔ	1	
霜	ɕyɔ	1	
孀	ɕyɔ	1	
凶	ɕyɔ	1	
匈	ɕyɔ	1	
汹	ɕyɔ	1	
胸	ɕyɔ	1	
㞞	ɕyɔ	3	
怂	ɕyɔ	3	
耸	ɕyɔ	3	
悚	ɕyɔ	3	
竦	ɕyɔ	3	
况	ɕyɔ	5	
轩	ɕye	1	用于人名
宣	ɕye	1	
喧	ɕye	1	
媗	ɕye	1	
绚	ɕye	5	
萱	ɕye	7	
数	ɕyo	5	白读 屡次
畜	ɕyo	7	~牧
束	ɕyo	7	~起
朔	ɕyo	7	
宿	ɕyo	7	
粟	ɕyo	7	
蓄	ɕyo	7	
闩	ɕyø	1	
拴	ɕyø	1	
说	ɕyø	1	
靴	ɕyø	1	
䘆	ɕyø	3	康~：蚯蚓
选	ɕyø	3	
恤	ɕyø	5	体~
酗	ɕyø	5	
巽	ɕyø	5	风行~
说	ɕyø	7	
雪	ɕyø	7	
弹	da	2	
坛	da	2	
谈	da	2	
痰	da	2	
谭	da	2	
潭	da	2	地名：龙湾~(少见)
檀	da	2	
掸	da	4	
淡	da	4	
坦	da	4	白读 惯用音
大	da	6	白读
埭	da	6	~拉：排、行
但	da	6	
弹	da	6	
石	da	6	一种质量单位
哒	da	8	
达	da	8	
踏	da	8	
颓	dai	2	男阴
怼	dai	4	
队	dai	6	
兑	dai	6	
籴	dai	8	买粮食
沌	daŋ	2	
疼	daŋ	2	
腾	daŋ	2	
誊	daŋ	2	
滕	daŋ	2	
藤	daŋ	2	
蜓	daŋ	2	蜻~
糰	daŋ	2	
饨	daŋ	2	可
□	daŋ	4	鼻～：鼻涕
断	daŋ	4	白读 ~命
邓	daŋ	6	
掉	daŋ	6	白读 ~落，本字疑“遁”
投	dau	2	~票
骰	dau	2	
读	dau	5	句~
逗	dau	6	
窦	dau	6	
毒	dau	6	白读 ~杀
唐	dɔ	2	
堂	dɔ	2	
棠	dɔ	2	
塘	dɔ	2	
搪	dɔ	2	
溏	dɔ	2	
糖	dɔ	2	
赯	dɔ	2	
螳	dɔ	2	
宕	dɔ	4	地方
荡	dɔ	4	闲逛
菪	dɔ	4	
□	dɔ	6	摘取
砀	dɔ	6	
瞊	dɔ	6	瞙~：失明者
台	de	2	
抬	de	2	
苔	de	2	
待	de	4	
逮	de	6	
代	de	6	
岱	de	6	
殆	de	6	
怠	de	6	
袋	de	6	
特	de	8	
匋	də	2	
逃	də	2	
桃	də	2	
陶	də	2	
萄	də	2	
淘	də	2	
导	də	4	~数
道	də	4	
稻	də	4	
导	də	6	
蹈	də	6	
盗	də	6	
悼	də	6	
弟	dei	4	
□	dei	8	拎着
堕	dəu	4	
大	dəu	6	
毒	dəu	8	~药
读	dəu	8	
渎	dəu	8	
牍	dəu	8	
踱	dəu	8	
□	dɛ	2	推倒
潭	dɛ	2	
钿	di	2	
钱	di	2	
提	di	2	
田	di	2	
鿬	di	2	
第	di	6	
佃	di	6	
钿	di	6	
狄	di	8	
敌	di	8	
涤	di	8	
笛	di	8	
翟	di	8	
谍	di	8	
喋	di	8	
叠	di	8	
碟	di	8	
蝶	di	8	
□	dɪ	4	近指代词
里	dɪ	4	白读 近指代词
地	dɪ	6	
第	dɪ	6	
□	dɪ	8	~□goŋ11：嗳气
恬	die	2	
甜	die	2	
填	die	2	
殄	die	4	
电	die	6	
淀	die	6	
奠	die	6	
殿	die	6	
调	diə	2	空~
条	diə	2	
迢	diə	2	
窕	diə	4	
调	diə	6	~离
掉	diə	6	
跳	diə	6	白读 闲逛
廷	dieŋ	2	
亭	dieŋ	2	
庭	dieŋ	2	
停	dieŋ	2	
蜓	dieŋ	2	蜻~公公：小蜻蜓
婷	dieŋ	2	
霆	dieŋ	2	
定	dieŋ	6	
锭	dieŋ	6	
头	diəu	2	
投	diəu	2	~蓝
豆	diəu	6	
驮	do	2	
堕	do	4	
惰	do	4	
□	do	7	~开：把手丢开
铎	do	7	
图	dø	2	
团	dø	2	
屯	dø	2	
豚	dø	2	
臀	dø	2	一邋~：最后
跎	dø	2	
断	dø	4	~绝
囤	dø	4	
舵	dø	4	
段	dø	6	
锻	dø	6	
沌	dø	6	
钝	dø	6	
遁	dø	6	
毒	dø	8	中~
度	dø	8	猜~
夺	dø	8	
凸	dø	8	
突	dø	8	
峒	doŋ	2	
仝	doŋ	2	
同	doŋ	2	
彤	doŋ	2	
桐	doŋ	2	
砼	doŋ	2	
铜	doŋ	2	
童	doŋ	2	
潼	doŋ	2	
犝	doŋ	2	
瞳	doŋ	2	
动	doŋ	4	
桶	doŋ	4	
侗	doŋ	6	
洞	doŋ	6	
恫	doŋ	6	
恸	doŋ	6	
土	døy	4	白读 ~话：故里方言，与地图集的“土话”无关
徒	du	2	~弟
佗	du	2	
陀	du	2	
沱	du	2	
嗲	du	4	
度	du	6	白读 百~
独	du	8	
犊	du	8	
杜	dy	4	
肚	dy	4	文读 ~儿
妒	dy	5	
度	dy	6	~量
徒	dyø	2	~儿
残	dza	2	
缠	dza	2	白读 龙~腰：带状疱疹，尤指盆部附近发生的带状疱疹
炸	dza	5	
淬	dza	6	白读
错	dza	6	白读 本字为“赚”
暂	dza	6	
寨	dza	6	文读 柬埔~
栈	dza	6	
站	dza	6	火车~
绽	dza	6	
赚	dza	6	白读 错误
翟	dza	8	
择	dza	8	~菜
宅	dza	8	
帙	dzai	7	
秩	dzai	7	
臣	dzaŋ	2	
忱	dzaŋ	2	
陈	dzaŋ	2	
呈	dzaŋ	2	
程	dzaŋ	2	
鸩	dzaŋ	2	
湛	dzaŋ	4	
朕	dzaŋ	4	
阵	dzaŋ	6	
骤	dzau	6	
□	dzɔ	6	以物易物
造	dzə	6	白读 ~物
□	dzeŋ	2	堵塞
择	dzɛ	8	
泽	dzɛ	8	
储	dzʮ	2	
倦	dzʮ	6	
逐	dzʮ	8	
□	dʑi	2	麦～头：大芋头
荠	dʑi	2	
期	dʑi	2	
齐	dʑi	2	
岐	dʑi	2	
其	dʑi	2	
奇	dʑi	2	
祈	dʑi	2	
耆	dʑi	2	
颀	dʑi	2	
跂	dʑi	2	
崎	dʑi	2	
淇	dʑi	2	
骑	dʑi	2	
琪	dʑi	2	
棋	dʑi	2	
旗	dʑi	2	
麒	dʑi	2	
黔	dʑi	2	
茄	dʑi	2	~儿：茄子
伎	dʑi	6	
技	dʑi	6	
妓	dʑi	6	
寄	dʑi	6	
骑	dʑi	6	量词
企	dʑi	6	~化
箸	dʑi	6	
揭	dʑi	7	按~
侄	dʑi	7	
杰	dʑi	8	
截	dʑi	8	~图
□	dʑia	8	疑似“是何”合音，~□m̩212：什么
彻	dʑia	8	
何	dʑia	8	老派音，疑似“是何”合音，~□m̩212：什么
噱	dʑia	8	
着	dʑia	8	用~：可以；好的
圾	dʑiai	8	
屐	dʑiai	8	
及	dʑiai	8	
极	dʑiai	8	
竭	dʑiai	8	
涔	dʑiaŋ	2	
芹	dʑiaŋ	2	
琴	dʑiaŋ	2	
禽	dʑiaŋ	2	
勤	dʑiaŋ	2	
擒	dʑiaŋ	2	
擎	dʑiaŋ	2	
近	dʑiaŋ	4	
舌	dʑiaŋ	4	白读 鸭~，常作“赚”，应作“近”
赚	dʑiaŋ	4	
仅	dʑiaŋ	6	
馑	dʑiaŋ	6	
觐	dʑiaŋ	6	
噤	dʑiaŋ	6	
竞	dʑiaŋ	6	
仇	dʑiau	2	姓氏
犰	dʑiau	2	
求	dʑiau	2	
虬	dʑiau	2	
俅	dʑiau	2	
逑	dʑiau	2	
球	dʑiau	2	
巯	dʑiau	2	
裘	dʑiau	2	
銶	dʑiau	2	
咎	dʑiau	4	
柩	dʑiau	4	
舅	dʑiau	4	
旧	dʑiau	6	
缠	dʑie	2	
虔	dʑie	2	
钱	dʑie	2	文读
钳	dʑie	2	
乾	dʑie	2	
俭	dʑie	4	
件	dʑie	4	
健	dʑie	6	
腱	dʑie	6	
圾	dʑie	8	
朝	dʑiə	2	
嘲	dʑiə	2	
潮	dʑiə	2	
乔	dʑiə	2	
侨	dʑiə	2	
荞	dʑiə	2	
桥	dʑiə	2	
憔	dʑiə	2	
憔	dʑiə	2	
樵	dʑiə	2	
翘	dʑiə	4	
兆	dʑiə	4	
赵	dʑiə	4	
肇	dʑiə	4	
轿	dʑiə	6	
召	dʑiə	6	
棹	dʑiə	6	
彻	dʑiə	8	
撤	dʑiə	8	
澈	dʑiə	8	
辙	dʑiə	8	
着	dʑiə	8	~火
惩	dʑieŋ	2	
澄	dʑieŋ	2	
橙	dʑieŋ	2	
剩	dʑieŋ	6	
郑	dʑieŋ	6	
仇	dʑiəu	2	
俦	dʑiəu	2	
惆	dʑiəu	2	
绸	dʑiəu	2	
畴	dʑiəu	2	
酬	dʑiəu	2	
稠	dʑiəu	2	
筹	dʑiəu	2	
囚	dʑiəu	2	
泅	dʑiəu	2	
纣	dʑiəu	4	
售	dʑiəu	6	
柚	dʑiəu	6	
宙	dʑiəu	6	
胄	dʑiəu	6	
胄	dʑiəu	6	
骤	dʑiəu	6	
籀	dʑiəu	6	地名：~园
轴	dʑiəu	8	
肠	dʑiɛ	1	
场	dʑiɛ	1	
长	dʑiɛ	1	~度
□	dʑiɛ	2	用嘴尝味
尝	dʑiɛ	2	用嘴尝味
强	dʑiɛ	2	~大
争	dʑiɛ	2	白读 ~吵
强	dʑiɛ	4	勉~
丈	dʑiɛ	4	
仗	dʑiɛ	4	
杖	dʑiɛ	4	
站	dʑiɛ	6	~立
虫	dʑioŋ	2	
邛	dʑioŋ	2	
穷	dʑioŋ	2	
茕	dʑioŋ	2	
琼	dʑioŋ	2	
裙	dʑioŋ	2	
群	dʑioŋ	2	
盾	dʑioŋ	4	
窘	dʑioŋ	4	
菌	dʑioŋ	4	
郡	dʑioŋ	6	
仲	dʑioŋ	6	
茶	dzo	2	
查	dzo	2	
乍	dzo	6	
苲	dzo	7	
杂	dzo	8	白读 ~食(少见)
煠	dzo	8	油炸
炸	dzo	8	白读 ~物
椊	dzø	8	
淙	dzoŋ	2	
池	dzɿ	2	
驰	dzɿ	2	
迟	dzɿ	2	
持	dzɿ	2	
唇	dzɿ	4	白读 嘴~
在	dzɿ	4	
豸	dzɿ	4	
稚	dzɿ	4	
忌	dzɿ	6	
系	dzɿ	6	白读 ~鞋带
治	dzɿ	6	
滞	dzɿ	6	
彘	dzɿ	6	
雉	dzɿ	6	
自	dzɿ	6	白读 ~个：自己
湜	dzɿ	8	
直	dzɿ	8	
值	dzɿ	8	
埴	dzɿ	8	
植	dzɿ	8	
殖	dzɿ	8	
掷	dzɿ	8	
除	dʑy	2	~法
躇	dʑy	2	
储	dʑy	2	
垂	dʑy	2	
搥	dʑy	2	
槌	dʑy	2	
锤	dʑy	2	
渠	dʑy	2	文读 ~道
衢	dʑy	2	
褚	dʑy	4	
捶	dʑy	4	
矩	dʑy	4	
巨	dʑy	4	
拒	dʑy	4	
炬	dʑy	4	
距	dʑy	4	
聚	dʑy	4	中派音
贮	dʑy	4	
柱	dʑy	4	
具	dʑy	6	
惧	dʑy	6	
住	dʑy	6	
坠	dʑy	6	
镯	dʑy	8	
狂	dʑyɔ	2	
诳	dʑyɔ	2	~语
重	dʑyɔ	2	
幢	dʑyɔ	6	
共	dʑyɔ	6	
重	dʑyɔ	6	
状	dʑyɔ	6	~元
撞	dʑyɔ	6	
传	dʑye	2	
传	dʑye	4	
椽	dʑye	4	
篆	dʑye	4	
浊	dʑyo	8	
擢	dʑyo	8	
濯	dʑyo	8	
锤	dʑyø	2	
衢	dʑyø	2	
栫	dʑyø	6	堵塞
剧	dʑyø	8	
倔	dʑyø	8	
拙	dʑyø	8	
哎	e	1	
哀	e	1	
埃	e	1	
挨	e	1	
霭	e	3	
海	e	3	
爱	e	5	
隘	e	5	
暧	e	5	
桠	e	5	
亚	e	5	
娅	e	5	
压	e	7	
谒	e	7	
肮	ə	1	
凹	ə	1	
腌	ə	1	
爊	ə	3	
鏖	ə	3	
媪	ə	3	
岙	ə	5	
坳	ə	5	
奥	ə	5	
澳	ə	5	
懊	ə	5	
罂	ɛ	1	
樱	ɛ	1	白读 金~：石榴
发	fa	1	麻将牌名 ~财
番	fa	1	
翻	fa	1	
反	fa	3	
返	fa	3	
否	fa	3	白读 表疑问，相当于“吗”
泛	fa	5	
非	fai	1	
覅	fai	1	不要，“不会”合音
灰	fai	1	
诙	fai	1	
挥	fai	1	
𠊉	fai	1	不要，“不会”合音的理论字型
□	fai	2	疑似“番薯”合音，洋~：土豆
弗	fai	7	
拂	fai	7	
惚	fai	7	
分	faŋ	1	
芬	faŋ	1	
吩	faŋ	1	
纷	faŋ	1	
粉	faŋ	3	
奋	faŋ	5	
粪	faŋ	5	
芳	fɔ	1	
妨	fɔ	1	
肪	fɔ	1	
坊	fɔ	3	
仿	fɔ	3	
访	fɔ	3	
纺	fɔ	3	
舫	fɔ	3	
火	fɔ	3	自来~：火柴
放	fɔ	5	
发	fɔ	7	
缶	fə	3	
否	fə	3	文读
孬	fə	3	“不好”合音，坏、差
覆	fə	7	
慧	fei	6	用于人名
妃	fi	1	
非	fi	1	
菲	fi	1	
扉	fi	1	
匪	fi	1	
痱	fi	1	
翡	fi	2	
绯	fi	3	
斐	fi	3	
肺	fi	5	
沸	fi	5	
费	fi	5	
飞	fɪ	1	
废	fɪ	5	
丰	foŋ	1	
风	foŋ	1	
沣	foŋ	1	
枫	foŋ	1	
封	foŋ	1	
疯	foŋ	1	
峰	foŋ	1	
烽	foŋ	1	
蜂	foŋ	1	
唪	foŋ	3	
讽	foŋ	5	
俸	foŋ	5	
妃	fu	1	白读 天~宫：妈祖庙
夫	fu	1	
麸	fu	1	
敷	fu	1	
俘	fu	1	
乎	fu	1	几~
忽	fu	1	
孚	fu	2	南~
不	fu	3	白读 ~乜三四：不三不四
甫	fu	3	
斧	fu	3	
府	fu	3	
俯	fu	3	
釜	fu	3	
辅	fu	3	
虎	fu	3	
火	fu	3	~萤光光：萤火虫
脯	fu	3	
附	fu	5	地名：~一医
咐	fu	5	
赴	fu	5	
赋	fu	5	
傅	fu	5	
富	fu	5	
馥	fu	5	
佛	fu	7	仿~
福	fu	7	
腹	fu	7	
覆	fu	7	
福	fu	8	用于人名
蝠	fu	8	
嘎	ga	2	咕咕~~
何	ga	2	惯用音，~乜：什么
茄	ga	2	番~
鞋	ga	2	
□	ga	6	门~：老式正门的门槛
鹳	ga	6	
䙮	ga	6	
䟒	ga	6	
陷	ga	6	白读 ~牙齿：塞牙缝
馅	ga	6	
轧	ga	7	
浃	ga	8	地名：鱼鳞~
匣	ga	8	
□	gai	2	疑似“何系”合音，为~(少见)
槐	gai	2	
葵	gai	2	
溃	gai	6	~疡
含	gaŋ	2	白读
□	gau	2	刮
猴	gau	2	
厚	gau	4	
臼	gau	4	
桕	gau	4	
舅	gau	4	~娘(少见)
旧	gau	6	~年：上一年；前些年
□	gɔ	4	表完成，中性偏贬义，用于句末常以“个~”组合使用，习惯上写作“讲”
嘎	gɔ	4	张~
讲	gɔ	4	白读 表完成，中性偏贬义，用于句末常以“个~”组合使用，读成清音亦可接受
架	gɔ	6	打~
烄	gɔ	6	煎
伽	ge	2	~蓝
渠	ge	2	第三人称代词，~俫：他们
□	ge	4	站立，常作“徛”
徛	ge	4	站立
站	ge	4	白读 常作“徛”
纥	ge	8	
个	ge	8	表所属，相当于“的”
戤	gə	3	竖
后	gəu	4	
条	gɛ	2	白读 麦~儿：一种本地宽面
渠	gi	2	第三人称代词
枷	go	2	白读 饭镬~儿
颔	gø	2	~联
颌	gø	2	
葵	gø	2	
睽	gø	2	
跪	gø	4	
馈	gø	6	
□	goŋ	2	雷声
汞	goŋ	4	
□	goŋ	6	过气水泡声
□	gu	4	磨刀
□	guɛ	4	诵读
逵	gy	2	
馗	gy	2	
葵	gy	2	
瞿	gy	2	
颧	gy	2	
权	gyø	2	
莞	gyø	4	
跔	gyø	6	
匮	gyø	6	
馈	gyø	6	
倔	gyø	8	
掘	gyø	8	
崛	gyø	8	
哈	ha	1	
喝	ha	1	白读 常作“呷”
喊	ha	3	
撼	ha	3	白读
蟹	ha	3	
□	ha	5	~钿：价格
呷	ha	7	喝水
蛤	ha	7	白读 花~：血蛤
郝	ha	7	
赫	ha	7	
瞎	ha	7	
吓	ha	7	文读
还	ɦa	2	
骸	ɦa	2	
函	ɦa	2	
涵	ɦa	2	
何	ɦa	2	~乜：什么
衡	ɦa	2	
闲	ɦa	2	
咸	ɦa	2	
嫌	ɦa	2	
邪	ɦa	2	
鞋	ɦa	2	
菡	ɦa	4	
合	ɦa	7	
竭	ɦa	8	白读
狎	ɦa	8	
狭	ɦa	8	
嗨	hai	1	
亨	haŋ	1	~利
哼	haŋ	1	~歌
罕	haŋ	3	
很	haŋ	3	
狠	haŋ	3	
恒	ɦaŋ	2	
恨	ɦaŋ	6	
佝	hau	1	
齁	hau	1	
吼	hau	3	
犼	hau	3	近指代词，“许屋”合音
鲎	hau	5	虹；一种类鱼的节肢动物
侯	ɦau	2	
喉	ɦau	2	灵~：咽喉
瘊	ɦau	2	
篌	ɦau	2	
后	ɦau	4	皇~
候	ɦau	6	
方	hɔ	1	
肓	hɔ	1	
荒	hɔ	1	
慌	hɔ	1	
诳	hɔ	1	~骗
恍	hɔ	3	
晃	hɔ	3	
谎	hɔ	3	
幌	hɔ	3	
榥	hɔ	3	
亢	hɔ	3	高~
孝	hɔ	5	
哮	hɔ	5	
阀	ɦɔ	2	
筏	ɦɔ	2	
防	ɦɔ	2	
房	ɦɔ	2	
杭	ɦɔ	2	
航	ɦɔ	2	
皇	ɦɔ	2	
黄	ɦɔ	2	
凰	ɦɔ	2	
隍	ɦɔ	2	
湟	ɦɔ	2	
惶	ɦɔ	2	
煌	ɦɔ	2	
潢	ɦɔ	2	
璜	ɦɔ	2	
蝗	ɦɔ	2	
篁	ɦɔ	2	
艎	ɦɔ	2	
磺	ɦɔ	2	
癀	ɦɔ	2	
簧	ɦɔ	2	
亡	ɦɔ	2	
崤	ɦɔ	2	
行	ɦɔ	2	银~；~着：可以
爻	ɦɔ	2	表完成，常与“罢”连用
肴	ɦɔ	2	菜~
项	ɦɔ	3	
往	ɦɔ	4	
妄	ɦɔ	4	
降	ɦɔ	6	
忘	ɦɔ	6	
旺	ɦɔ	6	
望	ɦɔ	6	
巷	ɦɔ	6	
校	ɦɔ	6	
效	ɦɔ	6	
厄	ɦɔ	8	
辖	ɦɔ	8	
辖	ɦɔ	8	
嗨	he	1	
海	he	3	
许	he	3	白读 远指代词(不常用)
氦	he	5	
黑	he	7	
篙	hə	1	白读 船~
蒿	hə	1	
薅	hə	1	
亨	hə	1	
好	hə	3	
□	hə	5	吠
耗	hə	5	
□	ɦe	2	~人：谁
谐	ɦe	2	
亥	ɦe	4	
解	ɦe	6	姓氏
毫	ɦə	2	
嗥	ɦə	2	
豪	ɦə	2	
壕	ɦə	2	
嚎	ɦə	2	
濠	ɦə	2	
蠔	ɦə	2	
号	ɦə	2	
暤	ɦə	2	
颢	ɦə	2	
灏	ɦə	2	
昊	ɦə	4	
浩	ɦə	4	
皓	ɦə	4	
暠	ɦə	6	
号	ɦə	6	
哼	heŋ	6	
后	ɦəu	4	惯用音
逅	ɦəu	6	
候	ɦəu	6	~车
哼	hɛ	1	~鸣
□	hɛ	5	惩罚性的掌击，尤其是长辈对晚辈
噷	hɛ	5	
邪	ɦɛ	2	
行	ɦɛ	2	
池	ɦi	2	地名：马鞍~；墨~
驰	ɦi	2	
除	ɦi	2	
荠	ɦi	2	荸~
齐	ɦi	2	
脐	ɦi	2	
畦	ɦi	2	
蛴	ɦi	2	
前	ɦi	2	
潜	ɦi	2	
然	ɦi	2	表转折；用于人名
如	ɦi	2	
茹	ɦi	2	
畲	ɦi	2	
畬	ɦi	2	
佘	ɦi	2	
蛇	ɦi	2	
匙	ɦi	2	
薯	ɦi	2	番~
兮	ɦi	2	
奚	ɦi	2	
贤	ɦi	2	
嫌	ɦi	2	
邪	ɦi	2	
斜	ɦi	2	
携	ɦi	2	
徐	ɦi	2	
言	ɦi	2	白读
炎	ɦi	2	
盐	ɦi	2	
羊	ɦi	2	
疡	ɦi	2	
椰	ɦi	2	
爷	ɦi	2	
耶	ɦi	2	
夷	ɦi	2	
沂	ɦi	2	
诒	ɦi	2	
迤	ɦi	2	
饴	ɦi	2	
怡	ɦi	2	
宜	ɦi	2	便~
姨	ɦi	2	
移	ɦi	2	
颐	ɦi	2	
彝	ɦi	2	
广	ɦi	3	
饵	ɦi	4	
你	ɦi	4	
擩	ɦi	4	
缮	ɦi	4	
膳	ɦi	4	
鳝	ɦi	4	
社	ɦi	4	
氏	ɦi	4	
署	ɦi	4	
巳	ɦi	4	
祀	ɦi	4	
尾	ɦi	4	
限	ɦi	4	
相	ɦi	4	象棋子名
象	ɦi	4	象棋子名
像	ɦi	4	
琰	ɦi	4	
冶	ɦi	4	
已	ɦi	4	
以	ɦi	4	
矣	ɦi	4	
箕	ɦi	6	畚~
剂	ɦi	6	
洎	ɦi	6	
匠	ɦi	6	
善	ɦi	6	
擅	ɦi	6	
赡	ɦi	6	
尚	ɦi	6	
射	ɦi	6	仆~
逝	ɦi	6	
誓	ɦi	6	
噬	ɦi	6	
嗣	ɦi	6	
系	ɦi	6	文读 ~统；~鞋带
现	ɦi	6	
陷	ɦi	6	
械	ɦi	6	
谢	ɦi	6	
榭	ɦi	6	
腌	ɦi	6	
唁	ɦi	6	
焱	ɦi	6	
曳	ɦi	6	
夜	ɦi	6	
异	ɦi	6	
易	ɦi	6	
诣	ɦi	6	
羿	ɦi	6	
肄	ɦi	6	
溢	ɦi	6	
缢	ɦi	6	
燚	ɦi	6	
懿	ɦi	6	
又	ɦi	6	白读
蝎	ɦi	7	
偈	ɦi	8	
寂	ɦi	8	
捷	ɦi	8	
睫	ɦi	8	
舌	ɦi	8	
设	ɦi	8	
射	ɦi	8	文读
涉	ɦi	8	
石	ɦi	8	
食	ɦi	8	
蚀	ɦi	8	
树	ɦi	8	连读音，桃~塆(偶发)
夕	ɦi	8	
汐	ɦi	8	
席	ɦi	8	
侠	ɦi	8	
协	ɦi	8	
挟	ɦi	8	
掖	ɦi	8	
叶	ɦi	8	
液	ɦi	8	
腋	ɦi	8	
译	ɦi	8	
怿	ɦi	8	
埸	ɦi	8	
蜴	ɦi	8	
嚼	ɦia	2	
斜	ɦia	2	
鸢	ɦia	2	
若	ɦia	8	
偌	ɦia	8	
弱	ɦia	8	
药	ɦia	8	
钥	ɦia	8	
跃	ɦia	8	
汋	ɦia	8	
灂	ɦia	8	
弋	ɦiai	8	
亦	ɦiai	8	
佚	ɦiai	8	
译	ɦiai	8	
轶	ɦiai	8	
弈	ɦiai	8	
奕	ɦiai	8	
逸	ɦiai	8	
翊	ɦiai	8	
翌	ɦiai	8	
翼	ɦiai	8	
覃	ɦiaŋ	2	
刑	ɦiaŋ	2	
邢	ɦiaŋ	2	
形	ɦiaŋ	2	
型	ɦiaŋ	2	
淫	ɦiaŋ	2	
寅	ɦiaŋ	2	
霪	ɦiaŋ	2	
螾	ɦiaŋ	2	
荧	ɦiaŋ	2	
盈	ɦiaŋ	2	
莹	ɦiaŋ	2	
萤	ɦiaŋ	2	
萦	ɦiaŋ	2	
蝇	ɦiaŋ	2	
嬴	ɦiaŋ	2	
赢	ɦiaŋ	2	
引	ɦiaŋ	4	
蚓	ɦiaŋ	4	
郢	ɦiaŋ	4	
颍	ɦiaŋ	4	
颖	ɦiaŋ	4	
胤	ɦiaŋ	6	
孕	ɦiaŋ	6	
酋	ɦiau	2	
尤	ɦiau	2	
由	ɦiau	2	
邮	ɦiau	2	
油	ɦiau	2	
疣	ɦiau	2	
铀	ɦiau	2	
蚰	ɦiau	2	~蠓：青蟹
鱿	ɦiau	2	
游	ɦiau	2	
猷	ɦiau	2	
蝣	ɦiau	2	
友	ɦiau	4	
有	ɦiau	4	
酉	ɦiau	4	
莠	ɦiau	4	
铕	ɦiau	4	
右	ɦiau	4	
诱	ɦiau	4	
又	ɦiau	6	
佑	ɦiau	6	
侑	ɦiau	6	
囿	ɦiau	6	
宥	ɦiau	6	
釉	ɦiau	6	
鼬	ɦiau	6	
婵	ɦie	2	
禅	ɦie	2	
蝉	ɦie	2	
蟾	ɦie	2	
单	ɦie	2	姓氏
渐	ɦie	2	
铅	ɦie	2	
前	ɦie	2	
然	ɦie	2	
燃	ɦie	2	
涎	ɦie	2	
延	ɦie	2	
沿	ɦie	2	
阎	ɦie	2	
筵	ɦie	2	
檐	ɦie	2	
践	ɦie	4	
冉	ɦie	4	
苒	ɦie	4	
蚬	ɦie	4	
衍	ɦie	4	
贱	ɦie	6	
现	ɦie	6	
羡	ɦie	6	
砚	ɦie	6	
焰	ɦie	6	
截	ɦie	8	
徜	ɦiə	2	
饶	ɦiə	2	
娆	ɦiə	2	
桡	ɦiə	2	
陶	ɦiə	2	皋~
姚	ɦiə	2	
窑	ɦiə	2	
谣	ɦiə	2	
徭	ɦiə	2	
遥	ɦiə	2	
媱	ɦiə	2	
瑶	ɦiə	2	
榣	ɦiə	2	
繇	ɦiə	2	
繇	ɦiə	2	
扰	ɦiə	4	
䁘	ɦiə	4	
绕	ɦiə	6	
邵	ɦiə	6	
劭	ɦiə	6	
绍	ɦiə	6	
耀	ɦiə	6	
召	ɦiə	6	
药	ɦiə	8	白读
成	ɦieŋ	2	
诚	ɦieŋ	2	
承	ɦieŋ	2	
城	ɦieŋ	2	
乘	ɦieŋ	2	
情	ɦieŋ	2	
晴	ɦieŋ	2	
绳	ɦieŋ	2	
静	ɦieŋ	4	
乘	ɦieŋ	6	
盛	ɦieŋ	6	
泅	ɦiəu	2	
遒	ɦiəu	2	
柔	ɦiəu	2	
揉	ɦiəu	2	
糅	ɦiəu	2	
蹂	ɦiəu	2	
鞣	ɦiəu	2	
就	ɦiəu	4	
寿	ɦiəu	4	
受	ɦiəu	4	
授	ɦiəu	4	
右	ɦiəu	4	
孰	ɦiəu	7	
塾	ɦiəu	7	
熟	ɦiəu	7	
鹫	ɦiəu	8	
尝	ɦiɛ	2	
常	ɦiɛ	2	
戕	ɦiɛ	2	
墙	ɦiɛ	2	
蔷	ɦiɛ	2	
嫱	ɦiɛ	2	
裳	ɦiɛ	2	
祥	ɦiɛ	2	
翔	ɦiɛ	2	
行	ɦiɛ	2	自~车(少见)
扬	ɦiɛ	2	
羊	ɦiɛ	2	
阳	ɦiɛ	2	
杨	ɦiɛ	2	
炀	ɦiɛ	2	
佯	ɦiɛ	2	
疡	ɦiɛ	2	
垟	ɦiɛ	2	
徉	ɦiɛ	2	
洋	ɦiɛ	2	~□fai31：马铃薯
瓤	ɦiɛ	4	
壤	ɦiɛ	4	
上	ɦiɛ	4	
象	ɦiɛ	4	
橡	ɦiɛ	4	
仰	ɦiɛ	4	~卧起坐
痒	ɦiɛ	4	
偿	ɦiɛ	6	
上	ɦiɛ	6	
邂	ɦiɛ	6	
养	ɦiɛ	6	
样	ɦiɛ	6	
恙	ɦiɛ	6	
懈	ɦiɛ	8	
崇	ɦioŋ	2	
纯	ɦioŋ	2	
淳	ɦioŋ	2	
鹑	ɦioŋ	2	
醇	ɦioŋ	2	
戎	ɦioŋ	2	
茸	ɦioŋ	2	
荣	ɦioŋ	2	
绒	ɦioŋ	2	
蓉	ɦioŋ	2	
溶	ɦioŋ	2	
榕	ɦioŋ	2	
融	ɦioŋ	2	
雄	ɦioŋ	2	
熊	ɦioŋ	2	
旬	ɦioŋ	2	
巡	ɦioŋ	2	
循	ɦioŋ	2	
驯	ɦioŋ	2	
徇	ɦioŋ	2	
殉	ɦioŋ	2	
庸	ɦioŋ	2	
墉	ɦioŋ	2	
慵	ɦioŋ	2	
镛	ɦioŋ	2	
鳙	ɦioŋ	2	
云	ɦioŋ	2	
匀	ɦioŋ	2	
芸	ɦioŋ	2	
吮	ɦioŋ	4	
永	ɦioŋ	4	
咏	ɦioŋ	4	
泳	ɦioŋ	4	
陨	ɦioŋ	4	
熨	ɦioŋ	5	
闰	ɦioŋ	6	
润	ɦioŋ	6	
顺	ɦioŋ	6	
晕	ɦioŋ	6	
孕	ɦioŋ	6	
运	ɦioŋ	6	
韵	ɦioŋ	6	
方	ho	1	
花	ho	1	
豁	ho	1	
虾	ho	1	
□	ho	3	~落
化	ho	5	
发	ho	7	
法	ho	7	
豁	ho	7	
霍	ho	7	
藿	ho	7	
蚶	hø	1	
酣	hø	1	
憨	hø	1	~屄：糊涂蛋
鼾	hø	1	
汉	hø	1	
蒿	hø	1	白读 ~草
欢	hø	1	
挥	hø	1	
晖	hø	1	
辉	hø	1	
徽	hø	1	
昏	hø	1	黄~：晚上，可泛指整个下半日
荤	hø	1	
婚	hø	1	
罕	hø	3	
烜	hø	3	
讳	hø	5	
纬	hø	5	
喝	hø	7	
笏	hø	7	
荷	ɦo	2	
哗	ɦo	2	
华	ɦo	2	~夏
骅	ɦo	2	
划	ɦo	2	~船
虾	ɦo	2	
遐	ɦo	2	
瑕	ɦo	2	
暇	ɦo	2	
霞	ɦo	2	
厦	ɦo	4	地名：~门
下	ɦo	4	
夏	ɦo	4	
贺	ɦo	6	
华	ɦo	6	~山
画	ɦo	6	
话	ɦo	6	
桦	ɦo	6	
嬅	ɦo	6	
或	ɦo	6	
厦	ɦo	6	
涸	ɦo	8	
鹤	ɦo	8	
猾	ɦo	8	
滑	ɦo	8	
活	ɦo	8	
获	ɦo	8	
学	ɦo	8	
韩	ɦø	2	
寒	ɦø	2	
颔	ɦø	2	~首
撼	ɦø	3	
旱	ɦø	4	
岸	ɦø	6	
害	ɦø	6	
汗	ɦø	6	
捍	ɦø	6	
悍	ɦø	6	
劾	ɦø	8	
盍	ɦø	8	
风	hoŋ	1	打大~：刮大风
吽	hoŋ	1	
轰	hoŋ	1	~炸
烘	hoŋ	1	
薨	hoŋ	1	
蕻	hoŋ	1	
哄	hoŋ	3	
□	hoŋ	5	~臭：非常臭
嗅	hoŋ	5	白读
弘	ɦoŋ	2	
红	ɦoŋ	2	
红	ɦoŋ	2	
宏	ɦoŋ	2	
纮	ɦoŋ	2	
泓	ɦoŋ	2	
洪	ɦoŋ	2	
鸿	ɦoŋ	2	
□	ɦoŋ	6	发霉变质
肤	hu	1	
呼	hu	1	
浒	hu	3	
火	hu	3	着~
伙	hu	3	
货	hu	5	
灰	huai	1	
诙	huai	1	
辉	huai	1	用于人名
麾	huai	1	
悔	huai	3	
毁	huai	3	
洧	huai	3	
诲	huai	5	
贿	huai	5	
晦	huai	5	
秽	huai	5	
喙	huai	5	
昏	huaŋ	1	白读 ~君：糊涂
婚	huaŋ	1	白读 ~庆
欢	huə	1	
轰	huɛ	1	白读 ~烈
挥	hy	1	
除	ɦy	2	
雏	ɦy	2	
垂	ɦy	2	
含	ɦy	2	
韩	ɦy	2	
莟	ɦy	2	
禾	ɦy	2	
何	ɦy	2	姓氏
𬌗	ɦy	2	牙齿开合正常
乎	ɦy	2	
魂	ɦy	2	
绝	ɦy	2	~对
龋	ɦy	2	
权	ɦy	2	
全	ɦy	2	
拳	ɦy	2	
如	ɦy	2	
茹	ɦy	2	
儒	ɦy	2	
孺	ɦy	2	
姝	ɦy	2	
殊	ɦy	2	
竖	ɦy	2	
隋	ɦy	2	
随	ɦy	2	
遂	ɦy	2	
丸	ɦy	2	
完	ɦy	2	
危	ɦy	2	
韦	ɦy	2	
违	ɦy	2	
围	ɦy	2	
帏	ɦy	2	
闱	ɦy	2	
帷	ɦy	2	
维	ɦy	2	
潍	ɦy	2	
苇	ɦy	2	
弦	ɦy	2	
舷	ɦy	2	
徐	ɦy	2	姓氏
玄	ɦy	2	
遗	ɦy	2	
于	ɦy	2	
余	ɦy	2	
妤	ɦy	2	
臾	ɦy	2	
俞	ɦy	2	
馀	ɦy	2	
谀	ɦy	2	
萸	ɦy	2	
逾	ɦy	2	
愉	ɦy	2	
瑜	ɦy	2	
榆	ɦy	2	
觎	ɦy	2	
予	ɦy	2	
缘	ɦy	2	
蕊	ɦy	3	
项	ɦy	3	
莞	ɦy	4	
户	ɦy	4	姓氏
聚	ɦy	4	
署	ɦy	4	
曙	ɦy	4	
墅	ɦy	4	
伟	ɦy	4	
玮	ɦy	4	
武	ɦy	4	
侮	ɦy	4	
序	ɦy	4	
绪	ɦy	4	
泫	ɦy	4	
与	ɦy	4	
屿	ɦy	4	地名：双~
宇	ɦy	4	
羽	ɦy	4	
雨	ɦy	4	
禹	ɦy	4	
庾	ɦy	4	
瑀	ɦy	4	
愈	ɦy	4	
誉	ɦy	5	
互	ɦy	6	
幻	ɦy	6	
汇	ɦy	6	
惠	ɦy	6	
慧	ɦy	6	文读
券	ɦy	6	拱~
瑞	ɦy	6	
隧	ɦy	6	
穗	ɦy	6	
伪	ɦy	6	
卫	ɦy	6	
为	ɦy	6	
位	ɦy	6	
胃	ɦy	6	
谓	ɦy	6	
渭	ɦy	6	
吁	ɦy	6	语气词，嘲讽意味
炫	ɦy	6	
眩	ɦy	6	
雨	ɦy	6	
芋	ɦy	6	
聿	ɦy	6	
预	ɦy	6	
谕	ɦy	6	
喻	ɦy	6	
裕	ɦy	6	
合	ɦy	7	
阖	ɦy	8	
树	ɦy	8	惯用音
床	ɦyɔ	2	
从	ɦyɔ	2	
熔	ɦyɔ	2	
松	ɦyɔ	2	白读 ~树
王	ɦyɔ	2	
往	ɦyɔ	4	
勇	ɦyɔ	4	
蛹	ɦyɔ	4	
讼	ɦyɔ	6	
诵	ɦyɔ	6	
颂	ɦyɔ	6	
用	ɦyɔ	6	
状	ɦyɔ	6	
硕	ɦyɔ	8	
楦	hye	1	
援	ɦye	2	
媛	ɦye	2	
谷	ɦyo	7	吐~浑
局	ɦyo	8	
属	ɦyo	8	
俗	ɦyo	8	
浴	ɦyo	8	
欲	ɦyo	8	
浞	ɦyo	8	
传	ɦyø	2	白读 ~授
船	ɦyø	2	
浑	ɦyø	2	
镌	ɦyø	2	
绝	ɦyø	2	
全	ɦyø	2	
泉	ɦyø	2	
痊	ɦyø	2	
完	ɦyø	2	
携	ɦyø	2	
悬	ɦyø	2	
旋	ɦyø	2	
嫙	ɦyø	2	
园	ɦyø	2	
员	ɦyø	2	
袁	ɦyø	2	
圆	ɦyø	2	
猿	ɦyø	2	
远	ɦyø	4	
县	ɦyø	6	
璇	ɦyø	6	
院	ɦyø	6	
曰	ɦyø	8	
袆	i	1	
伊	i	1	
衣	i	1	
医	i	1	
依	i	1	
铱	i	1	
猗	i	1	
漪	i	1	
噫	i	1	
踦	i	1	
鷖	i	1	
掎	i	3	
野	i	3	
倚	i	3	
椅	i	3	
旖	i	3	
亿	i	5	
忆	i	5	
裔	i	5	
意	i	5	
熠	i	5	
薏	i	5	
翳	i	5	
晔	i	7	
烨	i	7	
一	i	7	白读 ~个；~色：一样
抑	i	7	~制
勺	ia	7	
约	ia	7	
一	iai	7	文读 ~二三；长天~色
揖	iai	7	
壹	iai	7	
乙	iai	7	
钇	iai	7	
抑	iai	7	
邑	iai	7	
挹	iai	7	
益	iai	7	
浥	iai	7	
悒	iai	7	
溢	iai	7	
镒	iai	7	
因	iaŋ	1	
阴	iaŋ	1	
茵	iaŋ	1	
音	iaŋ	1	
姻	iaŋ	1	
殷	iaŋ	1	
应	iaŋ	1	
英	iaŋ	1	
莺	iaŋ	1	
婴	iaŋ	1	
瑛	iaŋ	1	
罂	iaŋ	1	
缨	iaŋ	1	
璎	iaŋ	1	
樱	iaŋ	1	
膺	iaŋ	1	
鹰	iaŋ	1	
饮	iaŋ	3	
隐	iaŋ	3	
影	iaŋ	3	
窨	iaŋ	5	
荫	iaŋ	5	~雨：躲雨
印	iaŋ	5	
应	iaŋ	5	
映	iaŋ	5	
硬	iaŋ	5	白读 颓~：做事不脚踏实地爱吹牛
优	iau	1	
攸	iau	1	
忧	iau	1	
呦	iau	1	
幽	iau	1	
悠	iau	1	
黝	iau	3	
幼	iau	5	
嗟	ie	1	
蔫	ie	1	
胭	ie	1	
烟	ie	1	
阉	ie	1	
淹	ie	1	
湮	ie	1	
嫣	ie	1	
咽	ie	1	~喉
燕	ie	1	
耶	ie	1	~酥
奄	ie	3	
掩	ie	3	
堰	ie	3	
淹	ie	5	
咽	ie	5	哽~
燕	ie	5	
幺	iə	1	
夭	iə	1	
妖	iə	1	
祅	iə	1	
腰	iə	1	
邀	iə	1	
杳	iə	3	
舀	iə	3	
要	iə	5	
哟	iə	5	
一	iə	7	白读 ~个
郁	iəu	7	
育	iəu	7	
昱	iəu	7	
彧	iəu	7	
煜	iəu	7	
毓	iəu	7	
央	iɛ	1	
殃	iɛ	1	
鸯	iɛ	1	
秧	iɛ	1	
殷	iɛ	1	
养	iɛ	3	
怏	iɛ	5	
雍	ioŋ	1	
㙲	ioŋ	1	浮尘
晕	ioŋ	1	
蕴	ioŋ	2	
尹	ioŋ	3	
允	ioŋ	3	
□	ka	1	痼~：顽渍，尤指黏在某处抠不下来的固态坚硬脏东西，如发黑的口香糖、沾污的痤疮
伽	ka	1	~尸
乖	ka	1	
关	ka	1	
獾	ka	1	
迦	ka	1	
奸	ka	1	
间	ka	1	
肩	ka	1	白读
艰	ka	1	
监	ka	1	~牢
缄	ka	1	
煎	ka	1	白读
豇	ka	1	
蛟	ka	1	地名：~翔巷
阶	ka	1	
皆	ka	1	
街	ka	1	
纶	ka	1	
偕	ka	1	
拐	ka	3	
柺	ka	3	
减	ka	3	
剪	ka	3	白读 本字为“铰”
简	ka	3	
碱	ka	3	
饺	ka	3	
铰	ka	3	~刀：剪刀
皎	ka	3	
解	ka	3	
□	ka	5	~钿：价格
卦	ka	5	~象
挂	ka	5	白读
怪	ka	5	
惯	ka	5	
价	ka	5	白读 ~钿：价格
间	ka	5	
监	ka	5	~生
涧	ka	5	
戒	ka	5	
界	ka	5	
诫	ka	5	
革	ka	7	
格	ka	7	
隔	ka	7	
骼	ka	7	
刮	ka	7	
夹	ka	7	
荚	ka	7	
戛	ka	7	
颊	ka	7	
甲	ka	7	
角	ka	7	白读 麦~儿：一种本地馅饼，形状类似大饺子
峡	ka	7	
归	kai	1	
圭	kai	1	地名：巴拉~
规	kai	1	
瑰	kai	1	
轨	kai	3	
个	kai	5	
刽	kai	5	
桂	kai	5	
桧	kai	5	
会	kai	5	~计
荟	kai	5	
绘	kai	5	
侩	kai	5	
脍	kai	5	
掴	kai	7	
蝈	kai	7	
国	kai	7	
帼	kai	7	
根	kaŋ	1	白读
跟	kaŋ	1	
耿	kaŋ	3	
哽	kaŋ	3	
管	kaŋ	3	白读
艮	kaŋ	5	白读 山行~
更	kaŋ	5	~加
勾	kau	1	~引
沟	kau	1	
钩	kau	1	
篝	kau	1	
句	kau	1	高~丽
苟	kau	3	
狗	kau	3	
枸	kau	3	~杞
垢	kau	3	
勾	kau	5	~当
构	kau	5	
购	kau	5	
诟	kau	5	
姤	kau	5	
够	kau	5	
彀	kau	5	
媾	kau	5	
彀	kau	7	近指代词，“居屋”合音
冈	kɔ	1	
刚	kɔ	1	
肛	kɔ	1	
纲	kɔ	1	
钢	kɔ	1	
缸	kɔ	1	
光	kɔ	1	
咣	kɔ	1	
胱	kɔ	1	
江	kɔ	1	
茳	kɔ	1	
姜	kɔ	1	姓氏
交	kɔ	1	
郊	kɔ	1	
茭	kɔ	1	
胶	kɔ	1	
跤	kɔ	1	
鲛	kɔ	1	
教	kɔ	1	
扛	kɔ	1	
岗	kɔ	3	
港	kɔ	3	
广	kɔ	3	
讲	kɔ	3	
奖	kɔ	3	
姣	kɔ	3	
佼	kɔ	3	
狡	kɔ	3	
绞	kɔ	3	
铰	kɔ	3	~钳
皎	kɔ	3	
搅	kɔ	3	
肴	kɔ	3	~配：配菜
杠	kɔ	5	
洸	kɔ	5	
绛	kɔ	5	
较	kɔ	5	
教	kɔ	5	
窖	kɔ	5	
酵	kɔ	5	
校	kɔ	5	
觉	kɔ	7	
该	ke	1	
赅	ke	1	
几	ke	1	白读 ~俫：多少
居	ke	1	近指代词
改	ke	3	
几	ke	3	白读 ~个
盖	ke	5	
溉	ke	5	
概	ke	5	
丐	ke	7	
钙	ke	7	
皋	kə	1	
高	kə	1	
羔	kə	1	
槔	kə	1	
膏	kə	1	
篙	kə	1	
糕	kə	1	
杲	kə	3	
搞	kə	3	
槀	kə	3	
镐	kə	3	
稿	kə	3	
槁	kə	5	
告	kə	5	
郜	kə	5	
诰	kə	5	
锆	kə	5	
更	kə	5	~加
梏	kə	5	
诟	kəu	3	
垢	kəu	3	
骹	kʰa	1	
看	kʰa	1	~守所
夸	kʰa	1	~奖
宽	kʰa	1	
楷	kʰa	3	
可	kʰa	3	老派音
垮	kʰa	3	
客	kʰa	5	
块	kʰa	5	
快	kʰa	5	
哙	kʰa	5	
匄	kʰa	7	给
磕	kʰa	7	白读 ~头
阔	kʰa	7	白读 ~绰
掐	kʰa	7	
恰	kʰa	7	
恢	kʰai	1	
亏	kʰai	1	
岿	kʰai	1	
悝	kʰai	1	
盔	kʰai	1	
窥	kʰai	1	
喹	kʰai	1	
魁	kʰai	1	
睽	kʰai	1	
奎	kʰai	3	
喟	kʰai	5	
愧	kʰai	5	
搕	kʰai	7	
肯	kʰaŋ	3	
垦	kʰaŋ	3	
□	kʰau	1	禁锢
抠	kʰau	1	
抠	kʰau	1	
眍	kʰau	1	
口	kʰau	3	
叩	kʰau	5	
扣	kʰau	5	
寇	kʰau	5	
蔻	kʰau	5	
康	kʰɔ	1	
慷	kʰɔ	1	
糠	kʰɔ	1	
吭	kʰɔ	1	~声
腔	kʰɔ	1	白读 空~
硗	kʰɔ	1	
敲	kʰɔ	1	
忼	kʰɔ	3	
邝	kʰɔ	3	
巧	kʰɔ	3	
亢	kʰɔ	5	
伉	kʰɔ	5	表并列
囥	kʰɔ	5	放置
炕	kʰɔ	5	
钪	kʰɔ	5	
圹	kʰɔ	5	
旷	kʰɔ	5	
矿	kʰɔ	5	
扩	kʰɔ	7	
扩	kʰɔ	7	
开	kʰe	1	
凯	kʰe	3	
铠	kʰe	3	
恺	kʰe	5	
慨	kʰe	5	
克	kʰe	7	
刻	kʰe	7	
尻	kʰə	1	
尻	kʰə	1	
熇	kʰə	3	
考	kʰə	3	
栲	kʰə	3	
烤	kʰə	3	
拷	kʰə	5	
铐	kʰə	5	
靠	kʰə	5	
㸆	kʰə	5	
揩	kʰɛ	1	
嵌	kʰɛ	5	
开	kʰɪ	1	
去	kʰɪ	5	白读
珂	kʰo	1	
柯	kʰo	1	
钶	kʰo	1	
夸	kʰo	1	
宽	kʰo	1	白读 ~带
可	kʰo	3	
坷	kʰo	3	
砢	kʰo	3	
□	kʰo	5	稳稳拿住
苛	kʰo	5	
胯	kʰo	5	
跨	kʰo	5	
阔	kʰo	7	广~
廓	kʰo	7	
确	kʰo	7	
勘	kʰø	1	
龛	kʰø	1	
科	kʰø	1	~室
昆	kʰø	1	
侃	kʰø	3	
看	kʰø	5	~牛(不常用)
咳	kʰø	7	~嗽
嗑	kʰø	7	
磕	kʰø	7	文读 ~碰
渴	kʰø	7	
空	kʰoŋ	1	
悾	kʰoŋ	1	
硿	kʰoŋ	1	
箜	kʰoŋ	1	
孔	kʰoŋ	3	
空	kʰoŋ	5	
崆	kʰoŋ	5	
控	kʰoŋ	5	
啌	kʰoŋ	5	
□	kʰu	1	~□tɕʰi33：调侃他人擤涕失败
踝	kʰu	1	
轲	kʰu	1	
科	kʰu	1	
棵	kʰu	1	
稞	kʰu	1	
窠	kʰu	1	
颗	kʰu	1	
蝌	kʰu	1	
刳	kʰu	1	
枯	kʰu	1	
骷	kʰu	1	
□	kʰu	3	~喘：呼吸困难伴响亮异常呼吸音，一般指急性哮喘发作
苦	kʰu	3	
课	kʰu	5	
库	kʰu	5	
绔	kʰu	5	
绔	kʰu	5	
裤	kʰu	5	
哭	kʰu	7	
喾	kʰu	7	
酷	kʰu	7	
坤	kʰuaŋ	1	
堃	kʰuaŋ	1	
捆	kʰuaŋ	3	
困	kʰuaŋ	5	白读 ~难
墈	kʰy	1	阶梯
犬	kʰye	3	
畎	kʰye	3	
券	kʰye	5	
曲	kʰyo	7	
区	kʰyø	1	市~
圈	kʰyø	1	
困	kʰyø	5	
劝	kʰyø	5	~勉
窟	kʰyø	7	
曲	kʰyø	7	~折
屈	kʰyø	7	
缺	kʰyø	7	
阙	kʰyø	7	
阕	kʰyø	7	
季	kɪ	5	
伽	ko	1	
哥	ko	1	
搁	ko	1	
歌	ko	1	
呱	ko	1	
瓜	ko	1	
郭	ko	1	
花	ko	1	白读 落~生：花生
加	ko	1	
佳	ko	1	
迦	ko	1	
枷	ko	1	~锁
痂	ko	1	
家	ko	1	
袈	ko	1	
嘉	ko	1	
稼	ko	1	
贾	ko	3	
假	ko	3	
盖	ko	5	姓氏
卦	ko	5	~爻
挂	ko	5	
褂	ko	5	
假	ko	5	
价	ko	5	
架	ko	5	
嫁	ko	5	
稼	ko	5	
阁	ko	7	
各	ko	7	
角	ko	7	
觉	ko	7	
括	ko	7	
廓	ko	7	
甘	kø	1	
干	kø	1	菜咸~：梅干菜
割	kø	1	
根	kø	1	
官	kø	1	
冠	kø	1	~冕
龟	kø	1	
据	kø	1	拮~
敢	kø	3	
感	kø	3	
橄	kø	3	
梗	kø	3	
鬼	kø	3	文读 魔~
晷	kø	3	
跬	kø	3	
干	kø	5	~部
艮	kø	5	文读 儒~
观	kø	5	
贯	kø	5	
罐	kø	5	
贵	kø	5	
葛	kø	7	
蛤	kø	7	文读 ~蜊
合	kø	7	白读
工	koŋ	1	
公	koŋ	1	
功	koŋ	1	
攻	koŋ	1	
恭	koŋ	1	~喜
蚣	koŋ	1	
龚	koŋ	1	
巩	koŋ	3	
拱	koŋ	3	~桥；~券
赣	koŋ	5	
戆	koŋ	5	~头~脑：头脑简单
供	koŋ	5	~奉
贡	koŋ	5	
戈	ku	1	
咕	ku	1	
沽	ku	1	
姑	ku	1	
轱	ku	1	
蛄	ku	1	
辜	ku	1	
酤	ku	1	
箍	ku	1	
埚	ku	1	
锅	ku	1	
挝	ku	1	敲打
蜗	ku	1	
舸	ku	3	
估	ku	3	
古	ku	3	
诂	ku	3	
股	ku	3	
牯	ku	3	
罟	ku	3	
蛊	ku	3	
鼓	ku	3	
瞽	ku	3	
果	ku	3	
裹	ku	3	
贾	ku	3	
固	ku	5	
故	ku	5	
顾	ku	5	
崮	ku	5	
雇	ku	5	
锢	ku	5	
痼	ku	5	
鲴	ku	5	
过	ku	5	
锯	ku	5	~木
谷	ku	7	
鹄	ku	7	
梏	ku	7	
滚	kuaŋ	3	
衮	kuaŋ	4	
赶	kuə	3	~趁早：主动早到
剐	kuə	3	
寡	kuə	3	
贯	kuə	5	
灌	kuə	5	
骨	kuə	7	
更	kuɛ	1	三~
肱	kuɛ	1	
觥	kuɛ	1	
乖	kuɛ	1	
埂	kuɛ	3	
□	kuɛ	5	呼气性呼吸困难
惯	kuɛ	5	
肝	ky	1	
干	ky	1	番薯~
更	ky	1	~新
管	ky	3	
轨	ky	3	
癸	ky	3	
桂	ky	5	
闺	kye	1	
甘	kyø	1	
肝	kyø	1	
泔	kyø	1	
柑	kyø	1	
竿	kyø	1	
观	kyø	1	
官	kyø	1	
棺	kyø	1	
圭	kyø	1	
规	kyø	1	
闺	kyø	1	
抉	kyø	1	
秆	kyø	3	
赶	kyø	3	~走
感	kyø	3	~冒
擀	kyø	3	
枸	kyø	3	~橼
馆	kyø	3	
诡	kyø	3	
卷	kyø	3	
干	kyø	5	~活
冠	kyø	5	~军
冠	kyø	5	~状
灌	kyø	5	
贵	kyø	5	
棍	kyø	5	
锯	kyø	5	~齿
橘	kyø	7	
决	kyø	7	
诀	kyø	7	
拉	la	1	你~人：你们
岚	la	2	
澜	la	2	文读
褴	la	2	
览	la	4	
揽	la	4	
缆	la	4	
懒	la	4	
赖	la	6	
癞	la	6	
澜	la	6	哈~水：口水
滥	la	6	
那	la	6	
垃	la	8	
拉	la	8	~屁：放屁
邋	la	8	一~臀：最后
喇	la	8	
腊	la	8	
蜡	la	8	
辣	la	8	
□	lai	1	拿，摘
累	lai	1	白读 ~堆：难搞
雷	lai	2	
嫘	lai	2	
缧	lai	2	
擂	lai	2	~鼓
镭	lai	2	
羸	lai	2	
蕾	lai	2	
脶	lai	2	指纹
耒	lai	4	
诔	lai	4	
垒	lai	4	
磊	lai	4	
儡	lai	4	
癗	lai	4	
累	lai	4	积~
裸	lai	4	白读 赤膊坦~：光着膀子
揽	lai	6	收集，聚拢
擂	lai	6	~台
礌	lai	6	
泪	lai	6	
泪	lai	6	
类	lai	6	
累	lai	6	受~
𨀤	lai	6	摔倒
唳	lai	6	
摞	lai	6	叠
力	lai	8	白读 ~不牢：受不了
捩	lai	8	扭断
捋	lai	8	
棱	laŋ	2	
楞	laŋ	2	
薐	laŋ	2	
沦	laŋ	2	
轮	laŋ	2	
卵	laŋ	4	蛋
论	laŋ	6	~文(少见)
□	lau	1	弱
留	lau	2	
流	lau	2	
馏	lau	2	
榴	lau	2	
瘤	lau	2	
鎏	lau	2	
娄	lau	2	
偻	lau	2	
喽	lau	2	
楼	lau	2	
耧	lau	2	
蝼	lau	2	
髅	lau	2	
搂	lau	4	
嵝	lau	4	
篓	lau	4	
陋	lau	6	
镂	lau	6	
瘘	lau	6	
漏	lau	6	
露	lau	6	~出
六	lau	8	
琅	lɔ	2	
来	le	2	
俫	le	2	人称复数助词
莱	le	2	
徕	le	2	
睐	le	6	
类	le	6	
勒	le	8	
肋	le	8	
捞	lə	1	
唠	lə	1	
兰	lə	2	
拦	lə	2	
栏	lə	2	
阑	lə	2	
蓝	lə	2	
澜	lə	2	地名：安~亭
篮	lə	2	
郎	lə	2	
狼	lə	2	
廊	lə	2	
榔	lə	2	
锒	lə	2	
稂	lə	2	
螂	lə	2	
劳	lə	2	
牢	lə	2	
崂	lə	2	
铹	lə	2	
醪	lə	2	
佬	lə	2	童子~：对调皮男孩的贬称，可以是家长表示对自己孩子亲昵称呼，亦可泛指一个人做事浮夸不老实，亦作“童子痨”
嫪	lə	2	
朗	lə	4	
姥	lə	4	
阆	lə	6	
莨	lə	6	
浪	lə	6	
痨	lə	6	肺~：肺结核
垃	lə	8	
林	leŋ	2	
淋	leŋ	2	
琳	leŋ	2	
粼	leŋ	2	
嶙	leŋ	2	
霖	leŋ	2	
鳞	leŋ	2	
麟	leŋ	2	
〇	leŋ	2	
伶	leŋ	2	
零	leŋ	2	
刘	ləu	2	
浏	ləu	4	
溜	ləu	6	
柳	ləu	6	
遛	ləu	6	
戮	ləu	8	
咧	lɛ	1	
龙	lɛ	2	白读 ~船
笼	lɛ	2	
冷	lɛ	4	
两	lɛ	4	
辆	lɛ	4	
劣	lɛ	8	
猎	lɛ	8	
哩	li	1	
厘	li	2	
离	li	2	
骊	li	2	
梨	li	2	
犁	li	2	
蜊	li	2	
璃	li	2	
黎	li	2	
篱	li	2	
郦	li	2	
蠡	li	4	
礼	li	4	
李	li	4	
娌	li	4	
理	li	4	
鲤	li	4	
厉	li	6	
吏	li	6	
丽	li	6	
励	li	6	
利	li	6	
例	li	6	
戾	li	6	
隶	li	6	
荔	li	6	
俪	li	6	
莉	li	6	
莅	li	6	
蛎	li	6	
痢	li	6	
恋	li	6	
力	li	8	
历	li	8	
立	li	8	
沥	li	8	
砾	li	8	
笠	li	8	
列	li	8	
冽	li	8	
烈	li	8	
裂	li	8	
律	li	8	
喱	lɪ	1	近指代词
□	lɪ	4	近指代词
里	lɪ	4	
戾	lɪ	6	
唳	lɪ	6	
粒	lɪ	8	~~分明
奁	lie	2	
连	lie	2	
怜	lie	2	
帘	lie	2	
莲	lie	2	
涟	lie	2	
梿	lie	2	
联	lie	2	
廉	lie	2	
敛	lie	4	
脸	lie	4	
练	lie	6	
炼	lie	6	
殓	lie	6	
潋	lie	6	
栗	lie	8	
量	liə	2	丈~
撩	liə	2	
辽	liə	2	
疗	liə	2	
聊	liə	2	
僚	liə	2	
寥	liə	2	
嘹	liə	2	
寮	liə	2	
缭	liə	2	
燎	liə	2	
了	liə	3	
谅	liə	6	
量	liə	6	数~
晾	liə	6	
料	liə	6	
廖	liə	6	
镣	liə	6	
掠	liə	8	
邻	lieŋ	2	
临	lieŋ	2	
灵	lieŋ	2	
铃	lieŋ	2	
凌	lieŋ	2	
陵	lieŋ	2	
绫	lieŋ	2	
呤	lieŋ	2	
吝	lieŋ	4	
蔺	lieŋ	4	
躏	lieŋ	4	
另	lieŋ	4	
令	lieŋ	4	
良	liɛ	2	
凉	liɛ	2	
梁	liɛ	2	
粮	liɛ	2	
粱	liɛ	2	
量	liɛ	2	丈~
谅	liɛ	6	
量	liɛ	6	数~
咯	lo	1	
啰	lo	1	
罗	lo	2	
萝	lo	2	
逻	lo	2	
锣	lo	2	
骡	lo	2	
掳	lo	4	
裸	lo	4	
赂	lo	6	
露	lo	6	用于人名
摞	lo	6	一~儿
烙	lo	8	
酪	lo	8	
乐	lo	8	
洛	lo	8	
落	lo	8	
婪	lø	2	
卢	lø	2	
庐	lø	2	
炉	lø	2	
颅	lø	2	
峦	lø	2	
孪	lø	2	
娈	lø	2	
栾	lø	2	
挛	lø	2	
鸾	lø	2	
脔	lø	2	
滦	lø	2	
銮	lø	2	
抡	lø	2	
仑	lø	2	
伦	lø	2	
囵	lø	2	
论	lø	2	~语
螺	lø	2	
虏	lø	4	
鲁	lø	4	
卵	lø	4	~脬：阴茎
裸	lø	4	
旅	lø	4	
屡	lø	4	
缕	lø	4	
履	lø	4	
恋	lø	6	白读
乱	lø	6	
论	lø	6	~讲：论说
滤	lø	6	
漯	lø	7	
率	lø	7	效~
粒	lø	8	
录	lø	8	
鹿	lø	8	地名：~城
捋	lø	8	白读 ~颓：男性手淫
律	lø	8	白读 ~令
绿	lø	8	
略	lø	8	
龙	loŋ	2	
咙	loŋ	2	
珑	loŋ	2	
栊	loŋ	2	
胧	loŋ	2	
砻	loŋ	2	
聋	loŋ	2	
笼	loŋ	2	文读 灯~
隆	loŋ	2	
窿	loŋ	2	
陇	loŋ	4	
垅	loŋ	4	
拢	loŋ	4	
垄	loŋ	4	
弄	loŋ	6	
漉	lu	1	
撸	lu	4	
橹	lu	4	
陆	lu	8	
鹿	lu	8	
禄	lu	8	
碌	lu	8	
辘	lu	8	
卢	ly	2	
庐	ly	2	
炉	ly	2	
颅	ly	2	
褛	ly	2	
卤	ly	4	
榈	ly	4	
吕	ly	4	
侣	ly	4	
旅	ly	4	
屡	ly	4	
履	ly	4	
路	ly	6	
潞	ly	6	
璐	ly	6	
鹭	ly	6	
露	ly	6	~水
哞	m̩	1	
模	m̩	2	一~一色：一模一样
魔	m̩	2	
无	m̩	2	
□	m̩	4	呆愣
姥	m̩	4	天~
马	m̩	4	
某	m̩	4	
暮	m̩	4	
毋	m̩	4	
磨	m̩	6	琢~
母	m̩	6	
募	m̩	6	~集
墓	m̩	6	
慕	m̩	6	
□	m̩	8	□dʑia212~：什么
呣	m̩	8	
寞	m̩	8	
姆	m̩	8	细~：小孩，尤是小男孩
沐	m̩	8	
募	m̩	8	招~
幕	m̩	8	
妈	ma	1	
埋	ma	2	
霾	ma	2	
蛮	ma	2	
买	ma	4	
挽	ma	4	
晚	ma	4	白读
饭	ma	6	
骂	ma	6	
迈	ma	6	
卖	ma	6	
曼	ma	6	
谩	ma	6	
蔓	ma	6	
漫	ma	6	
慢	ma	6	
万	ma	6	
麦	ma	8	
娒	mai	1	小孩
玫	mai	2	
枚	mai	2	
莓	mai	2	
梅	mai	2	
媒	mai	2	
煤	mai	2	
禖	mai	2	
酶	mai	2	
霉	mai	2	
浼	mai	4	
妹	mai	6	
昧	mai	6	
寐	mai	6	
魅	mai	6	
面	mai	6	后~
面	mai	8	白读 后~
墨	mai	8	
闷	maŋ	1	
门	maŋ	2	
扪	maŋ	2	
钔	maŋ	2	
们	maŋ	2	
明	maŋ	2	~朝：明天
忘	maŋ	2	白读 ~记
闻	maŋ	2	
闷	maŋ	6	
焖	maŋ	6	
蚊	maŋ	6	
问	maŋ	6	
冇	mau	4	
牤	mɔ	2	
邙	mɔ	2	
芒	mɔ	2	
忙	mɔ	2	
盲	mɔ	2	
盲	mɔ	2	
氓	mɔ	2	
茫	mɔ	2	
矛	mɔ	2	~盾
虻	mɔ	2	
萌	mɔ	2	
亡	mɔ	2	白读 存~
马	mɔ	4	五~街(少见)
莽	mɔ	4	
漭	mɔ	4	
蟒	mɔ	4	
卯	mɔ	4	
猛	mɔ	4	
蠓	mɔ	4	~虫
网	mɔ	4	
罔	mɔ	4	
惘	mɔ	4	
辋	mɔ	4	
魍	mɔ	4	
冒	mɔ	6	~险
孟	mɔ	6	
望	mɔ	6	白读 ~潮儿：章鱼
袜	mɔ	8	
□	mə	1	□diəu11~：妓女，疑作“㛒媌”或“鸟毛”讹传，温州各地都较常用，可用作对其他人尤其是女性的侮辱性称呼，常可看作是“□diəu11~个儿”的简称
猫	mə	1	
媌	mə	1	
嘛	mə	2	喇~
毛	mə	2	
矛	mə	2	
牦	mə	2	
旄	mə	2	
酕	mə	2	
锚	mə	2	
髦	mə	2	
蟊	mə	2	
芼	mə	2	
楙	mə	2	
愗	mə	2	“无好”合音，坏、差
懋	mə	2	
模	mə	2	~式
牟	mə	2	
眸	mə	2	
眸	mə	2	
谋	mə	2	
冇	mə	4	
昴	mə	4	
铆	mə	4	
牡	mə	4	
茂	mə	6	
冒	mə	6	
贸	mə	6	
耄	mə	6	
袤	mə	6	
帽	mə	6	
媢	mə	6	
瑁	mə	6	
貌	mə	6	
懑	mə	6	
摸	mə	7	
脉	mə	8	
末	mə	8	
陌	mə	8	
默	mə	8	
牧	mə	8	
米	mei	4	
盟	meŋ	2	
民	meŋ	2	
泯	meŋ	2	
闽	meŋ	2	
名	meŋ	2	
明	meŋ	2	
鸣	meŋ	2	
铭	meŋ	2	
命	meŋ	4	
瞑	meŋ	6	
咩	mɛ	1	
乜	mɛ	8	文读 斜视
灭	mɛ	8	
蔑	mɛ	8	
篾	mɛ	8	
咪	mi	1	
眯	mi	1	
眉	mi	2	
嵋	mi	2	
湄	mi	2	
弥	mi	2	
迷	mi	2	
迷	mi	2	
猕	mi	2	
醚	mi	2	
糜	mi	2	
縻	mi	2	
麋	mi	2	
免	mi	3	
娩	mi	3	
美	mi	4	
祢	mi	4	
靡	mi	4	
芈	mi	4	
弭	mi	4	
媚	mi	6	
面	mi	6	
未	mi	6	
味	mi	6	
觅	mi	8	
密	mi	8	
幂	mi	8	
谧	mi	8	
蜜	mi	8	
面	mi	8	
眠	mie	2	
绵	mie	2	
棉	mie	2	
沔	mie	3	
勉	mie	3	
冕	mie	3	
渑	mie	3	
湎	mie	3	
愐	mie	3	
缅	mie	3	
喵	miə	1	
苗	miə	2	
描	miə	2	
秒	miə	4	
渺	miə	4	
藐	miə	4	
妙	miə	6	
庙	miə	6	
谬	miə	6	
缪	miə	6	
邈	miə	7	
嬷	mo	1	对于大龄妇女的统称，相当于“姑姑”，常指父亲的姐妹，也可见叔伯之妻
哞	mo	1	
无	mo	1	南~阿弥陀佛
麻	mo	2	
蟆	mo	2	
摹	mo	2	
摩	mo	2	
磨	mo	2	
蘑	mo	2	
马	mo	4	
码	mo	4	
摸	mo	7	~牌
膜	mo	7	
莫	mo	7	
漠	mo	7	
寞	mo	7	
抹	mo	8	~地
物	mo	8	~食：零食
馒	mø	2	
瞒	mø	2	
鳗	mø	2	
满	mø	4	
幔	mø	6	
懑	mø	6	
没	mø	8	文读 ~有(不常用)
抹	mø	8	文读 ~杀
茉	mø	8	
沫	mø	8	
秣	mø	8	
物	mø	8	~事：事物
雾	mø	8	
蒙	moŋ	2	
懞	moŋ	2	
朦	moŋ	2	
懵	moŋ	2	
蠓	moŋ	2	蚰~：青蟹
蒙	moŋ	4	
梦	moŋ	6	
模	mu	2	一~一色：一模一样
牡	mu	4	~蛎
拇	mu	4	
戊	mu	6	
目	mu	8	
睦	mu	8	
馒	muə	2	
瞒	muə	2	
亩	muə	4	
没	muə	8	淹~
抹	muə	8	~布
牧	muə	8	
穆	muə	8	
那	na	1	白读 訾~：怎么
奶	na	1	阿~
南	na	1	~无阿弥陀佛
喃	na	1	
妳	na	1	母亲，碓~：他妈的
拿	na	2	
难	na	2	
女	na	2	白读 ~儿
哪	na	4	
那	na	4	
乃	na	4	
奶	na	4	
那	na	6	文读
纳	na	6	~入
奈	na	6	
难	na	6	
呐	na	8	
挼	nai	2	
馁	nai	4	
腇	nai	4	
内	nai	6	
恁	naŋ	2	~界：现在
能	naŋ	2	
侬	naŋ	2	
人	naŋ	2	白读
暖	naŋ	4	白读 ~纷纷：温暖宜人
嫩	naŋ	6	白读
㝹	nau	1	
冇	nau	4	
囔	nɔ	1	
囊	nɔ	2	
馕	nɔ	2	
曩	nɔ	2	以前
挠	nɔ	2	
铙	nɔ	2	
□	nɔ	4	把嘴塞满
泥	ne	2	
逆	ne	8	
日	ne	8	白读
孬	nə	1	~种
挠	nə	2	
猱	nə	2	
恼	nə	4	
脑	nə	4	
瑙	nə	4	
闹	nə	6	
淖	nə	6	
槈	nə	6	
耨	nə	6	
捺	nə	8	
恁	nɛ	2	~界：现在
人	nɛ	2	白读 糖~儿
奴	no	2	
傩	no	2	
努	no	4	
弩	no	4	
懦	no	6	
糯	no	6	
搙	no	8	
诺	no	8	
喏	no	8	语气词，类似于“你看”
锘	no	8	
男	nø	2	
南	nø	2	
喃	nø	2	呢~
楠	nø	2	
奴	nø	2	~才
腩	nø	4	
暖	nø	4	
嫩	nø	6	
懦	nø	6	
糯	nø	6	
纳	nø	8	
肭	nø	8	
讷	nø	8	
农	noŋ	2	
侬	noŋ	2	
浓	noŋ	2	文读
脓	noŋ	2	
挪	nu	2	
怒	nu	6	
呢	ȵi	1	~喃
尼	ȵi	2	
怩	ȵi	2	
霓	ȵi	2	
年	ȵi	2	
娘	ȵi	2	老~~：老太太
仪	ȵi	2	
宜	ȵi	2	~居
疑	ȵi	2	
你	ȵi	4	
旎	ȵi	4	
鸟	ȵi	4	文读 天主~
染	ȵi	4	
睨	ȵi	6	
腻	ȵi	6	
廿	ȵi	6	
义	ȵi	6	
艺	ȵi	6	
议	ȵi	6	
呓	ȵi	6	
谊	ȵi	6	
毅	ȵi	6	
乜	ȵi	8	何~：什么
逆	ȵi	8	
匿	ȵi	8	
溺	ȵi	8	
捻	ȵi	8	
聂	ȵi	8	
涅	ȵi	8	
镊	ȵi	8	
孽	ȵi	8	
热	ȵi	8	
稔	ȵi	8	
日	ȵi	8	白读
业	ȵi	8	
饶	ȵia	2	地名：上~
尧	ȵia	2	
袅	ȵia	4	
攘	ȵia	4	
绕	ȵia	4	~路
垚	ȵia	4	
让	ȵia	6	
溺	ȵia	8	
捻	ȵia	8	
捏	ȵia	8	
涅	ȵia	8	
若	ȵia	8	
箬	ȵia	8	
泥	ȵiai	2	
昵	ȵiai	8	
臬	ȵiai	8	
日	ȵiai	8	白读 生~
人	ȵiaŋ	2	白读 老~客：对陌生妇女的统称或出嫁多年女性的谦称，可泛指“老板娘”等含义，一定语境下可以抛弃性别向
任	ȵiaŋ	2	姓氏
忍	ȵiaŋ	4	
任	ȵiaŋ	4	白读
刃	ȵiaŋ	6	
仞	ȵiaŋ	6	
韧	ȵiaŋ	6	
妞	ȵiau	1	
扭	ȵiau	2	拧
扭	ȵiau	4	
狃	ȵiau	4	~宕：哪里
忸	ȵiau	4	
纽	ȵiau	4	
钮	ȵiau	4	
拗	ȵiau	5	执~
□	ȵie	1	老婆
孃	ȵie	1	对于妇女的统称，相当于“阿姨”，常指母亲的姐妹
焉	ȵie	1	
鲇	ȵie	2	
黏	ȵie	2	
言	ȵie	2	
粘	ȵie	2	
辇	ȵie	6	
撵	ȵie	6	
廿	ȵie	6	
念	ȵie	6	
唸	ȵie	6	
苶	ȵie	8	精神萎靡
嬲	ȵiə	4	
溺	ȵiə	8	便~回
尿	ȵiə	8	文读 ~素
肉	ȵiəu	8	
娘	ȵiɛ	1	叔伯之妻
娘	ȵiɛ	2	
仰	ȵiɛ	4	
酿	ȵiɛ	6	
女	ȵy	2	
鱼	ȵy	2	惯用音
禺	ȵy	2	
渔	ȵy	2	
隅	ȵy	2	
虞	ȵy	2	
愚	ȵy	2	
元	ȵy	2	
原	ȵy	2	
源	ȵy	2	
乳	ȵy	4	
软	ȵy	4	
蕤	ȵy	4	
语	ȵy	4	
语	ȵy	6	~曰
芋	ȵy	6	
遇	ȵy	6	
寓	ȵy	6	
豫	ȵy	6	
院	ȵy	6	白读 ~主人：女孩
愿	ȵy	6	
疟	ȵy	8	
虐	ȵy	8	
月	ȵy	8	
浓	ȵyɔ	2	
囡	ȵye	2	~~猪：小猪，特别是小母猪，也可以泛指家猪
沅	ȵye	2	
阮	ȵye	4	
玉	ȵyo	8	~米
狱	ȵyo	8	
女	ȵyø	2	
蕊	ȵyø	6	花~
御	ȵyø	6	
御	ȵyø	6	
俄	ŋ̍	2	
娥	ŋ̍	2	
儿	ŋ̍	2	
而	ŋ̍	2	
吾	ŋ̍	2	
吴	ŋ̍	2	
吴	ŋ̍	2	
梧	ŋ̍	2	
宜	ŋ̍	2	
鱼	ŋ̍	2	
龉	ŋ̍	2	
哦	ŋ̍	3	
忤	ŋ̍	3	
耳	ŋ̍	4	
我	ŋ̍	4	
五	ŋ̍	4	
五	ŋ̍	4	
午	ŋ̍	4	
午	ŋ̍	4	
伍	ŋ̍	4	
伍	ŋ̍	4	
忤	ŋ̍	4	
旿	ŋ̍	4	
二	ŋ̍	6	
嗯	ŋ̍	6	
唔	ŋ̍	6	
误	ŋ̍	6	
悟	ŋ̍	6	
晤	ŋ̍	6	
寤	ŋ̍	6	
睚	ŋa	2	
呀	ŋa	2	
妍	ŋa	2	
岩	ŋa	2	
研	ŋa	2	
颜	ŋa	2	
碾	ŋa	4	
眼	ŋa	4	
咬	ŋa	4	
蚁	ŋa	4	白读 虎~：蚂蚁
雁	ŋa	6	
巍	ŋai	2	
嵬	ŋai	2	
隗	ŋai	2	
饿	ŋai	6	
魏	ŋai	6	
䞫	ŋaŋ	3	
牛	ŋau	2	
狃	ŋau	4	中派音，~宕：哪里
偶	ŋau	4	
耦	ŋau	4	
藕	ŋau	4	
卬	ŋɔ	2	
昂	ŋɔ	2	
娥	ŋɔ	2	老派音
蛾	ŋɔ	2	
我	ŋɔ	4	老派音
咬	ŋɔ	4	
呆	ŋe	2	
严	ŋe	2	
妍	ŋe	2	
研	ŋe	2	
碾	ŋe	4	
俨	ŋe	4	
演	ŋe	4	
蚁	ŋe	4	
厌	ŋe	5	
捱	ŋe	6	拖迟
耐	ŋe	6	
彦	ŋe	6	
宴	ŋe	6	
谚	ŋe	6	
赝	ŋe	6	
碍	ŋe	8	
鳄	ŋe	8	
敖	ŋə	2	
遨	ŋə	2	
嗷	ŋə	2	
獒	ŋə	2	
熬	ŋə	2	
聱	ŋə	2	
螯	ŋə	2	
翱	ŋə	2	
鳌	ŋə	2	
傲	ŋə	2	
㠂	ŋə	4	
鏊	ŋə	6	
硬	ŋɛ	6	
日	ŋɛ	8	白读 生~
□	ŋga	8	用于主干后 无实意 不参与构词
癌	ŋgɪ	2	
二	ŋgɪ	6	白读 星期~
艾	ŋgɪ	8	
咳	ŋgø	6	拟声词
□	ŋgua	2	~俫：我们
□	ŋgua	8	用于代词后 无实意 不参与构词 有一定调和语气的作用
鱼	ŋi	2	老派音
日	ŋiai	8	白读 生~
入	ŋiai	8	白读
讹	ŋo	2	
鹅	ŋo	2	
牙	ŋo	2	
伢	ŋo	2	
芽	ŋo	2	
岈	ŋo	2	
蚜	ŋo	2	
崖	ŋo	2	
涯	ŋo	2	
睚	ŋo	2	
衙	ŋo	2	
衙	ŋo	2	
瓦	ŋo	4	
佤	ŋo	4	
雅	ŋo	4	
卧	ŋo	6	
讶	ŋo	6	
咢	ŋo	8	
鄂	ŋo	8	
萼	ŋo	8	
愕	ŋo	8	
腭	ŋo	8	
鹗	ŋo	8	
锷	ŋo	8	
颚	ŋo	8	
噩	ŋo	8	
乐	ŋo	8	
岳	ŋo	8	
兀	ŋø	8	
囡	ŋøy	2	猪叫
玉	ŋøy	6	玉米
误	ŋu	6	
顽	ŋua	2	
外	ŋua	6	
袦	ŋua	8	
鱼	ŋy	2	
娱	ŋy	2	
豻	ŋyø	2	
玩	ŋyø	2	~具
元	ŋyø	2	
圆	ŋyø	2	大写“元”
月	ŋyø	8	
阿	o	1	~弥陀佛
婀	o	1	
洼	o	1	
娲	o	1	
蛙	o	1	
娃	o	1	
挝	o	1	地名：老~
丫	o	1	文读
鸦	o	1	
恶	o	3	~心
哑	o	3	~佬：失语者
龌	o	5	
下	o	5	白读 一~儿：一小会儿
恶	o	7	~魔
挖	o	7	
喔	o	7	
沃	o	7	
幄	o	7	
渥	o	7	
吓	o	7	
庵	ø	1	
鹌	ø	1	
鞍	ø	1	
恩	ø	1	
黯	ø	3	
按	ø	5	
案	ø	5	
暗	ø	5	
哕	ø	5	
纬	ø	5	
姶	ø	7	
遏	ø	7	
曷	ø	7	
褐	ø	7	
翁	oŋ	1	
嗡	oŋ	1	
滃	oŋ	1	
䐥	oŋ	3	
瓮	oŋ	5	
齆	oŋ	5	
□	pa	1	搬移
爸	pa	1	
扳	pa	1	
班	pa	1	
颁	pa	1	
斑	pa	1	
粄	pa	1	
摆	pa	3	
板	pa	3	
版	pa	3	
反	pa	3	白读
□	pa	5	鞋~
拜	pa	5	
扮	pa	5	
□	pa	7	形容人用心不好
百	pa	7	
柏	pa	7	
伯	pa	7	
□	pai	1	～落：拿着
杯	pai	1	
卑	pai	1	
揹	pai	1	拿
悲	pai	1	
碑	pai	1	
背	pai	1	~负
贝	pai	5	
狈	pai	5	
背	pai	5	~靠
钡	pai	5	
辈	pai	5	
褙	pai	5	
簸	pai	5	颠~
钚	pai	5	
北	pai	7	
不	pai	7	文读 ~速之客
奔	paŋ	1	
贲	paŋ	1	
锛	paŋ	1	
崩	paŋ	1	
本	paŋ	3	
畚	paŋ	3	
泵	paŋ	5	
邦	pɔ	1	
帮	pɔ	1	
梆	pɔ	1	
绑	pɔ	3	
榜	pɔ	3	
谤	pɔ	5	
趵	pɔ	5	
包	pə	1	
苞	pə	1	
孢	pə	1	
胞	pə	1	
褒	pə	1	
饱	pə	3	
宝	pə	3	
保	pə	3	
鸨	pə	3	
堡	pə	3	
褓	pə	3	
报	pə	5	
豹	pə	5	
拨	pə	7	
钵	pə	7	~~鸡
冰	peŋ	1	
饼	peŋ	3	
□	pɛ	1	拿取；获得
绷	pɛ	1	
攀	pʰa	1	
反	pʰa	3	白读
□	pʰa	5	以人力断开
帕	pʰa	5	地名：~劳
湃	pʰa	5	
盼	pʰa	5	
破	pʰa	5	白读
拍	pʰa	7	
魄	pʰa	7	
呸	pʰai	1	
胚	pʰai	1	
坯	pʰai	1	
踣	pʰai	5	
沛	pʰai	5	
配	pʰai	5	菜，~~：配菜；用菜配
霈	pʰai	5	
喷	pʰaŋ	1	
粪	pʰaŋ	5	~扫：垃圾
喷	pʰaŋ	5	~香
滂	pʰɔ	1	
膀	pʰɔ	3	翅~
髈	pʰɔ	3	
胖	pʰɔ	5	
炮	pʰɔ	5	白读 ~击
脬	pʰɔ	7	卵~：阴茎
抛	pʰə	1	
㯱	pʰə	1	
泡	pʰə	1	
烹	pʰə	1	
剖	pʰə	1	
朴	pʰə	1	~刀
跑	pʰə	3	
炮	pʰə	3	~制
泡	pʰə	5	
炮	pʰə	5	象棋子名；大~
怦	pʰɛ	1	
丕	pʰi	1	
批	pʰi	1	
披	pʰi	1	
砒	pʰi	1	
片	pʰi	1	
譬	pʰi	3	
屁	pʰi	5	
劈	pʰi	7	
癖	pʰi	7	
辟	pʰi	7	
僻	pʰi	7	
批	pʰɪ	7	
劈	pʰɪ	7	
匹	pʰɪ	7	
撇	pʰɪ	7	
瞥	pʰɪ	7	
偏	pʰie	1	
篇	pʰie	1	
翩	pʰie	1	
片	pʰie	5	
骗	pʰie	5	
剽	pʰiə	1	
缥	pʰiə	3	
瞟	pʰiə	3	
漂	pʰiə	3	
骠	pʰiə	5	
票	pʰiə	5	
僄	pʰiə	5	
漂	pʰiə	5	
俜	pʰieŋ	1	
娉	pʰieŋ	1	
品	pʰieŋ	3	
聘	pʰieŋ	5	
葩	pʰo	1	
扑	pʰo	1	
怕	pʰo	5	
帕	pʰo	7	
朴	pʰo	7	~树
铺	pʰø	5	铁匠~
乓	pʰoŋ	1	
砰	pʰoŋ	1	
捧	pʰoŋ	3	
碰	pʰoŋ	5	
坡	pʰu	1	
颇	pʰu	1	
仆	pʰu	1	前~后继
铺	pʰu	1	~床
叵	pʰu	3	
浦	pʰu	3	
普	pʰu	3	
溥	pʰu	3	
破	pʰu	5	文读
仆	pʰu	7	~射
屄	pi	1	
匕	pi	3	
比	pi	3	
彼	pi	3	
鄙	pi	3	
闭	pi	5	
庇	pi	5	
蔽	pi	5	
臂	pi	5	
变	pi	5	
逼	pi	7	
笔	pi	7	
必	pi	7	
毕	pi	7	
碧	pi	7	
壁	pi	7	
璧	pi	7	
泌	pi	7	
秘	pi	7	
逼	pɪ	7	
愎	pɪ	7	
别	pɪ	7	
边	pie	1	
砭	pie	1	
编	pie	1	
鞭	pie	1	
贬	pie	3	
扁	pie	3	
遍	pie	5	
标	piə	1	
彪	piə	1	
骠	piə	1	
膘	piə	1	
飙	piə	1	
镖	piə	1	
表	piə	3	
婊	piə	3	
裱	piə	3	
宾	pieŋ	1	
彬	pieŋ	1	
斌	pieŋ	1	
缤	pieŋ	1	
濒	pieŋ	1	
冰	pieŋ	1	
丙	pieŋ	3	
秉	pieŋ	3	
饼	pieŋ	3	
禀	pieŋ	3	
巴	po	1	
扒	po	1	
芭	po	1	
疤	po	1	
笆	po	1	
钯	po	1	
吧	po	1	
把	po	3	
霸	po	3	
把	po	5	握~
靶	po	5	
坝	po	5	
爆	po	5	~鸣
八	po	7	
薄	po	7	细达~肉：皮肤红润有光泽，富有生气
剥	po	7	
伯	po	7	文读 ~仲叔季
班	pø	1	
般	pø	1	
斑	pø	1	
搬	pø	1	
半	pø	5	
扒	pø	7	~手
鲅	pø	7	
拨	pø	7	
钵	pø	7	衣~
崩	poŋ	1	文读
绷	poŋ	1	文读
弸	poŋ	1	
嘣	poŋ	5	
波	pu	1	
玻	pu	1	
菠	pu	1	
播	pu	1	~种
逋	pu	1	
堡	pu	3	
跛	pu	3	~脚
晡	pu	3	
补	pu	3	
圃	pu	3	
普	pu	3	
谱	pu	3	
播	pu	5	~送
簸	pu	5	~箕
布	pu	5	
怖	pu	5	
卜	pu	7	
腹	puə	7	
搽	sa	1	~嘴唇
三	sa	1	
筛	sa	1	
山	sa	1	
杉	sa	1	
删	sa	1	
衫	sa	1	
产	sa	3	~业
洒	sa	3	
伞	sa	3	
散	sa	3	
驶	sa	3	
散	sa	5	
晒	sa	5	
汕	sa	5	
疝	sa	5	
帅	sa	5	
蟀	sa	5	
率	sa	7	~领
萨	sa	7	
塞	sa	7	~住(少见）
杀	sa	7	
煞	sa	7	
摔	sa	7	
栅	sa	7	
□	sai	1	～粉：粮食好吃，多见于评价煮熟的土豆、芋头
狮	sai	1	
衰	sai	1	
髓	sai	3	
琐	sai	3	白读 小
细	sai	3	小
小	sai	3	白读
谇	sai	5	
碎	sai	5	
睟	sai	5	
邃	sai	5	
婿	sai	5	白读 ~儿：对比较亲近的非血缘后辈的称呼，有一定调侃意味
醉	sai	5	
失	sai	7	
湿	sai	7	
祟	sai	7	
膝	sai	7	
参	saŋ	1	人~
森	saŋ	1	
僧	saŋ	1	
申	saŋ	1	
伸	saŋ	1	
身	saŋ	1	
呻	saŋ	1	
绅	saŋ	1	
娠	saŋ	1	
深	saŋ	1	
升	saŋ	1	
声	saŋ	1	
心	saŋ	1	
辛	saŋ	1	
新	saŋ	1	
沈	saŋ	3	
审	saŋ	3	
哂	saŋ	3	
婶	saŋ	3	
渗	saŋ	5	
讯	saŋ	5	
汛	saŋ	5	
迅	saŋ	5	
搜	sau	1	
嗖	sau	1	
馊	sau	1	
溲	sau	1	
飕	sau	1	
艘	sau	1	
叟	sau	3	
瞍	sau	3	
嗾	sau	3	
擞	sau	3	
薮	sau	3	
瘦	sau	5	
漱	sau	5	
嗽	sau	5	
桑	sɔ	1	
丧	sɔ	1	
沙	sɔ	1	地名：~头
刹	sɔ	1	~车
搡	sɔ	3	
嗓	sɔ	3	
磉	sɔ	3	
耍	sɔ	3	
爽	sɔ	3	
所	sɔ	3	~以
丧	sɔ	5	
塞	se	5	
细	se	5	~姆：小孩，特别是小男孩
塞	se	7	~住
赛	se	7	
色	se	7	
涩	se	7	
啬	se	7	
骚	sə	1	
删	sə	1	
扫	sə	3	~地
嫂	sə	3	
燥	sə	3	
臊	sə	5	
扫	sə	5	~把
埽	sə	5	
舍	sə	5	
噪	sə	5	聒~
世	sei	5	
媳	sei	7	
心	seŋ	1	
参	sɛ	1	人~
山	sɛ	1	
生	sɛ	1	
牲	sɛ	1	
笙	sɛ	1	
甥	sɛ	1	
叔	sʮ	1	
梳	sʮ	1	
疏	sʮ	1	
蔬	sʮ	1	
虽	sʮ	1	
需	sʮ	1	
血	sʮ	3	
戍	sʮ	5	
庶	sʮ	5	
隧	sʮ	5	
茜	sɪ	1	
西	sɪ	1	
希	sɪ	1	地名：~腊
犀	sɪ	1	
写	sɪ	3	
瑟	sɪ	7	
设	sɪ	7	
摄	sɪ	7	
湿	sɪ	7	~气
式	sɪ	7	
析	sɪ	7	
悉	sɪ	7	
晰	sɪ	7	
楔	sɪ	7	
泄	sɪ	7	
屑	sɪ	7	
亵	sɪ	7	
沙	so	1	
纱	so	1	
砂	so	1	
莎	so	1	
裟	so	1	
鲨	so	1	
唆	so	1	
娑	so	1	
洒	so	3	白读 ~水车
所	so	3	
琐	so	3	
锁	so	3	~匙：钥匙
左	so	3	
閯	so	5	
肃	so	7	
速	so	7	
涑	so	7	
宿	so	7	
缩	so	7	
索	so	7	
苏	sø	1	
酥	sø	1	
稣	sø	1	
狻	sø	1	
酸	sø	1	
孙	sø	1	
荪	sø	1	
狲	sø	1	
飧	sø	1	
蓑	sø	1	
须	sø	1	
数	sø	3	清点
损	sø	3	
数	sø	5	白读 ~目
诉	sø	5	
算	sø	5	
逊	sø	5	
刷	sø	7	
玊	sø	7	
松	soŋ	1	
淞	soŋ	1	
嵩	soŋ	1	
宋	soŋ	5	
送	soŋ	5	
腮	sɿ	1	
尸	sɿ	1	
师	sɿ	1	
诗	sɿ	1	
施	sɿ	1	
司	sɿ	1	
丝	sɿ	1	
私	sɿ	1	
思	sɿ	1	
斯	sɿ	1	
厮	sɿ	1	
撕	sɿ	1	
嘶	sɿ	1	
西	sɿ	1	
史	sɿ	3	
矢	sɿ	3	
使	sɿ	3	
始	sɿ	3	
死	sɿ	3	
赐	sɿ	5	
势	sɿ	5	
试	sɿ	5	
四	sɿ	5	
肆	sɿ	5	
婿	sɿ	5	文读 女~
失	sɿ	7	丢~
虱	sɿ	7	
识	sɿ	7	
式	sɿ	7	
饰	sɿ	7	
拭	sɿ	7	
适	sɿ	7	
室	sɿ	7	~内
轼	sɿ	7	
释	sɿ	7	
数	su	5	~学
素	su	5	~面：一种与线面类似但会比线面粗的本地面食，亦作“索面”
愫	su	5	
束	su	7	结~
谡	su	7	
丹	ta	1	
担	ta	1	
单	ta	1	
眈	ta	1	
耽	ta	1	
郸	ta	1	
聃	ta	1	
傣	ta	3	
胆	ta	3	
戴	ta	5	白读 ~孝
旦	ta	5	
诞	ta	5	
搭	ta	7	
答	ta	7	~案
堆	tai	1	
碓	tai	1	~妳：他妈的
□	tai	3	拉
对	tai	5	
兑	tai	5	白读
灯	taŋ	1	
登	taŋ	1	
敦	taŋ	1	白读
蹲	taŋ	1	白读 ~下
等	taŋ	3	
丼	taŋ	3	水坑
凳	taŋ	5	
瞪	taŋ	5	
炖	taŋ	5	
顿	taŋ	5	
兜	tau	1	
篼	tau	1	
抖	tau	3	
陡	tau	3	
蚪	tau	3	
斗	tau	3	方~
斗	tau	5	战~
当	tɔ	1	~家
铛	tɔ	1	白读
裆	tɔ	1	
噹	tɔ	1	叮叮~
璫	tɔ	1	
挡	tɔ	3	
党	tɔ	3	
档	tɔ	3	
当	tɔ	5	家~
垱	tɔ	5	
□	tɔ	7	敲门
□	tɕʰi	1	□kʰu33~：调侃他人擤涕失败
妻	tɕʰi	1	
凄	tɕʰi	1	
萋	tɕʰi	1	
蹊	tɕʰi	1	
千	tɕʰi	1	
仟	tɕʰi	1	
阡	tɕʰi	1	
芊	tɕʰi	1	
迁	tɕʰi	1	
佥	tɕʰi	1	
溪	tɕʰi	1	
榽	tɕʰi	1	
跹	tɕʰi	1	
岂	tɕʰi	3	
杞	tɕʰi	3	
启	tɕʰi	3	
起	tɕʰi	3	
芡	tɕʰi	3	
且	tɕʰi	3	
气	tɕʰi	5	
弃	tɕʰi	5	
契	tɕʰi	5	
器	tɕʰi	5	
欠	tɕʰi	5	
吃	tɕʰi	7	
尺	tɕʰi	7	
斥	tɕʰi	7	
缉	tɕʰi	7	~鞋底
揭	tɕʰi	7	~开
戚	tɕʰi	7	
乞	tɕʰi	7	
泣	tɕʰi	7	
妾	tɕʰi	7	
怯	tɕʰi	7	
窃	tɕʰi	7	
愜	tɕʰi	7	
箧	tɕʰi	7	
咤	tɕʰia	5	
掣	tɕʰia	7	
吃	tɕʰia	7	
赤	tɕʰia	7	
切	tɕʰia	7	
却	tɕʰia	7	
却	tɕʰia	7	
雀	tɕʰia	7	
鹊	tɕʰia	7	
隙	tɕʰia	7	
缉	tɕʰiai	7	
辑	tɕʰiai	7	
讫	tɕʰiai	7	
迄	tɕʰiai	7	
□	tɕʰiaŋ	1	~蜓：蜻蜓
钦	tɕʰiaŋ	1	
侵	tɕʰiaŋ	1	
亲	tɕʰiaŋ	1	
倾	tɕʰiaŋ	1	
顷	tɕʰiaŋ	3	
趁	tɕʰiaŋ	5	
庆	tɕʰiaŋ	5	
湫	tɕʰiau	1	
揪	tɕʰiau	1	
啾	tɕʰiau	1	
锹	tɕʰiau	1	
丘	tɕʰiau	1	
邱	tɕʰiau	1	
秋	tɕʰiau	1	
蚯	tɕʰiau	1	
鳅	tɕʰiau	1	
搝	tɕʰiau	3	讨取
糗	tɕʰiau	3	
牵	tɕʰie	1	
谦	tɕʰie	1	
签	tɕʰie	1	
骞	tɕʰie	1	
搴	tɕʰie	1	
溪	tɕʰie	1	
谄	tɕʰie	3	
阐	tɕʰie	3	
浅	tɕʰie	3	
遣	tɕʰie	3	
谴	tɕʰie	3	
缱	tɕʰie	3	
慊	tɕʰie	3	
歉	tɕʰie	3	
砌	tɕʰie	5	
倩	tɕʰie	5	
倩	tɕʰie	5	
蒨	tɕʰie	5	
葺	tɕʰie	7	
伧	tɕʰiə	1	
叉	tɕʰiə	1	~烧包
昌	tɕʰiə	1	
菖	tɕʰiə	1	
猖	tɕʰiə	1	
倡	tɕʰiə	1	
抄	tɕʰiə	1	
超	tɕʰiə	1	
铛	tɕʰiə	1	文读
悄	tɕʰiə	1	
锹	tɕʰiə	1	
敞	tɕʰiə	3	
扯	tɕʰiə	3	
悄	tɕʰiə	3	
且	tɕʰiə	3	
诧	tɕʰiə	5	
姹	tɕʰiə	5	
畅	tɕʰiə	5	
倡	tɕʰiə	5	
唱	tɕʰiə	5	
怆	tɕʰiə	5	
砌	tɕʰiə	5	
跄	tɕʰiə	5	
跷	tɕʰiə	5	
俏	tɕʰiə	5	
诮	tɕʰiə	5	
峭	tɕʰiə	5	
窍	tɕʰiə	5	
鞘	tɕʰiə	5	
掣	tɕʰiə	7	
挈	tɕʰiə	7	
蛏	tɕʰieŋ	1	
青	tɕʰieŋ	1	
清	tɕʰieŋ	1	
蜻	tɕʰieŋ	1	
请	tɕʰieŋ	3	
称	tɕʰieŋ	5	
逞	tɕʰieŋ	5	
秤	tɕʰieŋ	5	
抽	tɕʰiəu	1	
搊	tɕʰiəu	1	
篘	tɕʰiəu	1	酒~：一种舂酒的竹制器具，亦作“酒抽”
丑	tɕʰiəu	3	
趣	tɕʰiəu	3	
臭	tɕʰiəu	5	
畜	tɕʰiəu	7	~生
促	tɕʰiəu	7	
蹴	tɕʰiəu	7	
曲	tɕʰiəu	7	酒~
麹	tɕʰiəu	7	
伥	tɕʰiɛ	1	
羌	tɕʰiɛ	1	
枪	tɕʰiɛ	1	
腔	tɕʰiɛ	1	~款
蜣	tɕʰiɛ	1	
锵	tɕʰiɛ	1	
厂	tɕʰiɛ	3	
抢	tɕʰiɛ	3	
襁	tɕʰiɛ	3	
唱	tɕʰiɛ	5	
冲	tɕʰioŋ	1	
充	tɕʰioŋ	1	
忡	tɕʰioŋ	1	
舂	tɕʰioŋ	1	
憧	tɕʰioŋ	1	
艟	tɕʰioŋ	1	
穿	tɕʰioŋ	1	白读 ~针
春	tɕʰioŋ	1	
椿	tɕʰioŋ	1	
囱	tɕʰioŋ	1	
弓	tɕʰioŋ	1	
宫	tɕʰioŋ	1	
军	tɕʰioŋ	1	
均	tɕʰioŋ	1	
君	tɕʰioŋ	1	
钧	tɕʰioŋ	1	
穹	tɕʰioŋ	1	
涒	tɕʰioŋ	1	
芎	tɕʰioŋ	1	
中	tɕʰioŋ	1	
忠	tɕʰioŋ	1	
终	tɕʰioŋ	1	
盅	tɕʰioŋ	1	
衷	tɕʰioŋ	1	
肫	tɕʰioŋ	1	
谆	tɕʰioŋ	1	
遵	tɕʰioŋ	1	
宠	tɕʰioŋ	3	
蠢	tɕʰioŋ	3	
囧	tɕʰioŋ	3	
炅	tɕʰioŋ	3	
迥	tɕʰioŋ	3	
泂	tɕʰioŋ	3	
炯	tɕʰioŋ	3	
准	tɕʰioŋ	3	
絭	tɕʰioŋ	5	
俊	tɕʰioŋ	5	
峻	tɕʰioŋ	5	
骏	tɕʰioŋ	5	
畯	tɕʰioŋ	5	
中	tɕʰioŋ	5	
众	tɕʰioŋ	5	
吹	tɕʰy	1	
炊	tɕʰy	1	
区	tɕʰy	1	地名：鹿城~
岖	tɕʰy	1	
驱	tɕʰy	1	
蛆	tɕʰy	1	文读 ~虫
躯	tɕʰy	1	
处	tɕʰy	3	~理
取	tɕʰy	3	
娶	tɕʰy	3	
处	tɕʰy	5	
祛	tɕʰy	5	
去	tɕʰy	5	
趣	tɕʰy	5	
疮	tɕʰyɔ	1	
窗	tɕʰyɔ	1	
匡	tɕʰyɔ	1	
筐	tɕʰyɔ	1	
框	tɕʰyɔ	1	
闯	tɕʰyɔ	3	
恐	tɕʰyɔ	3	
创	tɕʰyɔ	5	
眶	tɕʰyɔ	5	
焯	tɕʰyɔ	7	
吃	tɕʰyɔ	7	
踔	tɕʰyɔ	7	
绰	tɕʰyɔ	7	
川	tɕʰye	1	
穿	tɕʰye	1	
钏	tɕʰye	1	
撬	tɕʰyə	1	
撬	tɕʰyə	5	
触	tɕʰyo	7	
矗	tɕʰyo	7	
戳	tɕʰyo	7	
曲	tɕʰyo	7	
川	tɕʰyø	1	
驱	tɕʰyø	1	
趋	tɕʰyø	1	
诠	tɕʰyø	1	
荃	tɕʰyø	1	
铨	tɕʰyø	1	
喘	tɕʰyø	3	
出	tɕʰyø	7	
怵	tɕʰyø	7	
黜	tɕʰyø	7	
讥	tɕi	1	
叽	tɕi	1	
饥	tɕi	1	
机	tɕi	1	
肌	tɕi	1	
鸡	tɕi	1	
唧	tɕi	1	
姬	tɕi	1	
基	tɕi	1	
嵇	tɕi	1	
畸	tɕi	1	
箕	tɕi	1	簸~
稽	tɕi	1	
羁	tɕi	1	
几	tɕi	1	~乎
奇	tɕi	1	~数
支	tɕi	1	
只	tɕi	1	量词
猪	tɕi	1	
己	tɕi	3	
挤	tɕi	3	
麂	tɕi	3	
纪	tɕi	3	姓氏
柬	tɕi	3	
减	tɕi	3	
剪	tɕi	3	
纸	tɕi	3	
笄	tɕi	5	圆辫
跻	tɕi	5	
挤	tɕi	5	
计	tɕi	5	
记	tɕi	5	
纪	tɕi	5	
剂	tɕi	5	
济	tɕi	5	救~
既	tɕi	5	
觊	tɕi	5	
继	tɕi	5	
祭	tɕi	5	
漈	tɕi	5	
冀	tɕi	5	
骥	tɕi	5	
建	tɕi	5	
剑	tɕi	5	
积	tɕi	7	
即	tɕi	7	
楫	tɕi	7	
迹	tɕi	7	
绩	tɕi	7	
鲫	tɕi	7	
渐	tɕi	7	
接	tɕi	7	
孑	tɕi	7	
节	tɕi	7	
劫	tɕi	7	
拮	tɕi	7	
洁	tɕi	7	
结	tɕi	7	
借	tɕi	7	
锲	tɕi	7	
黠	tɕi	7	
浙	tɕi	7	
枳	tɕi	7	
吉	tɕi	8	文读 ~祥
挝	tɕia	1	十八般武艺之一
抓	tɕia	1	
爪	tɕia	3	
笊	tɕia	5	
角	tɕia	7	白读 三~门
脚	tɕia	7	
缴	tɕia	7	
爵	tɕia	7	
着	tɕia	7	~衣裳：穿衣服
酌	tɕia	7	
鸡	tɕiai	1	白读 狗~：小孩的男阴
济	tɕiai	5	白读 ~手：左手
给	tɕiai	7	
击	tɕiai	7	
激	tɕiai	7	
伋	tɕiai	7	
汲	tɕiai	7	
级	tɕiai	7	
佶	tɕiai	7	
亟	tɕiai	7	
笈	tɕiai	7	
急	tɕiai	7	
棘	tɕiai	7	
戟	tɕiai	7	
诘	tɕiai	7	
桔	tɕiai	7	~杆
吉	tɕiai	8	白读 王老~
巾	tɕiaŋ	1	
斤	tɕiaŋ	1	
今	tɕiaŋ	1	
金	tɕiaŋ	1	
矜	tɕiaŋ	1	
襟	tɕiaŋ	1	
禁	tɕiaŋ	1	
京	tɕiaŋ	1	
泾	tɕiaŋ	1	
经	tɕiaŋ	1	
荆	tɕiaŋ	1	
惊	tɕiaŋ	1	
精	tɕiaŋ	1	~通
鲸	tɕiaŋ	1	
紧	tɕiaŋ	3	
锦	tɕiaŋ	3	
谨	tɕiaŋ	3	
槿	tɕiaŋ	3	
颈	tɕiaŋ	3	
景	tɕiaŋ	3	
警	tɕiaŋ	3	
境	tɕiaŋ	3	
进	tɕiaŋ	5	
劲	tɕiaŋ	5	
晋	tɕiaŋ	5	
浸	tɕiaŋ	5	
禁	tɕiaŋ	5	
径	tɕiaŋ	5	
胫	tɕiaŋ	5	
竟	tɕiaŋ	5	
敬	tɕiaŋ	5	
境	tɕiaŋ	5	
镜	tɕiaŋ	5	
艽	tɕiau	1	
纠	tɕiau	1	
鸠	tɕiau	1	
赳	tɕiau	1	
阄	tɕiau	1	
九	tɕiau	3	
久	tɕiau	3	
玖	tɕiau	3	
韭	tɕiau	3	
酒	tɕiau	3	
究	tɕiau	5	
灸	tɕiau	5	
疚	tɕiau	5	
救	tɕiau	5	
厩	tɕiau	5	
尖	tɕie	1	
坚	tɕie	1	
肩	tɕie	1	
兼	tɕie	1	
笺	tɕie	1	
蒹	tɕie	1	
煎	tɕie	1	
沾	tɕie	1	
毡	tɕie	1	
詹	tɕie	1	
瞻	tɕie	1	
占	tɕie	1	
遮	tɕie	1	
甄	tɕie	1	
戋	tɕie	3	
茧	tɕie	3	
检	tɕie	3	
蹇	tɕie	3	
键	tɕie	3	
展	tɕie	3	
见	tɕie	5	
饯	tɕie	5	
荐	tɕie	5	
溅	tɕie	5	
僭	tɕie	5	
箭	tɕie	5	
占	tɕie	5	
蔗	tɕie	5	
橘	tɕie	7	~儿
折	tɕie	7	
哲	tɕie	7	
辄	tɕie	7	
蛰	tɕie	7	
朝	tɕiə	1	
浇	tɕiə	1	
娇	tɕiə	1	
骄	tɕiə	1	
椒	tɕiə	1	
蛟	tɕiə	1	
焦	tɕiə	1	
蕉	tɕiə	1	
咋	tɕiə	1	
招	tɕiə	1	
昭	tɕiə	1	
激	tɕiə	3	白读
侥	tɕiə	3	
饺	tɕiə	3	
矫	tɕiə	3	
剿	tɕiə	3	
徼	tɕiə	3	
缴	tɕiə	3	
找	tɕiə	3	
沼	tɕiə	3	
叫	tɕiə	5	
蘸	tɕiə	5	
诏	tɕiə	5	
照	tɕiə	5	
罩	tɕiə	5	
眨	tɕiə	7	
灼	tɕiə	7	
旌	tɕieŋ	1	
精	tɕieŋ	1	
贞	tɕieŋ	1	
侦	tɕieŋ	1	
桢	tɕieŋ	1	
征	tɕieŋ	1	
蒸	tɕieŋ	1	
整	tɕieŋ	3	
正	tɕieŋ	5	
证	tɕieŋ	5	
政	tɕieŋ	5	
症	tɕieŋ	5	
舟	tɕiəu	1	
州	tɕiəu	1	
周	tɕiəu	1	
洲	tɕiəu	1	
肘	tɕiəu	3	
帚	tɕiəu	3	
咒	tɕiəu	5	
昼	tɕiəu	5	
皱	tɕiəu	5	
掬	tɕiəu	7	
踘	tɕiəu	7	
鞠	tɕiəu	7	
菊	tɕiəu	7	
粥	tɕiəu	7	
竺	tɕiəu	7	
祝	tɕiəu	7	
将	tɕiɛ	1	
姜	tɕiɛ	1	
浆	tɕiɛ	1	
僵	tɕiɛ	1	
缰	tɕiɛ	1	
䗵	tɕiɛ	1	
疆	tɕiɛ	1	
张	tɕiɛ	1	
章	tɕiɛ	1	
獐	tɕiɛ	1	
彰	tɕiɛ	1	
樟	tɕiɛ	1	
蒋	tɕiɛ	3	
斩	tɕiɛ	3	
盏	tɕiɛ	3	
长	tɕiɛ	3	~大
溅	tɕiɛ	5	
将	tɕiɛ	5	
酱	tɕiɛ	5	
糨	tɕiɛ	5	
债	tɕiɛ	5	~主
蘸	tɕiɛ	5	
涨	tɕiɛ	5	
帐	tɕiɛ	5	
胀	tɕiɛ	5	
摘	tɕiɛ	7	
卷	tɕioŋ	3	白读 ~起
车	tɕy	1	象棋子名
归	tɕy	1	白读 当~
悸	tɕy	1	
拘	tɕy	1	
狙	tɕy	1	
居	tɕy	1	
驹	tɕy	1	
俱	tɕy	1	
朱	tɕy	1	
侏	tɕy	1	
诛	tɕy	1	
珠	tɕy	1	
株	tɕy	1	
追	tɕy	1	
椎	tɕy	1	
杵	tɕy	3	
鬼	tɕy	3	穷~
沮	tɕy	3	
举	tɕy	3	
主	tɕy	3	
拄	tɕy	3	
煮	tɕy	3	
嘴	tɕy	3	文读
季	tɕy	5	
矩	tɕy	5	
句	tɕy	5	
据	tɕy	5	
踞	tɕy	5	
注	tɕy	5	
驻	tɕy	5	
炷	tɕy	5	
蛀	tɕy	5	
铸	tɕy	5	
妆	tɕy	5	~乜：干什么
诅	tɕy	5	
供	tɕyɔ	1	~给
恭	tɕyɔ	1	出~
钟	tɕyɔ	1	
抓	tɕyɔ	1	
妆	tɕyɔ	1	做
庄	tɕyɔ	1	~家；山~
装	tɕyɔ	1	~裱
拱	tɕyɔ	3	
珙	tɕyɔ	3	
栱	tɕyɔ	3	
肿	tɕyɔ	3	
种	tɕyɔ	3	
冢	tɕyɔ	3	
踵	tɕyɔ	3	
种	tɕyɔ	5	
壮	tɕyɔ	5	胖
涓	tɕye	1	
娟	tɕye	1	
专	tɕye	1	
砖	tɕye	1	
□	tɕye	3	吵架
卷	tɕye	3	~心菜
转	tɕye	3	
眷	tɕye	5	
转	tɕye	5	
挶	tɕyo	7	
捉	tɕyo	7	
桌	tɕyo	7	
涿	tɕyo	7	
灼	tɕyo	7	
卓	tɕyo	7	
啄	tɕyo	7	
琢	tɕyo	7	
蹲	tɕyø	1	白读 下肢因坠地或猛击受伤
龟	tɕyø	1	~裂
疽	tɕyø	1	
专	tɕyø	1	
□	tɕyø	3	吵架
鬼	tɕyø	3	日本~子
圈	tɕyø	5	
啜	tɕyø	7	
辍	tɕyø	7	
这	tɕyø	7	
茁	tɕyø	7	
歹	te	3	
带	te	5	
贷	te	5	
戴	te	5	
黛	te	5	
答	te	7	~应
得	te	7	~到
德	te	7	
的	te	7	
刀	tə	1	
叨	tə	1	
氘	tə	1	
鱽	tə	1	
岛	tə	3	
捣	tə	3	
祷	tə	3	
倒	tə	3	
到	tə	5	
倒	tə	5	
叮	teŋ	1	
都	təu	1	
多	təu	1	
哆	təu	1	
笃	təu	7	
耽	tɛ	1	
打	tɛ	3	
咄	tɛ	7	白读 责备
他	tʰa	1	
它	tʰa	1	
她	tʰa	1	
牠	tʰa	1	
祂	tʰa	1	
坍	tʰa	1	
贪	tʰa	1	~污
摊	tʰa	1	
滩	tʰa	1	
瘫	tʰa	1	
拖	tʰa	1	鞋~：拖鞋
坦	tʰa	3	~克
毯	tʰa	3	
太	tʰa	5	
汰	tʰa	5	
叹	tʰa	5	
炭	tʰa	5	
碳	tʰa	5	
□	tʰa	7	麦~镬：一种本地饼食，用面直接摊于热锅上制得的脆皮，俗写常为“麦摊锅”或“麦塌锅”
塌	tʰa	7	
遢	tʰa	7	一邋~：最后
塔	tʰa	7	
拓	tʰa	7	
榻	tʰa	7	
摊	tʰa	7	~饼
推	tʰai	1	
拖	tʰai	1	~沓
刣	tʰai	1	解剖
□	tʰai	3	把长条状物体放到一旁
腿	tʰai	3	
嚏	tʰai	5	
退	tʰai	5	
蜕	tʰai	5	
褪	tʰai	5	
唾	tʰai	5	
秃	tʰai	7	
脱	tʰai	7	白读 ~衣裳
圕	tʰaŋ	1	
吞	tʰaŋ	1	白读
氽	tʰaŋ	3	流于水中
偷	tʰau	1	
䚵	tʰau	3	
敨	tʰau	3	缓气
透	tʰau	5	
汤	tʰɔ	1	
谠	tʰɔ	3	
倘	tʰɔ	3	
淌	tʰɔ	3	
躺	tʰɔ	3	
烫	tʰɔ	5	
趟	tʰɔ	5	
胎	tʰe	1	
台	tʰe	1	地名：~州
苔	tʰe	1	舌~
态	tʰe	5	
泰	tʰe	5	
特	tʰe	7	
叨	tʰə	1	
涛	tʰə	1	
滔	tʰə	1	
韬	tʰə	1	
饕	tʰə	1	
绦	tʰə	3	
讨	tʰə	3	
体	tʰei	3	
提	tʰei	7	白读 ~起
听	tʰeŋ	1	
兔	tʰəu	5	
秃	tʰəu	7	
梯	tʰi	1	
鹈	tʰi	1	
天	tʰi	1	皇~：感叹词，相当于“啊”
添	tʰi	1	
屉	tʰi	5	
涕	tʰi	5	
替	tʰi	5	
舔	tʰi	5	
剔	tʰi	7	
踢	tʰi	7	
倜	tʰi	7	
惕	tʰi	7	
帖	tʰi	7	
怗	tʰi	7	
贴	tʰi	7	
铁	tʰi	7	
㥏	tʰie	3	
腆	tʰie	3	
挑	tʰiə	1	
跳	tʰiə	3	
粜	tʰiə	4	卖粮食
眺	tʰiə	5	
粜	tʰiə	5	
厅	tʰieŋ	1	
汀	tʰieŋ	1	
听	tʰieŋ	1	
烃	tʰieŋ	1	
挺	tʰieŋ	3	
艇	tʰieŋ	3	
拖	tʰo	1	~把
媠	tʰo	3	
榻	tʰo	7	
讬	tʰo	7	
托	tʰo	7	
柝	tʰo	7	
贪	tʰø	1	
湍	tʰø	1	
吞	tʰø	1	文读
黮	tʰø	3	
探	tʰø	5	
彖	tʰø	5	
褖	tʰø	5	
脱	tʰø	7	文读
通	tʰoŋ	1	
统	tʰoŋ	3	
痛	tʰoŋ	5	
妥	tʰu	3	
椭	tʰu	3	
土	tʰy	3	
吐	tʰy	3	~字
吐	tʰy	5	呕~
兔	tʰy	5	惯用音
低	ti	1	
滴	ti	1	
颠	ti	1	~人：疯子
爹	ti	1	
氐	ti	3	
邸	ti	3	
抵	ti	3	
底	ti	3	
帝	ti	5	
谛	ti	5	
蒂	ti	5	
缔	ti	5	
嫡	ti	7	
跌	ti	7	
得	tɪ	7	晓~
掂	tie	1	
傎	tie	1	
滇	tie	1	
颠	tie	1	
巅	tie	1	
癫	tie	1	
典	tie	3	
点	tie	3	
玷	tie	3	
店	tie	5	
垫	tie	5	
刁	tiə	1	
凋	tiə	1	
貂	tiə	1	
雕	tiə	1	
屌	tiə	3	
鸟	tiə	3	
吊	tiə	5	
钓	tiə	5	
丁	tieŋ	1	
仃	tieŋ	1	
钉	tieŋ	1	
顶	tieŋ	3	
鼎	tieŋ	3	
钉	tieŋ	5	
多	to	1	
哆	to	1	
朵	to	3	
躲	to	3	
垛	to	5	
剁	to	5	
沰	to	7	
都	tø	1	首~
端	tø	1	
敦	tø	1	
蹲	tø	1	文读 ~位
堵	tø	3	
赌	tø	3	
睹	tø	3	
短	tø	3	
断	tø	5	判~
煅	tø	5	
锻	tø	5	
咄	tø	7	
掇	tø	7	
东	toŋ	1	
冬	toŋ	1	
董	toŋ	3	
懂	toŋ	3	
冻	toŋ	5	
栋	toŋ	5	
姐	tsa	1	阿~：姐姐
哉	tsa	1	
睁	tsa	1	
仔	tsa	3	~细
盏	tsa	3	
□	tsa	5	~□m̩212：怎么
赞	tsa	5	
债	tsa	5	
蘸	tsa	5	
蔗	tsa	5	
訾	tsa	5	~□m̩212：怎么
札	tsa	7	
朘	tsai	1	阴茎，捋~：男性手淫
缀	tsai	5	
惴	tsai	5	
赘	tsai	5	
最	tsai	5	
汁	tsai	7	
絷	tsai	7	
质	tsai	7	
桎	tsai	7	
窒	tsai	7	
蛭	tsai	7	
骘	tsai	7	
缀	tsai	7	
卒	tsai	7	兵~
曾	tsaŋ	1	
瞋	tsaŋ	1	
津	tsaŋ	1	
增	tsaŋ	1	
憎	tsaŋ	1	
甑	tsaŋ	1	
针	tsaŋ	1	
珍	tsaŋ	1	
真	tsaŋ	1	
砧	tsaŋ	1	
斟	tsaŋ	1	
甄	tsaŋ	1	
榛	tsaŋ	1	
禛	tsaŋ	1	
箴	tsaŋ	1	
臻	tsaŋ	1	
争	tsaŋ	1	~气
正	tsaŋ	1	~月
胗	tsaŋ	3	
诊	tsaŋ	3	
枕	tsaŋ	3	
疹	tsaŋ	3	
缜	tsaŋ	3	
赈	tsaŋ	3	
圳	tsaŋ	5	
振	tsaŋ	5	
震	tsaŋ	5	
镇	tsaŋ	5	
挣	tsaŋ	5	
诌	tsau	1	
邹	tsau	1	
驺	tsau	1	~摇
陬	tsau	1	
鯫	tsau	1	
走	tsau	3	
皱	tsau	5	
奏	tsau	5	
揍	tsau	5	
做	tsau	5	白读 ~~戏：玩耍
牂	tsɔ	1	
装	tsɔ	1	~屄：显摆
奘	tsɔ	5	
葬	tsɔ	5	
灾	tse	1	
栽	tse	1	
宰	tse	3	
载	tse	3	
再	tse	5	
载	tse	5	
最	tse	5	
则	tse	7	
槽	tsə	1	
臜	tsə	1	腌~：肮脏
赃	tsə	1	
脏	tsə	1	
遭	tsə	1	
糟	tsə	1	
缫	tsə	3	
早	tsə	3	
枣	tsə	3	
蚤	tsə	3	
澡	tsə	3	
璪	tsə	3	
藻	tsə	3	
瑵	tsə	3	
灶	tsə	5	
噪	tsə	5	~音
躁	tsə	5	
睛	tseŋ	1	
争	tsɛ	1	斗~
峥	tsɛ	1	
筝	tsɛ	1	
责	tsɛ	7	
飱	tsʰa	1	
餐	tsʰa	1	
差	tsʰa	1	~不显：差不多
产	tsʰa	3	生~
铲	tsʰa	3	
粲	tsʰa	5	
璨	tsʰa	5	
擦	tsʰa	7	
册	tsʰa	7	
插	tsʰa	7	
察	tsʰa	7	
刹	tsʰa	7	~那
崔	tsʰai	1	
催	tsʰai	1	
摧	tsʰai	1	
璀	tsʰai	3	
脆	tsʰai	5	
翠	tsʰai	5	
剉	tsʰai	5	
啐	tsʰai	7	
撮	tsʰai	7	
七	tsʰai	7	
柒	tsʰai	7	
漆	tsʰai	7	
琛	tsʰaŋ	1	
称	tsʰaŋ	1	
骋	tsʰaŋ	3	
蹭	tsʰaŋ	5	
谶	tsʰaŋ	5	
掫	tsʰau	3	窥伺
凑	tsʰau	5	
辏	tsʰau	5	
腠	tsʰau	5	
仓	tsʰɔ	1	
伧	tsʰɔ	1	
苍	tsʰɔ	1	
沧	tsʰɔ	1	
舱	tsʰɔ	1	
抄	tsʰɔ	1	
钞	tsʰɔ	1	
超	tsʰɔ	1	
吵	tsʰɔ	3	
炒	tsʰɔ	3	
猜	tsʰe	1	
车	tsʰe	1	水~
采	tsʰe	3	
彩	tsʰe	3	
睬	tsʰe	3	
采	tsʰe	5	
菜	tsʰe	5	
厕	tsʰe	7	
侧	tsʰe	7	
测	tsʰe	7	
恻	tsʰe	7	
操	tsʰə	1	
糙	tsʰə	1	
造	tsʰə	1	~次
艹	tsʰə	3	
草	tsʰə	3	
屮	tsʰə	3	
肏	tsʰə	5	
鼠	tsʰei	3	
□	tsʰei	5	哎~：语气词，相当于“嘿呀”，有一定嘲讽或呵斥意味
□	tsʰeŋ	2	堵塞
请	tsʰeŋ	3	
蹙	tsʰəu	7	
参	tsʰɛ	1	~差
差	tsʰɛ	1	出~
钗	tsʰɛ	1	
撑	tsʰɛ	1	
瞠	tsʰɛ	1	
蔡	tsʰɛ	5	
牚	tsʰɛ	5	
册	tsʰɛ	7	
策	tsʰɛ	7	
初	tsʰʮ	1	
吹	tsʰʮ	1	
粗	tsʰʮ	1	
楚	tsʰʮ	3	
揣	tsʰʮ	3	
娶	tsʰʮ	3	
处	tsʰʮ	5	
去	tsʰʮ	5	
劝	tsʰʮ	5	~说
出	tsʰʮ	7	
栖	tsʰɪ	1	
茜	tsʰɪ	5	
叱	tsʰɪ	7	
差	tsʰo	1	方~
车	tsʰo	1	文读
刍	tsʰo	1	
搓	tsʰo	1	
磋	tsʰo	1	
蹉	tsʰo	1	
挫	tsʰo	5	
措	tsʰo	5	
锉	tsʰo	5	
参	tsʰø	1	~加
叉	tsʰø	1	
杈	tsʰø	1	
粗	tsʰø	1	
蹿	tsʰø	1	
村	tsʰø	1	
惨	tsʰø	3	
窜	tsʰø	3	
篡	tsʰø	3	
忖	tsʰø	3	
汊	tsʰø	5	
醋	tsʰø	5	
窜	tsʰø	5	上蹿下跳
寸	tsʰø	5	
擦	tsʰø	7	
插	tsʰø	7	
猝	tsʰø	7	
淬	tsʰø	7	
错	tsʰø	7	
卒	tsʰø	7	脑~中：俗称中风
匆	tsʰoŋ	1	
怱	tsʰoŋ	1	
葱	tsʰoŋ	1	
聪	tsʰoŋ	1	
差	tsʰɿ	1	参~
蚩	tsʰɿ	1	
痴	tsʰɿ	1	
雌	tsʰɿ	1	
齿	tsʰɿ	3	
侈	tsʰɿ	3	
耻	tsʰɿ	3	
此	tsʰɿ	3	
企	tsʰɿ	3	~业
起	tsʰɿ	3	爬~：起床
翅	tsʰɿ	5	
次	tsʰɿ	5	
刺	tsʰɿ	5	~客
赐	tsʰɿ	5	
气	tsʰɿ	5	
眙	tsʰɿ	5	看
促	tsʰu	7	
簇	tsʰu	7	
蛆	tsʮ	1	生~
诛	tsʮ	1	
诸	tsʮ	1	
蛛	tsʮ	1	~网织织：蜘蛛
租	tsʮ	1	
主	tsʮ	3	
拄	tsʮ	3	
煮	tsʮ	3	
足	tsʮ	5	
竹	tsʮ	7	
竺	tsʮ	7	
嘱	tsʮ	7	
瞩	tsʮ	7	
筑	tsʮ	7	
猪	tsɪ	1	
济	tsɪ	3	~南
脊	tsɪ	7	
绩	tsɪ	7	
稷	tsɪ	7	
查	tso	1	姓氏
猹	tso	1	
碴	tso	1	
喳	tso	1	
渣	tso	1	
楂	tso	1	
沮	tso	3	
阻	tso	3	
组	tso	3	
左	tso	3	
佐	tso	3	
诈	tso	5	
炸	tso	5	~弹
蚱	tso	5	
榨	tso	5	
做	tso	5	~作业
柞	tso	7	
作	tso	7	
簪	tsø	1	
租	tsø	1	出~车
钻	tsø	1	~洞
尊	tsø	1	
遵	tsø	1	
樽	tsø	1	
鳟	tsø	1	
攒	tsø	3	
钻	tsø	3	~石
纂	tsø	3	
撙	tsø	3	
谮	tsø	5	
匝	tsø	7	
砸	tsø	7	
宗	tsoŋ	1	
综	tsoŋ	1	
棕	tsoŋ	1	
踪	tsoŋ	1	
总	tsoŋ	3	
偬	tsoŋ	3	
粽	tsoŋ	5	
基	tsɿ	1	
街	tsɿ	1	文读 解放~(偶发)
姐	tsɿ	1	文读 ~夫
之	tsɿ	1	
芝	tsɿ	1	
知	tsɿ	1	
肢	tsɿ	1	
栀	tsɿ	1	
脂	tsɿ	1	
蜘	tsɿ	1	
孜	tsɿ	1	
咨	tsɿ	1	
姿	tsɿ	1	
姿	tsɿ	1	
兹	tsɿ	1	
资	tsɿ	1	
淄	tsɿ	1	
辎	tsɿ	1	
滋	tsɿ	1	
訾	tsɿ	1	~那：怎么
解	tsɿ	3	文读 ~放街(偶发)
仔	tsɿ	3	
脂	tsɿ	3	
只	tsɿ	3	
旨	tsɿ	3	
址	tsɿ	3	
趾	tsɿ	3	
子	tsɿ	3	
姊	tsɿ	3	
梓	tsɿ	3	
紫	tsɿ	3	
嘴	tsɿ	3	白读 ~~：嘴唇
际	tsɿ	5	
识	tsɿ	5	
至	tsɿ	5	
志	tsɿ	5	
制	tsɿ	5	
质	tsɿ	5	
挚	tsɿ	5	
致	tsɿ	5	
置	tsɿ	5	
绩	tsɿ	7	
接	tsɿ	7	
织	tsɿ	7	
职	tsɿ	7	
只	tsɿ	7	
炙	tsɿ	7	
督	tu	1	
埵	tu	3	
堵	ty	3	
睹	ty	3	
肚	ty	3	白读 毛~
蠹	ty	5	
倭	u	1	
涡	u	1	
窝	u	1	
圬	u	1	
污	u	1	
巫	u	1	
呜	u	1	
钨	u	1	
诬	u	1	
邬	u	3	
屙	u	5	粪便
恶	u	5	可~
坞	u	5	
握	u	7	
乌	u	7	
屋	u	7	
歪	ua	1	
弯	ua	1	
塆	ua	1	
湾	ua	1	
奂	ua	5	
唤	ua	5	
涣	ua	5	
焕	ua	5	
哇	ua	5	
腕	ua	5	
斡	ua	7	
威	uai	1	
偎	uai	1	
煨	uai	1	
桅	uai	1	地名：石~岩
委	uai	3	地名：~内瑞拉
萎	uai	3	
痿	uai	3	
烩	uai	5	
畏	uai	5	
喂	uai	6	
温	uaŋ	1	白读 ~吞
瘟	uaŋ	1	白读 ~神
稳	uaŋ	3	
瘟	uə	1	
剜	uɛ	1	
哕	uɛ	3	
奣	uɛ	3	晴空万里
凡	va	2	
烦	va	2	
樊	va	2	
繁	va	2	
还	va	2	
怀	va	2	
淮	va	2	
环	va	2	
犯	va	4	
范	va	4	
挽	va	4	
晚	va	4	
皖	va	4	
败	va	6	
饭	va	6	
梵	va	6	
坏	va	6	
幻	va	6	
宦	va	6	
换	va	6	
患	va	6	
外	va	6	~婆娘：外婆，第一人称不适合用；形容一个人尤指女性做事拖拖拉拉或生活习惯不修边幅
乏	va	7	
伐	va	7	
罚	va	8	
徊	vai	2	
回	vai	2	
茴	vai	2	
洄	vai	2	
蛔	vai	2	
微	vai	2	白读 稍~
桅	vai	2	
唯	vai	2	
惟	vai	2	
维	vai	2	用于人名
为	vai	2	
溃	vai	3	~败
汇	vai	6	
会	vai	6	
绘	vai	6	~画
彗	vai	6	
慧	vai	6	乖
佛	vai	8	南无阿弥陀~
惑	vai	8	
勿	vai	8	
坟	vaŋ	2	
焚	vaŋ	2	
馄	vaŋ	2	
魂	vaŋ	2	~魄
文	vaŋ	2	
纹	vaŋ	2	
闻	vaŋ	2	新~
雯	vaŋ	2	
氛	vaŋ	4	
忿	vaŋ	4	
刎	vaŋ	4	
吻	vaŋ	4	
紊	vaŋ	4	
分	vaŋ	6	
份	vaŋ	6	
愤	vaŋ	6	
问	vaŋ	6	
焚	və	2	
孚	və	2	
浮	və	2	
蜉	və	2	
复	və	6	白读 ~兴
横	vɛ	2	
淮	vɛ	2	
桓	vɛ	2	
丸	vɛ	2	白读
玩	vɛ	2	开~笑
垣	vɛ	2	
缓	vɛ	4	
横	vɛ	6	
幻	vɛ	6	
换	vɛ	6	
蔓	vɛ	6	文读 藤~
划	vɛ	8	计~
薇	vi	1	
肥	vi	2	
微	vi	2	文读 ~妙
维	vi	2	用于人名
河	vo	2	
荷	vo	2	
菏	vo	2	
祸	vo	4	
缚	vo	7	
冯	voŋ	2	
逢	voŋ	2	
奉	voŋ	4	
凤	voŋ	6	
缝	voŋ	6	
禾	vu	1	
凫	vu	2	
扶	vu	2	
芙	vu	2	~蓉
服	vu	2	
浮	vu	2	
符	vu	2	
何	vu	2	文读
和	vu	2	
乎	vu	2	
狐	vu	2	
弧	vu	2	
胡	vu	2	
壶	vu	2	
葫	vu	2	
湖	vu	2	
瑚	vu	2	
糊	vu	2	~涂
瓠	vu	2	
抚	vu	3	
父	vu	3	
扈	vu	3	
夫	vu	4	
腐	vu	4	
妇	vu	4	
阜	vu	4	
户	vu	4	
沪	vu	4	
武	vu	4	
舞	vu	4	
芙	vu	6	地名：~蓉
负	vu	6	
附	vu	6	
驸	vu	6	
傅	vu	6	白读 师~
糊	vu	6	芝麻~
互	vu	6	
患	vu	6	
卉	vu	6	
慧	vu	6	文读
务	vu	6	
物	vu	6	~理
伏	vu	8	
茯	vu	8	
匐	vu	8	
袱	vu	8	
复	vu	8	
盒	vu	8	
惑	vu	8	四十而不~
骛	vu	8	
安	y	1	
阏	y	1	
逶	y	1	
葳	y	1	
温	y	1	
污	y	1	
淤	y	1	
鸳	y	1	
碗	y	3	
委	y	3	~托
诿	y	3	
萎	y	3	
伛	y	3	
腕	y	5	
尉	y	5	
蔚	y	5	
慰	y	5	
妪	y	5	老~：老人称妻子
喂	y	6	
约	y	7	白读 ~会
痈	yɔ	1	
雍	yɔ	1	
臃	yɔ	1	
枉	yɔ	3	
甬	yɔ	3	
俑	yɔ	3	
涌	yɔ	3	
壅	yɔ	5	
温	ye	1	
苑	ye	5	
怨	ye	5	
唷	yo	1	
安	yø	1	
宛	yø	1	
温	yø	1	
冤	yø	1	
渊	yø	1	
宛	yø	3	
惋	yø	3	
婉	yø	3	
碗	yø	3	
怨	yø	5	
才	za	2	
惭	za	2	
柴	za	2	
豺	za	2	
谗	za	2	
寨	za	6	
闸	za	8	
睡	zai	4	
罪	zai	4	
萃	zai	6	
粹	zai	6	
芮	zai	6	
蚋	zai	6	
锐	zai	6	
睿	zai	6	
叡	zai	6	
日	zai	8	文读 ~本
入	zai	8	
什	zai	8	
十	zai	8	
实	zai	8	
拾	zai	8	
习	zai	8	
一	zai	8	白读 ～两零八：不三不四的样子，常用于家长对小孩的教育中，依发音者作为“一二零八”，该词可能是讹传的天津借词
曾	zaŋ	2	~经
辰	zaŋ	2	
晨	zaŋ	2	
秦	zaŋ	2	
人	zaŋ	2	文读 ~民
仁	zaŋ	2	
妊	zaŋ	2	
神	zaŋ	2	
寻	zaŋ	2	
浔	zaŋ	2	
鲟	zaŋ	2	
尽	zaŋ	4	
任	zaŋ	4	主~
肾	zaŋ	4	
甚	zaŋ	4	
烬	zaŋ	6	
慎	zaŋ	6	
赠	zaŋ	6	
愁	zau	2	
藏	zɔ	2	~身
巢	zɔ	2	
才	ze	2	
材	ze	2	
财	ze	2	
裁	ze	2	
惹	ze	4	
贼	ze	8	
曹	zə	2	
漕	zə	2	
槽	zə	2	~枥
螬	zə	2	
艚	zə	2	
韶	zə	2	
造	zə	4	创~
皂	zə	6	
丞	zeŋ	2	
净	zeŋ	6	
硕	zəu	8	
锄	zʮ	2	
如	zʮ	2	
儒	zʮ	2	
殊	zʮ	2	
随	zʮ	2	
遂	zʮ	2	
蕊	zʮ	3	
署	zʮ	4	
墅	zʮ	4	
序	zʮ	4	
叙	zʮ	4	
瑞	zʮ	6	地名：~安；~士
辱	zʮ	8	
褥	zʮ	8	
蜀	zʮ	8	
术	zʮ	8	
述	zʮ	8	
树	zʮ	8	
硕	zʮ	8	
族	zʮ	8	
社	zɪ	4	~会主义
疾	zɪ	8	
集	zɪ	8	
袭	zɪ	8	
行	ʑiɛ	2	白读 ~否：可不可以(偶发)
徂	zo	2	
殂	zo	2	
矬	zo	2	
脞	zo	4	
□	zo	6	水母
藏	zo	6	地名：西~
臧	zo	6	
脏	zo	6	~器
砟	zo	6	
助	zo	6	
怍	zo	6	
祚	zo	6	
座	zo	6	
酢	zo	6	
□	zo	8	吵架
赎	zo	8	
昨	zo	8	
蚕	zø	2	
存	zø	2	
錾	zø	4	
撰	zø	4	
馔	zø	6	
杂	zø	8	
唇	zoŋ	2	
丛	zoŋ	2	
纵	zoŋ	6	
池	zɿ	2	地名：马鞍~；墨~
驰	zɿ	2	
词	zɿ	2	
祠	zɿ	2	
瓷	zɿ	2	
辞	zɿ	2	
慈	zɿ	2	
磁	zɿ	2	
谁	zɿ	2	
时	zɿ	2	
粢	zɿ	2	麻~：一种糯米制品
尔	zɿ	4	
耳	zɿ	4	
饵	zɿ	4	
藉	zɿ	4	
籍	zɿ	4	
汝	zɿ	4	
社	zɿ	4	~恐
士	zɿ	4	
氏	zɿ	4	
仕	zɿ	4	
市	zɿ	4	
似	zɿ	4	
柿	zɿ	4	
是	zɿ	4	
巳	zɿ	4	
汜	zɿ	4	
祀	zɿ	4	
屿	zɿ	4	地名：江心~
在	zɿ	4	
峙	zɿ	4	
痔	zɿ	4	
豉	zɿ	6	
糍	zɿ	6	
瑞	zɿ	6	地名：~安
事	zɿ	6	
视	zɿ	6	
恃	zɿ	6	
逝	zɿ	6	
䑛	zɿ	6	
嗜	zɿ	6	
誓	zɿ	6	
噬	zɿ	6	
寺	zɿ	6	
饲	zɿ	6	
自	zɿ	6	
眦	zɿ	6	
渍	zɿ	6	
疾	zɿ	8	
嫉	zɿ	8	
食	zɿ	8	
蚀	zɿ	8	
室	zɿ	8	白读 卧~
席	zɿ	8	
族	zu	8	
