連城姑田	
i1	伊{第三人稱}
i9	姨{阿～}
i2	寅{第三個地支}
i3	以{可～}
i6	一
pi1	碑
pi6	筆□{裂開}
piʔ8	□{ʃɔʔ⁸～tɔ⁶，一種扁肚子的小魚}□{～pəu⁹，蝙蝠}
pʰi2	皮
pʰi6	鼻{聞；～tsʰiəu1，鼻子}
mi9	尼{～ku¹,～ku⁹，尼姑}
mi3	米米{～篩/mi¹⁰tʃʰie¹/，篩子}
miʔ8	☐{（表面的）邊}眯{閉（嘴）}
vi6	熨{～斗，熨斗}未{第八個地支}
ti10	底{～頭，裡頭}
ti5	戴{戴（帽子）}帝
ti6	地{墳墓；～碑，墓碑；醮/tsiao⁵/～，掃墓、祭墓}地{～下，地、地上}滴{～、～～，一點；行liɔ⁶～，走快一點}☐{～～ta⁶，孩子}
tiʔ8	弟{老～，弟弟；兄～}直
tʰi2	啼{哭；（雞、牛）叫}
ni6	哪{～tʃɔ⁶，哪、哪個？、誰？；～ta²，哪裡？}
li2	來
li9	梨{li⁹}
li3	里{量辭}呂{姓}李{姓}
li10	鯉{～魚}
li5	李{李子（疑為*/10/）}
li6	笠{～嫲/mɔ²/，斗笠}
tsi6	☐{竈/tsao⁵/～，蟋蟀}
tsiʔ8	☐{用手指捅，用棍子或棍子的一頭打；用刀刺；挖通}
tsʰi6	七
si6	息{曾孫}戍{第十一個地支}
siʔ8	翼{翅膀}
ki1	枝{樹～；竹～，有葉子的竹枝}箕{畚～（有耳）；ie⁹～,sɔ⁶～，撈飯用的小畚箕（沒有耳）}
ki2	期{定時～、定日～，定日期}
ki3	己{第六個天干}
ki10	☐{ki⁵，男孩（疑為*/10/，另詳/tʃɔ³/；～倽/ʃɔ²/，孩子}
ki5	記{～得}
kʰi2	騎蜞{fu⁹～，水蛭；la⁹kʰi²，蛞蝓、蝸牛}
kʰi3	齒{牙～}
kʰi10	起{～taŋ⁹，跳神}
kʰi5	柿{kao⁹～，（野）柿子（疑為*/10/）}
ŋi5	耳{桶子的耳（疑為*/10/）}
ŋi6	二☐{閉、眨（眼睛）；半閉（眼睛）看}
ŋiʔ8	日（～頭，太陽）
kʰyi6	出{出、發}
fy1	書梳輸疏{疏遠（指親戚關係）}
fy2	薯{番/fa⁹/～，甜土豆}
fy3	水
fy6	叔{叔叔}
fyʔ8	熟{烹飪成熟，作物成熟}
ky1	珠{珍～}飢{腹～，肚子餓}
ky9	豬
ky2	廚{廚子}
ky3	煮{熬(粥)}
ky10	主{～人}
ky6	箸{筷子}
kyʔ8	苧{苧麻}
kʰy1	嬉{玩樂}
kʰy2	槌{kiɔʔ⁸kʰy⁹，槌子；鐵～，鐵槌}
kʰy3	鼠
kʰy5	去
kʰy6	粟{稻穀}
ŋy2	魚{鯉～}汝{第二人稱}
ŋy3	女{女兒}
ŋy5	女{女孩子（疑為*/10/）；豬～，還沒發春過的母豬（疑為*/10/）}
e3	矮{個子矮；低（指房子、梯田）}
te2	☐{ŋ⁶～，別⋯（發音人強調：與/tie²/對立}
tsʰe2	☐{hao⁶keŋ⁹～，（在家中）養邪惡的生物}
se6	薛{姓}雪
tʃe³	這{～個，這、這個}
ie¹	☐{ie⁹tʰie⁶，沙肝}
ie9	☐{～箕，撈飯用的小畚箕（没有耳）}
ie2	鹽
ie6	乙{第二個天干}
ieʔ8	葉{葉子}
pie1	背{背（任何東西，但特指背小孩）}邊{miʔ⁸～，表面的（邊）}
pie3	反{翻（豬腸子）}
pie10	扁{～擔}
pie5	變
pie6	八篦{篦子}
pʰie3	☐{兩個半邊之一（量辭）}
pʰie5	片{鼎～，（木板做的）鍋蓋}
pʰie6	辦{做（飯）；煮（湯）}
mie9	☐{～瞑/mɔ²/，晚上、今天晚上}
mie2	埋
mie3	買
mie5	面{前～}
mie6	賣☐{癟下去的（鐵罐子），凹下去的（指沒有牙齒的人的臉頰）}慢{遲、晚}
mieʔ8	☐{不會、不通曉（與/ŋ⁶faʔ⁸/通用）}
fie2	船
vie2	園
vie9	丸{藥～/vie⁹/}
vie6	挖{挖（鼻子）}
tie2	纏{～細骹，裹小腳（本地曾有這個習俗）}甜
tie3	轉{回去}底{底部}
tie6	靛{染料}跌{掉（指牙齒、頭髮、葉子）；（不小心）丟掉、遺失}得{表示程度或成果的動辭後綴，識～，懂、認識；做ŋ⁶～，不可以；行～liɔ⁶，跑得快}蹀{paʔ⁸～倒，跌倒}
tʰie1	天
tʰie5	剃{稗子}替{代表}
tʰie6	鐵墊{棕～，鬃毛床墊}帖{藥的量辭}
nie2	年泥{泥土}泥{～ku⁹，本地的大黑蚌}
nie3	奶{母親}
nie6	镊{藥銚子}
lie2	聯{縫製}
lieʔ8	猎{趕、追（比/la²/快）}
tsie1	☐{揍、用拳頭打}
tsie2	錢前齊{指牙齒齊}齊{我～/ɔ⁹tsie⁹/，第一人稱複數包括式；我～/ŋɔ²⁼tsie⁹/，第一人稱複數排除式；汝～/ŋy²⁼tsie⁹/，第二人稱複數；伊～/i¹⁼tsie⁹/，第三人稱複數}
tsie3	子{公～，曾祖父；婆～，曾祖母}
tsie5	子{指小後綴（參見/tsəi⁵/；疑為*/10/），雞～，小雞；雞kao⁶～，小公雞；nie⁹ku⁹～，田裡的小蚌}箭
tsie6	接{接（丟的東西）；接（人）}
tsʰie5	菜{蔬菜；（一道）菜}
tsʰie6	切
sie1	先{先；～頭/sie⁹tʰao⁹/，剛才}
sie9	☐{竹～，沒有葉子的竹枝}
sie3	洗
sie10	婿{～郎/loŋ²/，女婿}細{纏～骹，裹小腳（本地曾有這個習俗）}
sie5	細{小；～倽/ʃɔ²/,、～個人，孩子}
tʃie2	☐{雞蝨子}
tʃieʔ8	☐{fu⁹～，門檻}舌{舔（沒有其他說法）；舌頭}
tʃʰie1	篩{動辭；mi¹⁰～，篩子}
tʃʰie9	治{殺（總稱）}
tʃʰie6	濕
ʃie1	☐{kuəi¹⁰～，一種扁肚子、大嘴巴的小魚}
ʃie9	師{～kaŋ⁹，在家道士}
ʃie10	蟹{～公，螃蟹（可食）}
ʃie5	扇{打（耳光）}
ʃie6	莧{～菜}係{繫辭；ŋ⁶～，不是；ŋ⁶～tʰa⁵，不在；～是}瞎{～目，瞎了（沒有眼睛）；ʃɔ⁹koŋ⁹眼～，瞎了（有眼睛）}
ʃieʔ8	狹{窄}
kie9	雞街{kie¹、kie⁹、～lu⁶，街、路}
kie3	解{解（鞋帶）}筧{水～，劈開的竹子做的水管}
kie5	見{夢/maŋ⁹/～，夢（發音人說是“門見”的意思）；la⁶maŋ⁹～，做夢}☐{木柴劈成兩半的一個半邊（量辭）（參見(/kai¹/,/pʰie³/)}
kie6	頰{面～：臉}
kʰie1	溪{河（一般的說法）；大～，大河}
kʰie6	缺
ŋie3	☐{橘子的瓣（量辭）（與/ku³/通用）}染
ŋie10	眼{ʃɔ⁹koŋ⁹～瞎，瞎了（有眼睛，看不見）}
ŋieʔ8	熱{熱（總稱）；熱（無理的術辭）}
kye1	磚
kye5	☐{缺～，缺嘴}
kye6	羯{閹割，～雞/kye⁶kie⁹/，閹雞}
kʰye1	吹{吹（口哨）、颳（風）}炊{蒸；熬（藥）；燉}
ŋye3	軟
eŋ2	壬{第九個天干}
eŋ6	岌{小土丘；趙公～，趙公岌（小地名）}
peŋ1	兵
meŋ9	眠{～床，床}
meŋ5	面{～、～頰/meŋ¹⁰kie⁶/，臉}
feŋ2	唇{井～}
teŋ1	☐{～、lɔ⁹lɔ⁹teŋ⁹～、lɔ⁹lɔ²⁼teŋ⁹～，垂下來}
teŋ3	頂{用身體的力量推}
tseŋ1	蓁{菅/ka⁹/～，所謂蘆葦（牛喜歡吃的一種山草）}
tsʰeŋ1	清
seŋ1	辛{第八個天干}心新
seŋ9	新{～婦，媳婦}蠅{蒼蠅；烏～/seŋ⁹/，蒼蠅}
seŋ3	筍
tʃeŋ9	珍{～珠}
tʃʰeŋ1	深
tʃʰeŋ2	塍{田～，田埂、田墈}陳{姓}
tʃʰeŋ6	陣{遍（話的量辭）}
ʃeŋ1	申{第九個地支}
ʃeŋ9	晨{～朝，明天}
ʃeŋ2	辰{第五個地支}
ʃeŋ5	嬸{～～（疑為*/10/}
keŋ1	金{～、～子}
keŋ9	金{～朝，今天}
keŋ2	琴{琴，或任何其他的弦樂器}☐{雞～，雞罩}
keŋ5	妗{ɔ⁹～，舅母}
keŋʔ8	胗{雞～，雞肫}
ŋeŋ2	人
ŋeŋ6	認{～得}
kyeŋ1	根{（與“軍”同音）}軍振{發抖}
kyeŋ5	圳{小溪；水～，水渠}
kyeŋʔ8	近
kʰyeŋ1	春{上～，春天（這個動辭性名辭是最道地的說法）}
kʰyeŋ2	群{鴨～}
kʰyeŋ3	蠢{笨}
pa1	搬{搬（家具、家）}
pa2	盤{盤子}
pa10	板{～屐，木屐；～kəu¹，板油}半{～暝時，傍晚}
pa5	半☐{（腳）纏在⋯}
pa6	飯缽{pu⁹～，大土鍋、砂鍋}
paʔ8	☐{～倒、～蹀倒，蹀倒}☐{用扁擔的一頭扛}拌{摔}
pʰa1	翻{嘔吐}
pʰa9	☐{～山頂，高岌頂（小地名）}
pʰaʔ8	被{被子；披著、搭著（衣服）}
ma3	滿{形容辭；高起來（指過滿的碗）}母{外祖～}
ma 5	母{ɔ⁹～，祖母}
maʔ8	襪{襪子}
fa1	翻{翻（一頁）}
fa9	番{～薯，甜土豆}
faʔ8	會{（訓）會、通曉、表可能；ŋ⁶～，不會、不通曉（與/mieʔ8/通用）；～li⁹落雨，好像會下雨}
va1	☐{（外套、襯衫）一隻手穿著一隻手沒穿}
va3	碗遠䘼{袖～，袖子}
va5	☐{骹taŋ⁹～，膕窩（疑為*/10/}☐{背（書包）}
va6	換{換（衣服）；tai⁵～，交換}
ta1	單{～衫，單衣服}
ta2	彈{彈（琴）}☐{ni⁶～，哪裡}
ta3	☐{（把木條）崁成幾片}
ta5	帶{帶（來、去）}☐{～女/ta⁵⁼ŋy⁵/童養媳}
ta6	大{形容辭；～伯，（大）伯父；～paŋ⁵，大伯母；～溪，大河}☐{滴滴～，孩子}笪{穀～，烘稻的墊子}
taʔ8	斷
tʰa2	坨{桄（繩子或線的量辭）、坨（土的量辭）}
tʰa5	□{ŋ⁶是～，不在⋯（否定方位辭）}
na3	暖{暖和}
na6	☐{很燙；用熨斗燙；用乾鍋煎烤}
la9	☐{～kʰia²，一種大蜘蛛}澜{～kʰi²，蛞蝓、蝸牛}
la2	攔{趕、追（比/ka³/、/lieʔ⁸/慢）}
la3	卵{蛋；面頰～，臉頰；芋～，芋子；手踭～，手肘（疑為*/10/）}瀾{口～水，口水}
la5	僆{雞～，小母雞}
la6	☐{～maŋ⁹kie⁵，做夢；tɔ¹⁰～話，講夢話}爛{腐爛（總稱）；（煮得）很爛}☐{～柿，（種的）柿子}
tsa5	荐{ka¹⁰～，稻草床墊}☐{朵（花的量辭）}
tsa6	紮{綁在一起（指秧苗，一般指綁在一端）}
tsaʔ8	坐蚻{黃/voŋ⁹/～，蟑螂}
tsʰa5	蔡{姓}
sa1	酸
sa3	傘
sa5	算{計算、數}蒜散{散（會）}
tʃa3	抓{動辭；把（抓到的東西的量辭）}
tʃaʔ8	懶{懶惰}
tʃʰa3	踩{用腳踩滅}
tʃʰa6	獺{水獺}
ʃa1	山釃{倒（茶、酒）}
ʃa9	山{～foŋ⁹，山地、山田；pʰa⁹～頂，高岌頂（小地名）}
ʃa6	殺{殺（人）}
ka1	乾{筍乾}
ka9	菅{～蓁/tseŋ¹/，所謂蘆葦（牛喜歡吃的一種山草）}甘{～蔗}
ka3	稈{稻草}趕{趕、追（比/la²/快）}解{解（毒）}
ka10	稈{～荐/tsa⁵/，稻草床墊}
ka6	割{割（稻子）}芥{芥菜}☐{～網，長網}
ha2	寒{冷（指天氣）}
ha9	寒{～人，令人家冷}
ha3	☐{～個，那、那個}
ha6	汗
haʔ8	旱{乾（指土）}亥{第十二個地支}
ia3	也{～是}
iaʔ8	☐{翻（一頁）}
tia6	☐{阿/ɔ⁹/～，姐姐}
kia9	☐{～lai⁹，沙裡的小蚌（不是螺！）}
kia6	☐{邁過（門檻）}☐{動辭，（過年前）掃（清家裡）；竹掃子}
kiaʔ8	☐{（用手掌或竹片）打（小孩子）}
kʰia2	☐{la⁹～，一種大蜘蛛}
kua1	官關{關（門）}
kua3	管{水管；筆的量辭}管{嘴～，嘴巴}
kua5	☐{水～，長柄的竹水瓢（疑為*/10/）}
kua10	☐{～tsɨ³，窄鋤頭（參見/ky⁹ʃɨ¹⁰pɔ⁹/、/kəu⁶tʰao²/）}
kua6	刮{刮；（把碗裡面的東西）刮平}
kuaʔ8	☐{坨（吐出來的痰的量辭）}
kʰua5	塊{坨（土的量辭）}
kʰua6	闊
ŋua6	外{～頭，外面；～孫，外孫、外甥；～祖爹/tɔ¹/，外祖父；～祖母}
ŋuaʔ8	月{月份；月亮；～餅}
aŋ1	壅{施（肥）；～糞，施肥}
paŋ1	分{拿～，給}崩{崩塌}冰{凌/laŋ⁹/～，冰}
paŋ5	糞{aŋ⁹～，施肥；tʃʰəi⁶～，把一塊糞塞在地下（做肥料）}放☐{伯母（面稱）；大～，大伯母}笨
paŋ10	畚{～箕（有耳）}糞{～kʰɔ¹，拉屎（客氣）}
pʰaŋ1	蜂
pʰaŋ2	彭{不是本地姓}㖹{吹}
pʰaŋ5	噴
pʰaŋ6	縫{縫（名辭）；pi⁶～，裂一條縫}
maŋ1	☐{溢（出來）}
maŋ9	☐{～kie⁵，夢（發音人說是“門見”的意思）；la⁶～kie⁵，做夢}蚊{蚊子}芒{～花/fɔ¹/，草的乾花稈，用來做掃帚}
maŋ2	門{名辭；𢫦/mɔʔ⁸/～，敲門（沒有*/kʰɔ/的說法；開～}
maŋ5	問
maŋ6	燜{燜（用比較少的水）；悶熱}
vaŋ2	炆{燜（用很多水）}雲
faŋ1	葷{食～，吃葷}
faŋ6	☐{梯田的量辭}
taŋ1	冬{～天/taŋ¹⁼tʰie⁹/、～hɔʔ⁸，冬天}割{割（樹枝）}丁{第四個天干}
taŋ9	冬{～瓜}☐{=跌，掉下來（指牙齒、頭髮、葉子）}☐{taŋ⁹=ləu⁹pɔ¹，忘記}童{～tsɨ¹，跳神的男巫師}筒{骹～骨，脛骨；骹～va⁵，膕窩}
taŋ2	筒{骹～，人的腿}
taŋ3	頂{帽子的量辭}☐{籬笆桿}
taŋ5	崠{pʰa⁹山～，高岌頂（小地名，疑為*/10/，參見/taŋ³/）}
taŋ6	定{～時期、～日期，定日期}
taŋʔ8	重{重、不輕}
tʰaŋ9	豚{～雞，年齡不大不小的雞}
tʰaŋ2	蟲{桑～，蠶}
naŋ6	嫩{切～，切碎}
laŋ1	鱗{魚～}聾{耳聾}籠{雞籠}
laŋ9	棱{～冰，冰}籠{長～/laŋ⁹/，長雞籠；圓～/vie²⁼laŋ⁹/，圓雞籠}
laŋ2	礱{拋光（大米）；tʰu¹⁰～，老式礱米的一種機器}□{兔～，吃竹根的一種野鼠}
laŋ3	冷{冷（指東西、天氣）}
tsaŋ9	棕{～墊，鬃毛床墊}☐{～暝，昨天；～暝暝/mɔ⁹/，昨天晚上}
tsaŋʔ8	☐{按；用手指頭捻}
tsʰaŋ2	田{水田；～tʃʰeŋ²，～埂、田墈}
saŋ9	孫{孫子；外～，外孫、外甥}
saŋ3	㩳{推（人）}𢱤{推（人）}
ʃaŋ1	雙{量辭}生{hao⁶～，男人}
kaŋ1	公{老～，丈夫；響雷～，打雷；蟹～，螃蟹（可食）；耳～，耳朵}☐{摸sɨ⁹～，一種遊戲，類似於北京的蒙老瞎}
kaŋ9	公{～tsie³，曾祖父；tʃɔ⁹～/kaŋ⁹/，在家和尚；師～/kaŋ⁹/，在家道士}
kaŋ2	鹹
kaŋ3	㔶{蓋（被子）；（用布）蓋}
kʰaŋ1	傾{倒掉}
kʰaŋ9	傾{～平，使（兩個碗的那容）平均}
haŋ2	紅涵{竹～，竹子做的水管}
haŋ9	紅{～tie⁶，紅色的染料}
haŋ5	喊{叫（出來）；叫（名字）}
tiaŋ1	張{本地的姓；平東西的量辭}
tiaŋ10	長{～老，岳父；～pəu²，岳母}
tiaŋʔ8	丈{姑～；姊～，姐夫}
tʰiaŋ5	杖{拐杖（疑為*/10/）}
liaŋ2	龍
liaŋ3	兩{量辭；數辭}
tsiaŋʔ8	癢
tsʰiaŋ2	牆
tsʰiaŋ9	☐{～螺/lai⁹/，田螺}
tsʰiaŋ6	像{相像；相似}匠{木～}
kuaŋ2	裙{裙子}
kʰuaŋ3	捆{絞成一桄}
pai1	飛
pai9	杯{杯子}蔔{蘿～}
pai5	背{～脊，人的背；ʃɨ⁶nao⁹～，後面}
pʰai5	☐{摒/piɔ¹⁰/～，捉迷藏}
mai2	糜{稀飯}
mai3	尾{尾巴}
fai3	火
fai5	☐{piɔ¹⁰～，捉迷藏}
vai1	煨{埋；在稻子或其他植物的根頭培（土、糞）}
vai9	和{～尚}禾{～tʃʰɔʔ⁸，鱔魚、黃鱔；～鰍，泥鰍}
vai2	禾{稻子；～tʰie⁵，稻穗}
tai1	堆{填充}
tai3	短
tai5	對{對、對著}兌{～換，交換；～tʰao³，交換，以物換}
tai6	袋{袋子、口袋；放在口袋裡}
lai2	螺{tsiəu¹⁰～，頭旋}
lai9	螺{tsʰiaŋ⁹～/lai⁹/，田螺；kia⁹～/lai⁹/，沙裡的小蚌（不是螺！）；骹tsəi⁶tʰəi¹⁰～/lai⁹/，膝蓋}
lai3	☐{魚～，魚簍子}
sai5	歲
ʃai5	衰{瘦（指人）}
kai1	☐{木柴劈成兩半的一個半邊（量辭）（參見(/kai¹/,/pʰie³/)}
kai5	蓋{蓋子；蓋瓦（動辭）}
kʰai1	開{開（花）、開（門）}
kʰai9	開{～門}☐{這tʃɔ⁶～/kʰai⁹/，這裡；ha³⁼～/kʰai⁹/，那裡}
kʰai2	劊{砍（樹）}
haiʔ8	☐{長期住在⋯}☐{=pa⁵，（腳）纏在一起}
kʰuai5	快
ao9	甌{/ao⁹/，小茶杯、酒杯}
ao6	屋{房子；～瓦，瓦；～柱，柱子}
pao1	包{包（起來）}
pao6	腹{～飢，肚子餓}剝
paoʔ8	縛{綑（木柴）}
pʰao10	☐{～kɔ¹，袖子（聲調沒錯）}
mao3	卯{第四個地支}
maoʔ8	目{～珠，眼睛；瞎～，瞎了（沒有眼睛）}☐{骹～tʃəu⁹骨，踝骨}木{～匠}
tao3	斗{vi⁶～，熨斗}
tao10	晝{～時，上午；～lao³，下午}
tao5	晝{日～，中午}
tao6	豆{豆；～腐；～腐菜，菠菜（豆腐+菜）}☐{（把木條）截成一段一段的}
tʰao2	頭{頭；名辭性的後綴；石～；裡～，裡面；外～，外面；下～，底下、下面；鍋～，鍋（一般的說法；也是燒開水用的）；日～，太陽；斧～；骹tʃɔ⁹～，腳跟；钁～，普通的鋤頭（參見/ky⁹ʃɨ¹⁰pɔ⁹/、/kua¹⁰tsɨ³/）}
tʰao9	頭{～nɔ²，頭（一般性的說法）；上磜～/tʰao⁹/（小地名）；前～/tʰao⁹/，前面；上～，上面；手指～/tʰao⁹/；先～/tʰao⁹/}
tʰao3	敨{打開（包裹）}
tʰao6	毒{動辭}
tʰaoʔ8	讀
nao9	☐{是～背，後面}
lao1	☐{（把一根竹子的節膜）穿過}
lao2	留{留下、保留}
lao3	☐{豬～，種豬籠}了{晝～，下午}
lao6	☐{戴（手套）；手～，手套}
laoʔ8	熝{（用水或火）燙、焯}鹿
tsao5	竈竈{～tsi⁶，蟋蟀}
tsʰao3	草
sao3	藪{巢、窩}
sao10	掃{（稻草）～帚}
sao6	☐{推}
saoʔ8	掃{（聲調沒錯）}
ʃao3	少{數量少}
ʃao10	曉{知道}
ʃao5	瘦{（指肉）}
kao9	沟{/kao⁹/，很小的溪}猴{/kao⁹/}猴{～柿，野柿子}
kao3	狗☐{挖（耳朵）}
kao10	狗{～ku³，公狗；～mɔ²，母狗}狗{～蝨，跳蝨}
kao5	夠{到達}
kao6	角{後綴，出現於某些動物的名稱；蝦～，蝦；nɔ¹⁰～，螞蟻（特指大螞蟻）；雞～，公雞；雞～tsie⁵，小公雞}☐{結實}
kaoʔ8	厚
kʰao3	口{嘴裡的東西的量辭}
kʰao10	口{～瀾/la³/、～瀾/la³/水，口水}
kʰao6	哭{號哭}
hao6	後{～ʃaŋ¹，男人}蓄{養（豬）；～keŋ⁹tsʰe²，養邪惡的生物}
iao9	腰{褲子的量辭}
iao3	舀{用網舀}
iao5	要{要、想要}
pʰiao9	薸{浮萍}
miao5	貓
tiao1	朝{今～，今天；ʃeŋ⁹～，明天}
tiao9	條{鴨～/tiao⁹/，不大不小的鴨；～豬，不大不小的豬}
tiao2	條{裙子、路的量辭}
tiao5	鳥{（疑為*/10/）}
tiao6	銚{鐵水瓢}
tʰiaoʔ8	粜{出售（谷物）}
liao1	☐{（用牙籤）挖（牙）}
liao6	料{肥～}
tsiao5	醮{掃（墓）；～ti⁶，掃墓、祭墓}
tsiao6	借
tsʰiao1	☐{（往外面的方向）舀、剷}
tsʰiao5	☐{（把蠟）剷起來}
siao1	☐{kiao⁹～，蜘蛛}
kʰiao9	☐{～siao¹，蜘蛛}
kiao3	絞{絞成一桄}
kiao6	轎{轎子}
ŋiao6	尿{撒尿}
tsɨ1	☐{taŋ⁹～，跳神的男巫師}
tsɨ3	子{名辭的後綴；nɔ⁹～，男人；姪～（疑為*/10/）；kua¹⁰～，窄鋤頭（參見/ky⁹ʃɨ¹⁰pɔ⁹/、/kəu⁶tʰao²/）；金～}子{第一個地支}
tsɨ10	姊{～丈，姐夫}
tsɨ5	嘴{～、～kua³，嘴巴}醉
tsɨ6	字{漢字；名～}自{～家，自己}
tsɨʔ8	巳{第六個地支}疾{痛}
tsʰɨ5	刺{名辭（沒有其他說法）；用刀刺}
sɨ9	☐{mu⁹～kaŋ¹，一種遊戲，類似於北京的蒙老瞎}
sɨ5	四
sɨ6	柿{la⁶～，（種的）柿子}事{講～，說話}士{道～}
tʃɨ10	指{手～；手～頭，拇指}
tʃʰɨʔ8	姪{～子}
ʃɨ2	時{晝～，上午；半暝～，傍晚}
ʃɨ9	時{～期，定日期}
ʃɨ3	屎{大便；屙～，拉屎}
ʃɨ10	屎{～kʰɔ¹，廁所；去～kʰɔ¹，上廁所；豬～耙/pɔ⁹/子，很窄的鋤頭（參見kua¹⁰tsɨ³/、/kəu⁶tʰao²/）}
ʃɨ6	識{～、～得，懂、認識}☐{～nao⁹背，後面}
ʃɨʔ8	十食{～tʃɔ¹，吃素；～葷}
əi6	☐{刮平}
pəi2	肥{形容辭，肥；名辭，肥肉；～料}
pəi6	吠{狗叫}背{～書}
pʰəi6	倍{量辭}
məi5	妹{老～，妹妹}
məi6	☐{腐爛（指木頭）}
məiʔ8	墨{墨水}
fəi2	遍{話的量辭}
fəi6	☐{用竹枝很用力打}
vəiʔ8	滑
təi6	得{～到}
tʰəi3	腿{雞～}
tʰəi10	腿{骹tsəi⁶～lai⁹，膝蓋}
tʰəiʔ8	凸{陷（指地板、屋頂、椅座、房梁）；禿（指肚子、牆壁、眼睛）}
ləi9	雷{響～，打雷}
ləi2	擂{研成粉末（一般指的是用小杵臼研藥）；～杵/kʰy⁹/，研藥用的小杵}
tsəi5	☐{豬～，小豬（韻沒錯；參見/tsie⁵/；疑為*/10/）}
tsəi6	☐{骹～腿lai⁹，膝蓋}
tsʰəiʔ8	賊
tʃʰəi6	塞{～糞，把一塊糞塞在地下（做肥料）}
ʃəi6	色{白～；烏～，黑色}蝨{kao¹⁰～，跳蚤；～mɔ²，蝨子}
kəi6	結{繫（鞋帶）}
kʰəiʔ8	☐{用半拳頭敲（頭）}
kuəi3	鬼
kuəi10	☐{～ʃie¹，一種扁肚子、大嘴巴的小魚}
kuəi5	貴癸{第十個天干}
kuəi6	骨{頸～，脖子}骨{骹taŋ⁹骨，脛骨；骹maoʔ⁸tʃəu⁹骨，踝骨}
kuəiʔ8	掘{（用鋤頭、刀）挖（筍等）；鋤（地）；（向自己的方向）舀、剷}
kʰuəi6	跪窟{kʰu¹⁰～，石臼}
əu1	屙{排泄}
əu9	屙{～溺，撒尿；～屎，拉屎}
əu6	恶{罵（小孩）}
pəu2	☐{伯～，伯母（總被稱）；丈～，岳母；～tsie³，曾祖母}
pəu9	☐{tʃɔ⁹～/pəu⁹/，在家尼姑}☐{piʔ⁸～/pəu⁹/，蝙蝠}
pəu6	駁{連接}
pəuʔ8	薄
pʰəu1	泡{泡沫}
pʰəuʔ8	雹{冰雹}
məu1	毛{毛、頭髮}
məu2	☐{沒有⋯；別⋯}
fəu3	伙{家～，東西}
vəu6	☐{用棍子打（頭）}
vəuʔ8	藥{藥；～丸}
təu1	多刀
təu2	☐{耳～，耳垂}
təu5	到{得～}
təu6	道{～士}
tʰəu9	桃{/tʰəu⁹/，桃子}
tʰəu5	套{遍（話的量辭）}套{手～}
ləu9	☐{～pɔ¹=taŋ⁹，忘記}蘿{～蔔}
ləu3	老{老；舊；長～，岳父}
ləu10	老{～鼠；～虎；～弟，弟弟；～妹，妹妹；～pɔ⁶，哥哥；～公，丈夫}
ləuʔ8	落{下（動辭）；faʔ⁸li⁹～雨，好像會下雨}
tsəu3	早
tsəu5	做{做；～ŋ⁶得，不可以}棗{棗子（疑為*/10/）}
tsʰəu1	臊{臭～，腥、臊}
tʃəu9	珠{骹maoʔ⁸～骨，踝骨（可能記錯了；應該是/tʃiəu¹/}
tʃʰəu5	臭
tʃʰəu10	臭{～tsʰəu¹，腥、臊}
səu6	索{繩子}
kəu1	锅膏{板～，板油}
kəu6	钁{～頭，普通的鋤頭（參見/ky⁹ʃɨ¹⁰pɔ⁹/、/kua¹⁰tsɨ³/）}
kʰəu10	可{～以}
ŋəu6	餓{（動辭）使人餓}
həu1	☐{教}
həu2	河{大河（本地沒有）；～畲，小地名}籇{豬～，種豬籠}
həu10	好{～長久，很久}
həu6	☐{悶熱；在灰裡頭考}
həuʔ8	學
iəu2	油{豬～（一般的說法）}
iəu3	有酉{第十個地支}
tiəu1	丟{丟、扔；丟掉（不要它）}
tiəu2	櫥{豬～，豬圈；雞～，雞窩}
tiəu6	竹{竹子；～枝，有葉子的竹枝；～sie⁹，沒有葉子的竹枝；～haŋ²，整條（沒破開的）竹子做的水管}住{住（在）}
tʰiəuʔ8	柱{ao⁶～，柱子}
liəu2	劉{本地姓}流
liəu3	☐{用竹枝鞭打（小孩）}
liəuʔ8	六
tsiəu1	☐{（豬）叫}
tsiəu3	酒帚{（稻草）掃～}守{看（家）}
tsiəu10	☐{～lai²，頭旋}
tsʰiəu1	☐{～鼻，鼻子}鰍{vai⁹～，泥鰍}
tsʰiəu3	取{（把借給或給的東西）拿回來}☐{詳/tʃʰiəu³/}
tsʰiəu6	戳{～hɔʔ⁸，（被刺）刺到}
siəu2	囚{豬～，種豬籠}
siəu6	削{削（果皮、樹皮）}
tʃiəu1	珠{目～，眼睛}周{本地姓}
tʃʰiəu3	手{（按：本語素我又聽成*/tsʰiəu³/）}丑{第二個地支}
tʃʰiəu10	手{～指；～指頭/tʰao⁹/，拇指；手挽，袖子；～套；～tʃɔ⁹la⁵，手肘}
tʃʰiəu5	臭
tʃʰiəu6	趙{姓（本地無）；～公eŋ⁶，趙公岌（小地名）}樹{樹；～枝；桑～}
kiəu3	九
kiəu6	舊{舊、破爛（很少用；一般指衣服）}
kuəu6	☐{曬}☐{蠟燭}
ɔ9	阿{～tɔ⁹，祖父；～ma⁵，祖母；～ku⁵，舅舅；～妗，舅母；～姨/i⁹/，阿姨；～叔，叔叔；～嬸，嬸嬸；～paŋ⁵，伯母（面稱）；～姑，姑姑；～tia⁶，姐；～tsie⁹，咱們}
ɔ6	鴨{鴨；～群；～tsie⁵，小鴨；～中/tiao⁹/，不大不小的鴨}軛{牛～；～水，訓練小牛}
pɔ1	☐{ləu⁹～=taŋ⁹，忘記}
pɔ2	耙
pɔ9	耙{豬屎～/pɔ⁹/，很窄的鋤頭（參見/kua¹⁰tsɨ³/、/kəu⁶tʰao²/）}
pɔ3	飽
pɔ5	柄
pɔ6	病百{一～}伯{大～，（大）伯父；二～，二伯父；～pəu²，伯母（總被稱）；老～，哥哥}
pɔʔ8	白{～色；～匏/pu⁹/，匏瓜}
pʰɔ1	☐{（用筷子）扒（到嘴裡）}
pʰɔ5	泛{不結實、空虛}破{劈（柴）}
mɔ9	麻{/mɔ⁹/，芝麻}暝{tsaŋ⁹～～/mɔ⁹/，昨天晚上；半～時，傍晚}
mɔ2	嫲{笠～，斗笠；狗～，母狗；雞～，母雞；豬～，母豬；牛～，母牛；蝨～，蝨子}暝{夜的量辭；一～，一夜；tsaŋ⁹～，昨天；mie⁹～，晚上、今天晚上}磨{磨利}
mɔ3	馬{動物；姓}
mɔ5	麥{麥子、小麥（聲調沒錯！）}
mɔʔ8	𢫦{打（人）（參見/paʔ⁸/）；～門，敲門（沒有/kʰɔ/的說法）}
fɔ1	花花{maŋ⁹～，/ka⁹tseŋ¹/草的乾花稈，用來做掃帚}
fɔ6	華{本地的姓}話{（聲母沒錯）}畫{～～}
fɔʔ8	活{活的}范{本地的姓（不是本地的，但李屋有）}
vɔ1	挖{挖（洞）}
vɔ2	橫{橫的}
vɔ3	瓦{屋～，瓦}
vɔ6	話{tɔ¹⁰la⁶～，講夢話（聲母沒錯）}
tɔ1	擔{用扁擔挑；擔（量辭）；扁～}爹{外祖～，外祖父}
tɔ9	爹{阿/ɔ⁹/～，祖父}
tɔ3	☐{開（門）}
tɔ10	☐{～門；～la⁶話，講夢話}
tɔ5	帶{帶子}
tɔ6	☐{ʃɔʔ⁸piʔ⁸～一種扁肚子的小魚}☐{蓋；（用反過來的碗）抓}
tɔʔ8	踏{踩；跺（腳）}
tʰɔ1	拖{拉拖}
tʰɔ9	拖{～屐/kiɔʔ⁸/，木屐}
tʰɔ2	痰
nɔ1	拿
nɔ9	拿{～分/paŋ¹/，給}男{～子，男人}
nɔ2	☐{頭～，頭}
nɔ5	蟻{螞蟻，特指小螞蟻}艾{艾草}
nɔ10	蟻{～kao⁶，螞蟻，特指大螞蟻}
lɔ9	籃{/lɔ⁹/，籃子}☐{～～teŋ⁹teŋ¹、～lɔ²⁼teŋ⁹teŋ¹，垂下來}
lɔ2	☐{垂下來；lɔ⁹～teŋ⁹teŋ¹，垂下來}
lɔ6	☐{小巷子}
tsɔ2	晴{（天氣）；天～，白天}
tsʰɔ1	青{（指食物）}青{青色；～菜，青菜、芥菜}
tsʰɔ2	樵{柴火}
sɔ1	三
sɔ6	☐{～ki¹，撈飯用的小畚箕（沒有耳）}
tʃɔ1	焦{干（總稱）}斋{食～，吃素}遮{（把眼鏡）矇（住）、（把耳朵）掩蓋、（用布）蓋}
tʃɔ9	斋{～公/kaŋ⁹/，在家和尚；～pəu⁹，在家尼姑}踭{手～la⁵，手肘；骹～頭，腳跟}茶{～葉}
tʃɔ2	茶
tʃɔ3	囝{兒子（沒有別的說法）}
tʃɔ5	蔗{甘～}
tʃɔ6	隻{總量辭：用於人、圓瓜、鳥等等；一～飯，一粒飯；這～kʰai⁹，這裡；ni⁶～，哪、哪個？、誰}炙{燒（開水）}☐{舀}
tʃɔʔ8	徛{陡}崎{陡}
tʃʰɔ1	車
tʃʰɔ3	☐{抱（小孩、大人）}
tʃʰɔ5	撐{支撐；橋柱}
tʃʰɔ6	☐{撈}
tʃʰɔʔ8	站鱔{vai⁹～，鱔魚、黃鱔}
ʃɔ1	生{（指動物、雞）生養}桸{匏～，木頭做的水瓢、匏瓜做的水瓢}
ʃɔ9	衫{～領，領子；單～/ʃɔ⁹/，單衣服}兄{～弟}☐{～koŋ⁹眼瞎，瞎了（有眼睛，看不見）}
ʃɔ2	倽{夫娘/pu⁹noŋ⁹/～，女人家、那邊那個女人；細～、ki¹⁰～，孩子}蛇
ʃɔ3	☐{罵}
ʃɔ6	☐{一套可以疊起來的竹籃，辦喜事的時候女方用挑的送給男方}
ʃɔʔ8	煠{煮半熟（指蒸飯前）；清水煮；煮（用生水釀的新酒）}石{石頭}☐{～piʔ⁸ tɔ⁶，一种扁肚子的小鱼}
kɔ1	家{自～，自己；～伙，東西}☐{豬～，種豬}瓜{瓜/kɔ⁹/；冬～}甘{甘甜（譬如美茶的回味）}☐{pʰao¹⁰～，袖子（聲調沒錯）}
kɔ9	猳{蚊～，蚊子}
kɔ3	敢{ŋ⁶～，不可以、不敢、別⋯}假{形容辭}
kɔ5	個{我～，我的；細～人，孩子；這～，這、這個；ha～，那、那個}嫁{嫁（出去）}
kɔ6	☐{簸箕的邊緣}甲{第一個天干}
kɔʔ8	咬{咬}
kʰɔ9	骹{～taŋ²，人的腿；～taŋ⁹骨，脛骨；～taŋ⁹ va⁵，膕窩；～tsəi⁶ 腿 lai⁹，膝蓋；～maoʔ⁸ tʃəu⁹骨，踝骨；～tʃɔ⁹頭，腳跟；tie²⁼細～，裹小腳（本地曾有這個習俗）}
kʰɔ1	骹{腳、腿}☐{洞；屎～，廁所；糞～，拉屎；去屎～，上廁所}
ŋɔ2	我{我；我齊/tsie⁹/，我們；我個，我的}牙{～、～齒}
ŋɔ6	硬
hɔ9	蝦{～kao⁶，蝦}
hɔ2	莖{繩子、長瓜、魚的量辭；芋～，芋頭的桿}
hɔ6	嚇{怕}
hɔʔ8	下{～頭，底下、下面；地～，地、地上}☐{冬～，冬天}☐{tsʰiəu⁶～，（被刺）刺到}
iɔ2	爺{父親}
iɔ3	☐{抓；把（抓大的東西的量辭）}
iɔ6	☐{～種，播種}
piɔ2	平{平、不斜；使（兩個碗的那容）平均}
piɔ3	丙{第三個天干}
piɔ5	餅{（疑為*/10/；月～}偋{藏；躲}
piɔ10	偋{～fai⁵，捉迷藏}
piɔ6	壁{～虎}
pʰiɔ6	劈{劈（草）}
miɔ9	名{～字}
tiɔ3	鼎{鍋（舊說法：現在一般限於“洗鍋”一辭）}
tiɔ10	鼎{～片，（木頭做的）鍋蓋}
tiɔʔ8	糴{買（穀物糧食）}
tʰiɔ1	聽
tʰiɔ6	☐{綁（鳥）；tʃoŋ⁹～，繩套}拆
liɔ3	領{衫～，領子}
liɔ5	嶺{上～，爬坡（*/10/）}
liɔ6	☐{快、不慢；行tie⁶～，跑得快；行～滴，走快一點}
tsiɔ2	斜{形容辭；/tsiɔ⁹/，陡地（特指梯田）}畲{小地名：河～}
tsiɔ3	䭕{淡、特指不夠鹹}井{井；～垣}
tsiɔ5	漈{瀑布}磜{小地名：上～頭}
tsiɔ6	脊{背～，人的背}
tsiɔʔ8	蓆{（不送氣）}
tsʰiɔ3	請
tsʰiɔ6	謝{本地的姓}刺{（把豬）刺死}
siɔ2	餤{叫（狗）}
siɔ5	線姓
kiɔ1	麠{黃～}
kiɔ2	行{走（路）}
kiɔ9	行{～路，走路；～得liɔ⁶，跑得快；～liɔ⁶ ti⁶，走快一點}
kiɔ3	頸{脖子}
kiɔ10	頸{～骨，脖子}
kiɔʔ8	屐{板～、拖～，木屐}☐{～槌/kʰy⁹/，槌子}
kʰiɔ1	輕
kʰiɔ2	擎{（一個人）抬}
ŋiɔ5	䁐{看}
ŋiɔ6	☐{高高得抱著提（柴火、稻草）}
ŋiɔʔ8	額{前額}
poŋ1	幫{？；群（人的量辭）}
poŋ3	綁{綁（人）}
poŋ6	☐{foŋ⁹～，山地、山田}
pʰoŋ2	馮{不是本地姓，但永安小陶有}
moŋ3	網{網；ka⁶～，長網（疑為*/10/）}
moŋ5	夢{僅讀字，不是口語詞}
foŋ1	☐{摀（嘴）}
foŋ9	荒{～poŋ⁶、ʃa⁹～/foŋ⁹/，山地、山田}
voŋ2	黃{顏色；本地姓}王{本地姓}
voŋ9	黃{～麠}黃{～tsaʔ⁸，蟑螂}
voŋ3	☐{懷抱}
toŋ9	堂{主～/toŋ⁹/，主人}長{好～久，很久}
toŋ2	塘{池塘}長{形容辭；～籠，長雞籠}腸
tʰoŋ2	糖
noŋ1	瓤{瓜瓤}
noŋ2	娘{pu⁹～，女人、特指結婚的女人}
noŋ9	娘{pu⁹～/noŋ⁹/，女人、特指結婚的女人；pu⁹～ʃɔ²，女人家、那邊那個女人}
noŋ5	☐{慢}
noŋ6	讓{謙讓、避讓}☐{皺}
loŋ2	郎{婿～，女婿}
tsʰoŋ2	床{床、眠～，床}
soŋ9	桑{～蟲，蠶；～樹}
tʃoŋ1	舂{舂；用拳頭打（桌子）}章{不是本地姓}裝{裝（陷阱、弩弓）}☐{碰（見）、遇（到）}
tʃoŋ9	舂{～杵/kʰu⁵/，杵（棍形、槌形）}☐{～tsie⁵，弩弓}☐{～tʰiɔ⁶，繩套}鐘
tʃoŋ3	種{iɔ⁶～，播種}
tʃoŋ6	☐{穿（衣服）}
tʃʰoŋ5	銃{鳥銃}
ʃoŋ1	香{很香；（燒的）香}
ʃoŋ2	熊{動物；姓}
ʃoŋ10	響{～雷，打雷}
ʃoŋ6	上{～頭；小地名：上磜頭}尚{和～}
ʃoŋʔ8	上{動辭；～嶺，爬坡；～春，春天（這個動辭性名辭是最道地的說法）}
koŋ1	扛{兩個人扛}光{天～，早上}☐{ʃɔ⁹～眼瞎，瞎了（有眼睛，看不見）}江{江、大河（本地沒有）}
koŋ9	公{趙～eŋ⁶，趙公岌（小地名）}
koŋ3	講{說；～事，說話}蔣{姓}
koŋ5	鋼{鋼鐵}
kʰoŋ5	☐{撈}
kʰoŋʔ8	虹{彩虹}
ioŋ3	養{～女，童養媳}
kioŋ1	薑
u1	烏{～、～色，黑色}
u9	烏{～蠅，蒼蠅}
u3	雨{雨；faʔ⁸ li⁹ 落雨，好像會下雨}
u6	芋{～la³，芋子；～莖，芋頭的桿}戊{第五個天干}
pu9	夫{～娘/noŋ²/、～娘/noŋ⁹/，女人、特指結婚的女人；～娘倽/noŋ⁹ ʃɔ²/，那邊那個女人}匏{～桸/ʃɔ¹/，木頭做的水瓢、匏瓜做的水瓢；白～/pu⁹/，匏瓜}烰{～pa⁶，大土鍋、砂鍋}
pu2	烰{（用土鍋）燜}
pu3	補{修補}
pu10	斧{～頭}
pu5	布
pu6	伏{孵}腐{豆～}
puʔ8	婦{新～，（兒）媳婦}
pʰu2	浮{漂浮}
mu1	摸{用手碰；摸著（牆壁走）}
mu9	摸{～sɨ⁹ kaŋ¹，一種遊戲，類似於北京的蒙老瞎}
fu9	湖{～蜞，水蛭}户{～tʃieʔ⁸，門檻}
fu3	虎{老～；壁～}
tu3	賭{賭博、打賭、冒險；～錢，賭博、賭錢}
tuʔ8	毒{毒藥；毒的}
tʰu10	土{～laŋ²，老式礱米的機器}兔{～laŋ²，吃竹根的一種野鼠}
nuʔ8	肉{（只有這個說法）}
lu3	滷☐{吐出來}
lu10	露{～水}
lu6	路{路、街～，接、路；行～，走（路）}
tsu10	祖{外～爹/tɔ¹/，外祖父；外～母}
ku1	姑{阿/ɔ⁹/～，姑姑}
ku9	姑{～pəu²，父親的姑姑；～丈；尼～}☐{nie⁹～，本地的大黑蚌；nie⁹～tsie⁵，田裡的小蚌}
ku3	久{好長～，很久}牯{狗～，公狗；豬～，公豬（一般指被閹過的，養來吃的）（疑為*/10/）；牛～，公牛；賊～，小偷、賊}☐{橘子的瓣（量辭）（與/ŋie³/通用）}
ku5	舅{ɔ⁹～，舅舅（疑為*/10/）}句{話的量辭}
ku6	跍{蹲}穀{烘稻穀的墊子}
kʰu1	丘{田的量辭}
kʰu5	杵{舂～，杵（棍形、槌形）（疑為*/10/）}
kʰu10	臼{～kʰuəi⁶，石臼}
ŋu2	牛{水牛}
ŋu9	牛{～牯/ku³/，公牛；～嫲/mɔ²/，母牛；～子/tsie⁵/，小牛；～軛}
ŋu3	五午{第七個地支}
ŋ6	☐{不（否定辭）；～是，不是（否定系辭）；～是tʰa⁵，不在⋯（否定方位辭）；～faʔ⁸，不會、不通曉（與/mieʔ⁸/通用）；～去，不去；～敢，不可以、不敢、別⋯；做～得，不可以；～te²，別⋯}
