汉字	注释	旬阳两岔河	丹江均县	郧西六郎	城口葛城	镇坪曾家	白河茅坪	郧县胡家营
多		to1	to1	to1	to1	to1	to1	to1
他		tʰa1	tʰa1	tʰa1	tʰa1	tʰa1	tʰa1	tʰa1
罗		lo2	lo2	lo2	lo2	lo2	lo2	lo2
哥		kɤ1	kɤ1	ko1	ko1	ko1	ko1	ko1
河		xɤ2	xɤ2	xo2	xo2	xo2	xo2	xo2
左		tsʮo3	tso3	tso3	tso3	tso3	tso3	tso3
我		ŋɤ3	uo3	ŋo3	ŋo3	ŋo3	ŋo3	ŋo3
大		ta5	ta5	tʰæ6	ta5	ta5	ta6	ta5
个		kɤ5	kɤ5	ko5	ko5	ko5	ko5	ko5/kɤ5
饿		ŋɤ5	ɤ5	ŋo6	uo5	uo5	ŋo6	ŋo5
贺		xo1	xɤ5	xo6	xo5	xo5	xo6	xo5
波		po1	po1	po1	po1	po1	po1	po1
锅		ko1	ko1	ko1	ko1	ko1	ko1/uo1	ko1
窝		uo1	uo1	uo1	uo1	uo1	uo1	uo1
躲		to3	to3	to3	to3	to3	to3	to3
坐		tsʮo5	tso5	tso6	tso5	tso5	tso6	tso5
锁		sʮo3	so3	so3	so3	so3	so3	so3
果		ko3	ko3	ko3	ko3	ko3	ko3	ko3
火		xo3	xo3	xo3	xo3	xo3	xo3	xo3
祸		xo5	xo5	xo6	xo5	xo5	xo6	xo5
破		pʰo5	pʰo5	pʰo5	pʰo5	pʰo5	pʰo5	pʰo5
靴		ɕye1	ɕye1	ʂʯe1	ɕye1	ʂʯe1	ʂʯe1	ʂʯe1/ɕye1
爬		pʰa2	pʰa2	pʰa2	pʰa2	pʰa2	pʰa2	pʰa2
拿		na2	la2	la2	la2	la2	la2	la2
茶		tsʰa2	tsʰa2	tsʰa2	tsʰa2	tʂʰa2	tʂʰa2	tʂʰa2
沙		sa1	sa1	sa1	sa1	ʂa1	ʂa1	ʂa1
家		tɕia1	tɕia1	tɕia1	tɕia1	tɕia1	tɕia1	tɕia1
牙		ia2	ia2	ŋa2	ia2	ia2	ŋa2-/ia2=	ia2
马		ma3	ma3	ma3	ma3	ma3	ma3	ma3
洒		sa3	sa3	sa3	sa3	sa3	sa3	sa3
假	真假	tɕia3	tɕia3	tɕia3	tɕia3	tɕia3	tɕia3	tɕia3
哑		ia3	ia3	ŋa3	ia3	ia3	ŋa3-/ia3=	ia3
怕		pʰa5	pʰa5	pʰa5	pʰa5	pʰa5	pʰa5	pʰa5
榨		tsa5	tsa5	tsa5	tsa5	tʂa5	tʂa5	tʂa5
架		tɕia5	tɕia5	tɕia5	tɕia5	tɕia5	tɕia5	tɕia5
嫁		tɕia5	tɕia5	tɕia5	tɕia5	tɕia5	tɕia5	tɕia5
下	下山	ɕia5	ɕia5	xa6	ɕia5	ɕia5	xa6-/ɕia6=	ɕia5
斜		ɕie2	ɕie2	ɕie2	ɕie2	ɕie2	ɕie2	ɕie2
车		tʂʰɤ1	tsʰɤ1	tsʰe1	tsʰe1	tʂʰe1	tʂʰe1	tʂʰe1
蛇		ʂɤ2	sɤ2	sa2-/se2=	se2	ʂe2	ʂe2	ʂe2
姐		tɕie3	tɕie3	tɕie3	tɕie3	tɕie3	tɕie3	tɕie3
舍		ʂɤ3	sɤ3	se3	se3	ʂe3	ʂe3	ʂe3
惹		ʐɤ3	zɤ3	ze3	ze3	ʯe3	ʯe3	ʯe3/ʐe3
借	借钱	tɕie5	tɕie5	tɕia5	tɕie5	tɕie5	tɕie5	tɕie5
谢		ɕie5	ɕie5	ɕie6	ɕie5	ɕie5	ɕie6	ɕie5
夜		ie5	ie5	ia6	ie5	ie5	ie6	ie5
瓜		kua1	kua1	kua1	kua1	kua1	kua1	kua1
花		xua1	xua1	xua1	xua1	xua1	xua1	xua1
划	划船	xua2	xua2	xua2	xua2	xua2	xua2	xua2
傻		sa3	sa3	sa3	xa3-/sa3=	ʂa3	ʂa3/sa3	ʂa3
瓦		ua3	ua3	ua3	ua3	ua3	ua3	ua3
图		tʰəu2	tʰu2	tʰəu2	tʰu2	tʰəu2	tʰəu2	tʰəu2
奴		nəu2	lu2	ləu2	lu2	ləu2	ləu2	ləu2
炉		ləu2	lu2	ləu2	lu2	ləu2	ləu2	ləu2
粗		tsʰəu1	tsʰu1	tsʰəu1	tsʰu1	tsʰəu1	tsʰəu1	tsʰəu1
苏		səu1	su1	səu1	su1	səu1	səu1	səu1
吴		u2	u2	u2	u2	u2	u2	u2
胡		xu2	xu2	xu2	fu2	xu2	xu2	xu2
补		pu3	pu3	pu3	pu3	pu3	pu3	pu3
簿		pu5	pu5	pu6	pu5	pu5	pu6	pu5
赌		təu3	tu3	təu3	tu3	təu3	təu3	təu3
土		tʰəu3	tʰu3	tʰəu3	tʰu3	tʰəu3	tʰəu3	tʰəu3
杜		təu5	tu5	tʰəu6	tu5	təu5	təu6	təu5
祖		tsəu3	tsu3	tsəu3	tsu3	tsəu3	tsəu3	tsəu3
古		ku3	ku3	ku3	ku3	ku3	ku3	ku3
苦		kʰu3	kʰu3	kʰu3	kʰu3	kʰu3	kʰu3	kʰu3
五		u3	u3	u3	u3	u3	u3	u3
虎		xu3	xu3	xu3	fu3	xu3	xu3	xu3
布	布匹	pu5	pu5	pu5	pu5	pu5	pu5	pu5
步		pu5	pu5	pu6	pu5	pu5	pu6	pu5
度		təu5	tu5	tʰəu6	tu5	təu5	təu6	təu5
怒		nəu5	ləu5	ləu6	lu5	ləu5	ləu6	ləu5
路		ləu5	ləu5	ləu6	lu5	ləu5	ləu6	ləu5
做		tsəu5	tsəu5	tsəu5	tso5	tsəu5	tsəu5	tsəu5
醋		tsʰəu5	tsʰu5	tsʰəu5	tsʰu5	tsʰəu5	tsʰəu5	tsʰəu5
裤		kʰu5	kʰu5	kʰu5	kʰu5	kʰu5	kʰu5	kʰu5
驴		ly2/y2	ly2	ləu1	lu2	ly2	li2	li2
蛆		tɕʰy1	tɕʰy1	tsʰei1	tɕʰy1	tɕʰi1	tɕʰi1	tɕʰi1-/tɕʰy1=
徐		ɕy2	ɕy2	sei2	ɕy2	ɕi2	ɕi2	ɕi2-/ɕy2=
猪		tsʮ1	tsu1	tʂʯ1	tsu1	tʂʯ1	tʂʯ1	tʂʯ1
除		tsʰʮ2	tsʰu2	tʂʰʯ2	tsʰu2	tʂʰʯ2	tʂʰʯ2	tʂʰʯ2
初		tsʰəu1	tsʰu1	tsʰəu1	tsʰu1	tsʰəu1	tsʰəu	tʂʰəu1
锄		tsʰəu2	tsʰu2	tsʰəu2	tsʰu2	tʂʰəu2	tʂʰəu2	tʂʰəu2
梳		səu1	su1	səu1	su1	səu1	səu1	ʂəu1
书		sʮ1	su1	ʂʯ1	su1	ʂʯ1	ʂʯ1	ʂʯ1
如		zʮ2	zu2	ʯ2	zu2	ʯ2	ʯ2	ʯ2
渠		tɕʰy2	tɕʰy2	tʂʰʯ2	tɕʰy2	tʂʰʯ2	tʂʰʯ2	tʂʰʯ2-/tɕʰy2=
鱼		y2	y2	ʯ2	y2	ʯ2	ʯ2	ʯ2-/y2=
虚		ɕy1	ɕy1	ʂʯ1	ɕy1	ʂʯ1	ʂʯ1	ʂʯ1-/ɕy1=
女		ȵy3	ly3	ɳʯ3	ly3	ɳʯ3	ɳʯ3	ɳʯ3-/ȵy3=
吕		ly3/y3	ly3	ʯ3	ly3	ʯ3	ʯ3	y3
旅		ly3	ly3	lei3	ly3	li3	li3	li3
所		sʮo3	so3	so3	so3	so3	so3	so3
煮		tsʮ3	tsu3	tʂʯ3	tsu3	tʂʯ3	tʂʯ3	tʂʯ3
暑		sʮ3	su3	ʂʯ3	su3	ʂʯ3	ʂʯ3	ʂʯ3
鼠		sʮ3	su3	ʂʯ3	su3	ʂʯ3	ʂʯ3	ʂʯ3
举		tɕy3	tɕy3	tʂʯ3	tɕy3	tʂʯ3	tʂʯ3	tʂəu3
巨		tɕy5	tɕy5	tʂʯ5	tɕy5	tʂʯ5	tʂʯ6	tɕy5
语		y3	y3	ʯ3	y3	ʯ3	ʯ3	ʯ3
许		ɕy3	ɕy3	ʂʯ3	ɕy3	ʂʯ3	ʂʯ3	ʂʯ3-/ɕy3=
滤		ly3	ly5	lei6	ly5	li5	li6	li5
助		tsʰəu5	tsu5	tsʰəu5	tsu5	tsʰəu5	tsʰəu5	tʂəu5
锯		tɕy5	tɕy5	tʂʯ5	tɕy5	tʂʯ5	tʂʯ5	tʂʯ5
去		tɕʰy5	tɕʰy5~年/kʰɯ5~哪儿	tʂʰʯ5~年/tɕʰi5~哪儿	tɕʰy5~年/tɕʰie5~哪儿	tʂʰʯ5~年/tɕʰi5~哪儿	tʂʰʯ5~年/tɕʰi5~哪儿	tʂʰʯ5~年/kʰɯ5~哪儿
扶		fu2	fu2	fu2	fu2	fu2	fu2	fu2
须	必须	ɕy1	ɕy1	ʂʯ1	ɕy1	ɕi1	ɕi1	ɕy1
厨		tsʰʮ2	tsʰu2	tʂʰʯ2	tsʰu2	tʂʰʯ2	tʂʰʯ2	tʂʰʯ2
输	输赢	sʮ1	zu1	ʯ1	su1	ʯ1	ʯ1	ʯ1
区		tɕʰy1	tɕʰy1	tʂʰʯ1	tɕʰy1	tʂʰʯ1	tʂʰʯ1	tʂʰʯ1
斧		fu3	fu3	fu3	fu3	̶	fu3	fu3
武		u3	u3	u3	u3	u3	u3	u3
取		tɕʰy3	tɕʰy3	tsʰei3/tɕʰi3	tɕʰy3	tʂʰʯ3	tɕʰi3	tʂʰʯ3
娶		tɕʰy3/ɕy3	tɕʰy3	tsʰei3/tɕʰi3	tɕʰy3	tʂʰʯ3	tɕʰi3	tʂʰʯ3
聚		tɕy5	tɕy5	tʂʯ5	tɕy5	tʂʯ5	tɕi6/tʂʯ6	tʂʯ5
柱		tsʮ5	tsu5	tʂʰʯ6	tsu5	tʂʯ5	tʂʯ6	tʂʯ5
数	数钱	səu3	su3	səu3	su3	səu3	səu3	səu3
主		tsʮ3	tsu3	tʂʯ3	tsu3	tʂʯ3	tʂʯ3	tʂʯ3
竖		sʮ5	su5	ʂʯ6	su5	ʂʯ5	ʂʯ6	ʂʯ5
雨		y3	y3	ʯ3	y3	ʯ3	ʯ3	ʯ3-/y3=
雾		u5	u5	u5	u5	u5	u5	u5
趣		tɕʰy5	tɕʰy5	tʂʰʯ5	tɕʰy5	tʂʰʯ5	tɕʰi5	tʂʰʯ5-/tɕʰy5=
住		tsʮ5	tsu5	tʂʰʯ6	tsu5	tʂʯ5	tʂʯ6	tʂʯ5
数	数目	səu5	su5	səu5	su5	səu5	səu5	səu5
注	注意	tsʮ5	tsu5	tʂʯ5	tsu5	tʂʯ5	tʂʯ5	tʂʯ5
输	运输	sʮ1	su1	ʂʯ1	su1	ʂʯ1	ʂʯ1	ʂʯ1
树		sʮ5	su5	ʂʯ6	su5	ʂʯ5	ʂʯ6	ʂʯ5
句		tɕy5	tɕy5	tʂʯ5	tɕy5	tʂʯ5	tʂʯ5	tɕy5
具		tɕy5	tɕy5	tʂʯ5	tɕy5	tʂʯ5	tʂʯ5	tʂʯ5-/tɕy5=
遇		y5	y5	ʯ5	y5	ʯ5	ʯ6	ʯ5-/y5=
芋		y5	y5	ʯ5	y5	ʯ5	ʯ5	ʯ5-/y5=
抬		tʰæ2	tʰæ2	tʰæ2	tʰai2	tʰai2	tʰæ2	tʰai2
来		læ2	læ2	læ2	lai2	lai2	læ2	lai2
栽		tsæ1	tsæ1	tsæ1	tsai1	tsai1	tsæ1	tsai1
财		tsʰæ2	tsʰæ2	tsʰæ2	tsʰai2	tsʰai2	tsʰæ2	tsʰai2
开		kʰæ1	kʰæ1	kʰæ1	kʰai1	kʰai1	kʰæ1	kʰai1
待		tæ5	tæ5	tʰæ6	tai5	tai5	tæ6	tai5
在		tsæ5	tsæ5	tsʰæ6	tsai5	tsai5	tsæ6	tsai5
改		kæ3	kæ3	kæ3	kai3	kai3	kæ3	kai3
袋		tæ5	tæ5	tʰæ6	tai5	tai5	tæ6	tai5
菜		tsʰæ5	tsʰæ5	tsʰæ5	tsʰai5	tsʰai5	tsʰæ5	tsʰai5
咳		kʰɤ1	kʰɤ2	kʰa3	kʰe2	kʰa3-/kʰe2=	kʰa3/kʰe2	kʰe2
爱		ŋæ5	æ5	ŋæ5	ŋai5	ŋai5	ŋæ5	ŋai5
贝		pei5	pei5	pei5	pei5	pei5	pi6-/pei6=	pei5
太		tʰæ5	tʰæ5	tʰæ5	tʰai5	tʰai5	tʰæ5	tʰai5
赖		læ5	læ5	læ6	lai5	lai5	læ6	lai5
蔡		tsʰæ5	tsʰæ5	tsʰæ5	tsʰai5	tsʰai5	tsʰæ5	tsʰai5
盖		kæ5	kæ5	kæ5	kai5	kai5	kæ5	kai5
艾		ŋæ5	æ5	ŋæ6	ŋai5	ŋai5	ŋæ6	ŋai5
害		xæ5	xæ5	xæ6	xai5	xai5	xæ6	xai5
排		pʰæ2	pʰæ2	pʰæ2	pʰai2	pʰai2	pʰæ2	pʰai2
埋		mæ2	mæ2	mæ2	mai2	mai2	mæ2	mai2
阶		tɕie1	kæ1	kæ1	tɕiai1	kai1-/tɕiai1=	kæ1	kai1
介		tɕie5	kæ5	kæ5	tɕiai5	tɕiai5	kæ5	kai5-/tɕie5=
械		tɕie5	kæ5	kæ5	tɕiai5	tɕiai5	kæ5	tɕie5
牌		pʰæ2	pʰæ2	pʰæ2	pʰai2	pʰai2	pʰæ2	pʰai2
柴		tsʰæ2	tsʰæ2	tsʰæ2	tsʰai2	tʂʰai2	tʂʰæ2	tʂʰai2
筛		sæ1	sæ1	sæ1	sai1	ʂai1	ʂæ1	ʂai1
街		kæ1	kæ1	kæ1	kai1	kai1	kæ1	kai1
挨	挨打	ŋæ2	æ2	ŋæ2	ŋai2	ŋai2	ŋæ2	ŋai2
鞋		xæ2	xæ2	xæ2	xai2	xai2	xæ2	xai2
摆		pæ3	pæ3	pæ3	pai3	pai3	pæ3	pai3
买		mæ3	mæ3	mæ3	mai3	mai3	mæ3	mai3
奶		næ3	læ3	læ3	lai3	lai3	læ2	lai3
解	解开	kæ3-/tɕie3=	kæ3	kæ3	kai3	kai3-/tɕiai3=	kæ3	kai3
蟹		xæ3	xæ3	xæ3	xai3	xai3	xæ3	xai3
矮		ŋæ3	æ3	ŋæ3	ŋai3	ŋai3	ŋæ3	ŋai3
卖		mæ5	mæ5	mæ6	mai5	mai5	mæ6	mai5
债		tsæ5	tsæ5	tsæ5	tsai5	tʂai5	tsæ5	tʂai5
晒		sæ5	sæ5	sæ5	sai5	ʂai5	ʂæ5	ʂai5
败		pæ5	pæ5	pʰæ6	pai5	pai5	pæ6	pai5
币		pi1	pi5	pi5	pi5	pi5	pi6	pi5
厉		li5	li5	lei6	li5	li5	li6	li5
制	制造	tʂʅ5	tsɿ5	tsɿ5	tsɿ5	tʂʅ5	tʂʅ5	tʂʅ5
世		ʂʅ5	sɿ5	sɿ5	sɿ5	ʂʅ5	ʂʅ5	ʂʅ5
艺		i5	i5	ȵi5	li5	i5	ȵi6	i5
批		pʰi1	pʰei1	pʰei1	pʰei1	pʰi1	pʰi1	pʰei1
低		tɕi1	ti1	tei1	ti1	ti1	ti1	ti1
梯		tɕʰi1	tʰi1	tʰei1	tʰi1	tʰi1	tʰi1	tʰi1
泥		ȵi2	li2	ȵi2	li2	li2	ȵi2	ȵi2
犁		li2	li2	lei2	li2	li2	li2	li2
齐		tɕʰi2	tɕʰi2	tsʰei2	tɕʰi2	tɕʰi2	tɕʰi2	tɕʰi2
鸡		tɕi1	tɕi1	tɕi1	tɕi1	tɕi1	tɕi1	tɕi1
溪		ɕi1小溪/tɕʰi1地名	ɕi1小溪/tɕʰi1地名	ɕi1小溪/tɕʰi1地名	ɕi1小溪/tɕʰi1地名	ɕi1小溪/tɕʰi1地名	ɕi1小溪/tɕʰi1地名	ɕi1小溪/tɕʰi1地名
米		mi3	mi3	mei3	mi3	mi3	mi3	mi3
底		tɕi3	ti3	tei3	ti3	ti3	ti3	ti3
体		tɕʰi3	tʰi3	tʰei3	tʰi3	tʰi3	tʰi3	tʰi3
弟		tɕi5	ti5	tʰei6	ti5	ti5	ti6	ti5
礼		li3	li3	lei3	li3	li3	li3	li3
挤		tɕi3	tɕi3	tsei3	tɕi3	tɕi3	tɕi3	tɕi3
洗		ɕi3	ɕi3	sei3	ɕi3	ɕi3	ɕi3	ɕi3
闭		pi5	pi5	pei5	pi5	pi5	pi5	pi5
帝		tɕi5	ti5	ti5	ti5	ti5	ti5	ti5
第		tɕi5	ti5	tʰei6	ti5	ti5	ti6	ti5
细		ɕi5	ɕi5	sei5	ɕi5	ɕi5	ɕi5	ɕi5
杯		pʰei1	pei1	pei1	pei1	pei1	pei1	pei1
赔		pʰei2	pʰei2	pʰei2	pʰei2	pʰei2	pʰei2	pʰei2
煤		mei2	mei2	mei2	mei2	mei2	mi2-/mei2=	mei2
堆		tei1/tuei1	tei1	tei1	tuei1	tei1	tei1	tei1
推		tʰuei1	tʰei1	tʰei1	tʰuei1	tʰei1	tʰei1	tʰei1
雷		lei2	lei2	lei2	luei2	lei2	li2-/lei2=	lei2
催		tsʰʮei1	tsʰuei1	tsʰei1	tsʰuei1	tsʰei1	tɕʰi1	tsʰei1
灰		xuei1	xuei1	xuei1	xuei1	xuei1	xuei1	xuei1
回		xuei2	xuei2	xuei2	xuei2	xuei2	xuei2	xuei2
腿		tʰuei3	tʰei3	tʰei3	tʰuei3	tʰei3	tʰi3-/tʰei3=	tʰei3
罪		tsʮei5	tsei5	tsei6	tsuei5	tsei5	tɕi6	tsei5
背	脊背	pei5	pei5	pei5	pei5	pei5	pei5	pei5
妹		mei5	mei5	mei6	mei5	mei5	mei6	mei5
对		tuei5	tei5	tei5	tuei5	tei5	ti5-/tei5=	tei5
退		tʰuei5	tʰei5	tʰei5	tʰuei5	tʰei5	tʰi5	tʰei5
内		nuei5	lei5	lei6	luei5	lei5	li6	lei5
累	劳累	luei5	lei5	lei6	luei5	lei5	li6	lei5
碎		tsʰʮei5	sei5/suei5	sei5	suei5	sei5	tɕʰi5	sei5/suei5
最		tsʮei5	tsuei5	tsei5	tsuei5	tsei5	tɕi5	tsei5/tsuei5
外		uæ5	uæ5	uæ6	uai5	uai5	uæ6	uai5
会	开会	xuei5	xuei5	xuei6	xuei5	xuei5	xuei6	xuei5
怀		xuæ2	xuæ2	xuæ2	xuai2	xuai2	xuæ2	xuai2
怪		kuæ5	kuæ5	kuæ5	kuai5	kuai5	kuæ5	kuai5
坏		xuæ5	xuæ5	xuæ6	xuai5	xuai5	xuæ6	xuai5
挂		kua5	kua5	kua5	kua5	kua5	kua5	kua5
快		kʰuæ5	kʰuæ5	kʰuæ5	kʰuai5	kʰuai5	kʰuæ5	kʰuai5
话		xua5	xua5	xua6	xua5	xua5	xua6	xua5
脆		tsʰʮei5	tsʰuei5	tsʰei5	tsʰuei5	tsʰei5	tɕʰi5	tsʰei5
岁		sʮei5	sei5/suei5	sei5	suei5	sei5	ɕi5	sei5
税		sʮei5	suei5	ʂʯei5	suei5	ʂʯei5	ʂʯei5	ʂʯei5
肺		fei5	fei5	fei5	fei5	xuei5	fei5	fei5
桂		kuei5	kuei5	kuei5	kuei5	kuei5	kuei5	kuei5
碑		pi1	pei1	pei1	pei1	pei1	pei1	pei1
披		pʰei1	pʰei1	pʰei1	pʰei1	pʰei1	pʰi1/pʰei1	pʰei1
皮		pʰi2	pʰi2	pʰei2	pʰi2	pʰi2	pʰi2	pʰi2
撕		sɿ1	sɿ1	sɿ1	sɿ1	sɿ1	sɿ1	sɿ1
知		tʂʅ1	tsɿ1	tsɿ1	tsɿ1	tʂʅ1	tʂʅ1	tʂʅ1
池		tʂʰʅ2	tsʰɿ2	tsʰɿ2	tsʰɿ2	tʂʰʅ2	tʂʰʅ2	tʂʰʅ2
支		tsɿ1	tsɿ1	tsɿ1	tsɿ1	tʂʅ1	tʂʅ1	tʂʅ1
儿		ɚ2	ɚ2	ɚ2	ɚ2	ɚ2	ɚ2	ɚ2
骑		tɕʰi2	tɕʰi2	tɕʰi2	tɕʰi2	tɕʰi2	tɕʰi2	tɕʰi2
被	被子	pei5	pei5	pʰei6	pei5	pei5	pi6	pei5
纸		tsɿ3	tsɿ3	tsɿ3	tsɿ3	tʂʅ3	tʂʅ3	tʂʅ3
是		sɿ5	sɿ5	sɿ6	sɿ5	ʂʅ5	ʂʅ6	ʂʅ5
蚁		i5	i5	ȵi3	li3	li5	ȵi3	ȵi5
椅		i3	i3	i3	i3	i3	i3	i3
离	离开	li5	li2	lei6	li2	li2	li2	li2
刺		tsʰɿ5	tsʰɿ5	tsʰɿ5	tsʰɿ5	tsʰɿ5	tsʰɿ5	tsʰɿ5
翅		tsʰɿ5	tsʰɿ5	tsʰɿ5	tsɿ5	tʂʅ5	tʂʅ5/tʂʰʅ5	tʂʰʅ5
易	难易	i5	i5	i6	i5	i5	i6	i5
眉		mi2	mei2	mei2	mi2	mi2	mi2	mi2/mei2
梨		li2	li2	lei2	li2	li2	li2	li2
瓷		tsʰɿ2	tsʰɿ2	tsʰɿ2	tsʰɿ2	tsʰɿ2	tsʰɿ2	tsʰɿ2
迟		tʂʰʅ2	tsʰɿ2	tsʰɿ2	tsʰɿ2	tʂʰʅ2	tʂʰʅ2	tʂʰʅ2
师		sɿ1	sɿ1	sɿ1	sɿ1	sɿ1	sɿ1	ʂʅ1
狮		sɿ1	sɿ1	sɿ1	sɿ1	sɿ1	sɿ1	ʂʅ1
姨		i2	i2	i2	i2	i2	i2	i2
比	比较	pi3	pi3	pei3	pi3	pi3	pi3	pi3
死		sɿ3	sɿ3	sɿ3	sɿ3	sɿ3	sɿ3	sɿ3
屎		sɿ3	sɿ3	sɿ3	sɿ3	ʂʅ3	ʂʅ3	ʂʅ3
屁		pʰi5	pʰi5	pʰei5	pʰi5	pʰi5	pʰi5	pʰi5
鼻		pi2	pi2	pʰei6	pi2	pi2	pi2	pi2
地		tɕi5	ti5	tʰei6	ti5	ti5	ti6	ti5
次		tsʰɿ5	tsʰɿ5	tsʰɿ5	tsʰɿ5	tsʰɿ5	tsʰɿ5	tsʰɿ5
自		tsɿ5	tsɿ5	tsɿ5	tsɿ5	tsɿ5	tsɿ6	tsɿ5
四		sɿ5	sɿ5	sɿ5	sɿ5	sɿ5	sɿ5	sɿ5
视		sɿ5	sɿ5	sɿ5	sɿ5	ʂʅ5	ʂʅ5	ʂʅ5
二		ɚ5	ɚ5	ɚ5	ɚ5	ɚ5	ɚ6	ɚ5
器		tɕʰi5	tɕʰi5	tɕʰi5	tɕʰi5	tɕʰi5	tɕʰi5	tɕʰi5
丝		sɿ1	sɿ1	sɿ1	sɿ1	sɿ1	sɿ1	sɿ1
词		tsʰɿ2	tsʰɿ2	tsʰɿ2	tsʰɿ2	tsʰɿ2	tsʰɿ2	tsʰɿ2
芝		tsɿ1	tsɿ1	tsɿ1	tsɿ1	tʂʅ1	tʂʅ1	tʂʅ1
时		sɿ2	sɿ2	sɿ2	sɿ2	ʂʅ2	ʂʅ2	ʂʅ2
欺		tɕʰi1	tɕʰi1	tɕʰi1	tɕʰi1	tɕʰi1	tɕʰi1	tɕʰi1
医		i1	i1	i1	i1	i1	i1	i1
你		ȵi3	li3	n̩3-/ȵi3=	li3	li3	n̩3-/ȵi3=	ȵi3
李		li3	li3	lei3	li3	li3	li3	li3
子		tsɿ3	tsɿ3	tsɿ3	tsɿ3	tsɿ3	tsɿ3	tsɿ3
痔		tsɿ5	tsɿ5	tsɿ5	tsɿ5	tʂʅ5	tʂʅ6	tʂʅ5
柿		sɿ5	sɿ5	sɿ6	sɿ5	ʂʅ5	tsɿ6	ʂʅ5
齿		tsʰɿ3	tsʰɿ3	tsʰɿ3	tsʰɿ3	tʂʰʅ3	tʂʰʅ3	tʂʰʅ3
市		sɿ5	sɿ5	sɿ5	sɿ5	ʂʅ5	ʂʅ5	ʂʅ5
耳		ɚ3	ɚ3	ɚ3	ɚ3	ɚ3	ɚ3	ɚ3
起		tɕʰi3	tɕʰi3	tɕʰi3	tɕʰi3	tɕʰi3	tɕʰi3	tɕʰi3
喜		ɕi3	ɕi3	ɕi3	ɕi3	ɕi3	ɕi3	ɕi3
已		i3	i3	i3	i3	i3	i3	i3
字		tsɿ5	tsɿ5	tsɿ6	tsɿ5	tsɿ5	tsɿ6	tsɿ5
寺		sɿ5	sɿ5	sɿ6	sɿ5	sɿ5	sɿ6	ʂʅ5
饲		tsʰɿ2	tsʰɿ2	tsʰɿ2	sɿ5	tsʰɿ2	tsʰɿ2	tsʰɿ2
治		tʂʅ5	tsɿ5	tsɿ5	tsɿ5	tʂʅ5	tʂʅ5	tʂʅ5
事		sɿ5	sɿ5	sɿ6	sɿ5	sɿ5	sɿ6	ʂʅ5
痣		tsɿ5	tsɿ5	tsɿ5	tsɿ5	tʂʅ5	tʂʅ5	tʂʅ5
试		ʂʅ5	sɿ5	sɿ5	sɿ5	ʂʅ5	ʂʅ5	ʂʅ5
记		tɕi5	tɕi5	tɕi5	tɕi5	tɕi5	tɕi5	tɕi5
机		tɕi1	tɕi1	tɕi1	tɕi1	tɕi1	tɕi1	tɕi1
稀		ɕi1	ɕi1	ɕi1	ɕi1	ɕi1	ɕi1	ɕi1
衣		i1	i1	i1	i1	i1	i1	i1
几	几个	tɕi3	tɕi3	tɕi3	tɕi3	tɕi3	tɕi3	tɕi3
气		tɕʰi5	tɕʰi5	tɕʰi5	tɕʰi5	tɕʰi5	tɕʰi5	tɕʰi5
随		sʮei2	suei2/sei2	sei2	suei2	sei2	ɕi2	sei2
吹		tsʰʮei1	tsʰuei1	tʂʰʯei1	tsʰuei1	tʂʰʯei1	tʂʰʯei1	tʂʰʯei1
垂		tsʰʮei2	tsʰuei2	tʂʰʯei2	tsʰuei2	tʂʰʯei2	tʂʰʯei2	tʂʰʯei2
亏		kʰuei1	kʰuei1	kʰuei1	kʰuei1	kʰuei1	kʰuei1	kʰuei1
危		uei2	uei1	uei2	uei1	uei2	uei2	uei3
嘴		tsʮei3	tsuei3	tsei3	tsuei3	tsei3	tɕi3	tsei3
跪		kuei5	kuei5	kʰuei3	kuei5	kuei5	kuei6	kuei5
毁		xuei3	xuei3	xuei3	xuei3	xuei3	xuei3	xuei3
睡		sʮei5	sei5	ʂʯei5	suei5	ʂʯei5	ʂʯei5	ʂei5/ʂʯei5
瑞		zʮei5	suei5/zuei5	ʂʯei5	zuei5	ʯei5	ʂʯei5	ʯei5
喂		uei5	uei5	uei5	uei5	uei5	uei5	uei5
虽		sʮei1	suei1	sei1	suei1	sei1	ɕi2	sei1
追		tsʮei1	tsuei1	tʂʯei1	tsuei1	tʂʯei1	tʂʯei1	tʂʯei1
锤		tsʰʮei2	tsʰuei2	tʂʰʯei2	tsʰuei2	tʂʰʯei2	tʂʰʯei2	tʂʰʯei2
锥		tsʮei1	tsuei1	tʂʯei1	tsuei1	tʂʯei1	tʂʯei1	tʂʯei1
龟		kuei1	kuei1	kuei1	kuei1	kuei1	kuei1	kuei1
葵		kʰuei2	kʰuei2	kʰuei2	kʰuei2	kʰuei2	kʰuei2	kʰuei2
水		sʮei3	sei3	ʂʯei3	suei3	ʂʯei3	ʂʯei3	ʂʯei3
泪		luei5	lei5	lei6	luei5	lei5	lei6	lei5
醉		tsʮei5	tsuei5	tsei5	tsuei5	tsei5	tɕi5	tsei5
帅		sʮæ5	suæ5	ʂʯæ5	suai5	ʂʯai5	ʂʯæ5	ʂʯai5
柜		kuei5	kuei5	kʰuei6	kuei5	kuei5	kuei6	kuei5
位		uei5	uei5	uei6	uei5	uei5	uei6	uei5
飞		fei1	fei1	fei1	fei1	xuei1	fei1	fei1
肥		fei2	fei2	fei2	fei2	xuei2	fei2	fei2
围		uei2	uei2	uei2	uei2	uei2	uei2	uei2
尾		uei3	i3-/uei3=	uei3	uei3	uei3	uei3	i3
鬼		kuei3	kuei3	kuei3	kuei3	kuei3	kuei3	kuei3
痱		fei5	fei5	fei5	fei5	xuei5	fei5	fei5
味		uei5	uei5	uei6	uei5	uei5	uei6	uei5
贵		kuei5	kuei5	kuei5	kuei5	kuei5	kuei5	kuei5
魏		uei5	uei5	uei6	uei5	uei5	uei6	uei5
胃		uei5	uei5	uei6	uei5	uei5	uei6	uei5
毛		mau2	mau2	mau2	mau2	mau2	mau2	mau2
刀		tau1	tau1	tau1	tau1	tau1	tau1	tau1
桃		tʰau2	tʰau2	tʰau2	tʰau2	tʰau2	tʰau2	tʰau2
劳		lau2	lau2	lau2	lau2	lau2	lau2	lau2
糟		tsau1	tsau1	tsau1	tsau1	tsau1	tsau1	tsau1
曹		tsʰau2	tsʰau2	tsʰau2	tsʰau2	tsʰau2	tsʰau2	tsʰau2
高		kau1	kau1	kau1	kau1	kau1	kau1	kau1
熬		ŋau2	au2	ŋau2	ŋau2	ŋau2	ŋau2	ŋau2
薅		xau1	xau1	xau1	xau1	xau1	xau1	xau1
宝		pau3	pau3	pau3	pau3	pau3	pau3	pau3
抱		pau5	pau5	pʰau6	pau5	pau5	pau6	pau5
稻		tau5	tau5	tʰau6	tau5	tau5	tau6	tau5
脑		nau3	lau3	lau3	lau3	lau3	lau3	lau3
老		lau3	lau3	lau3	lau3	lau3	lau3	lau3
早		tsau3	tsau3	tsau3	tsau3	tsau3	tsau3	tsau3
草		tsʰau3	tsʰau3	tsʰau3	tsʰau3	tsʰau3	tsʰau3	tsʰau3
造	建造	tsau5	tsau5	tsʰau5	tsʰau5	tsʰau5	tsʰau5	tsʰau5
烤		kʰau3	kʰau3	kʰau3	kʰau3	kʰau3	kʰau3	kʰau3
好	好坏	xau3	xau3	xau3	xau3	xau3	xau3	xau3
袄		ŋau3	au3	ŋau3	ŋau3	ŋau3	ŋau3	ŋau3
报		pau5	pau5	pau5	pau5	pau5	pau5	pau5
帽		mau5	mau5	mau6	mau5	mau5	mau6	mau5
到		tau5	tau5	tau5	tau5	tau5	tau5	tau5
灶		tsau5	tsau5	tsau5	tsau5	tsau5	tsau5	tsau5
靠		kʰau5	kʰau5	kʰau5	kʰau5	kʰau5	kʰau5	kʰau5
号	号码	xau5	xau5	xau6	xau5	xau5	xau6	xau5
包		pau1	pau1	pau1	pau1	pau1	pau1	pau1
跑		pʰau3	pʰau3	pʰau3	pʰau3	pʰau3	pʰau3	pʰau2
猫		mau2	mau1	mau1	mau1	mau1	mau1	mau1
抓		tsʮa1	tsua1	tʂʯa1	tsua1	tʂʯa1	tʂʯa1	tʂʯa1
交		tɕiau1	tɕiau1	tɕiau1	tɕiau1	tɕiau1	tɕiau1	tɕiau1
敲		tɕʰiau1	tɕʰiau1	tɕʰiau1	kʰau1	tɕʰiau1	tɕʰiau1	tɕʰiau1
饱		pau3	pau3	pau3	pau3	pau3	pau3	pau3
炒		tsʰau3	tsʰau3	tsʰau3	tsʰau3	tʂʰau3	tʂʰau	tʂʰau3
咬		ȵiau3	iau3	ŋau3	ŋau3	ŋau3	ŋau3/ȵiau3	ȵiau3
闹		nau5	lau5	lau6	lau5	lau5	lau6	lau5
罩		tsau5	tsau5	tsau5	tsau5	tʂau5	tʂau5	tʂau5
潲	猪潲	sau5	—	sau5	sau5	sau5	sau5	sau5
窖		tɕiau5	tɕiau5	kau5	kau5	kau5	kau5-/tɕiau5=	kau5
觉	睡觉	tɕiau5	tɕiau5	—	tɕiau5	tɕiau5	tɕiau5	kau5-/tɕiau5=
孝		ɕiau5	ɕiau5	ɕiau5	ɕiau5	ɕiau5	ɕiau5	ɕiau5
瓢		pʰiau2	pʰiau2	pʰiau2	pʰiau2	pʰiau2	pʰiau2	pʰiau2
苗		miau2	miau2	miau2	miau2	miau2	miau2	miau2
焦		tɕiau1	tɕiau1	tɕiau1	tɕiau1	tɕiau1	tɕiau1	tɕiau1
消		ɕiau1	ɕiau1	ɕiau1	ɕiau1	ɕiau1	ɕiau1	ɕiau1
超		tʂʰau1	tsʰau1	tsʰau1	tsʰau1	tʂʰau1	tʂʰau1	tʂʰau1
朝	朝代	tʂʰau2	tsʰau2	tsʰau2	tsʰau2	tʂʰau2	tʂʰau2	tʂʰau2
招		tʂau1	tsau1	tsau1	tsau1	tʂau1	tʂau1	tʂau1
烧		ʂau1	sau1	sau1	sau1	ʂau1	ʂau1	ʂau1
饶		ʐau2	zau2	zau2	zau2	ʐau2	ʐau2	ʐau2
桥		tɕʰiau2	tɕʰiau2	tɕʰiau2	tɕʰiau2	tɕʰiau2	tɕʰiau2	tɕʰiau2
腰		iau1	iau1	iau1	iau1	iau1	iau1	iau1
摇		iau2	iau2	iau2	iau2	iau2	iau2	iau2
表	外表	piau3	piau3	piau3	piau3	piau3	piau3	piau3
小		ɕiau3	ɕiau3	ɕiau3	ɕiau3	ɕiau3	ɕiau3	ɕiau3
赵		tʂau5	tsau5	tsau6	tsau5	tʂau5	tʂau6	tʂau5
少	多少	ʂau3	sau3	sau3	sau3	ʂau3	ʂau3	ʂau3
舀	舀水	iau3	iau3	iau3	iau3	iau3	iau3	iau3
票	车票	pʰiau5	pʰiau5	pʰiau5	pʰiau5	pʰiau5	pʰiau5	pʰiau5
庙		miau5	miau5	miau6	miau5	miau5	miau6	miau5
笑		ɕiau5	ɕiau5	ɕiau5	ɕiau5	ɕiau5	ɕiau5	ɕiau5
照		tʂau5	tsau5	tsau5	tsau5	tʂau5	tʂau5	tʂau5
轿		tɕiau5	tɕiau5	tɕʰiau6	tɕiau5	tɕiau5	tɕiau6	tɕiau5
要	想要	iau5	iau5	iau5	iau5	iau5	iau5	iau5
挑		tɕʰiau1	tʰiau1	tʰiau1	tʰiau1	tʰiau1	tʰiau1	tʰiau1
浇		tɕiau1	tɕiau1	tɕiau1	tɕiau1	tɕiau1	tɕiau1	tɕiau1
鸟		ȵiau3	liau3	ȵiau3	liau3	liau3	ȵiau3	ȵiau3
跳		tɕʰiau5	tʰiau5	tʰiau5	tʰiau5	tʰiau5	tʰiau5	tʰiau5
掉		tɕiau5	tiau5	tiau5	tiau5	tiau5	tiau5	tiau5
尿		ȵiau5	liau5	ȵiau6	liau5	liau5	ȵiau6	ȵiau5
料		liau5	liau5	liau6	liau5	liau5	liau6	liau5
叫		tɕiau5	tɕiau5	tɕiau5	tɕiau5	tɕiau5	tɕiau5	tɕiau5
窍		tɕʰiau5	tɕʰiau5	tɕʰiau5	tɕʰiau5	tɕʰiau5	tɕʰiau5	tɕʰiau5
偷		tʰəu1	tʰəu1	tʰəu1	tʰəu1	tʰəu1	tʰəu1	tʰəu1
头		tʰəu2	tʰəu2	tʰəu2	tʰəu2	tʰəu2	tʰəu2	tʰəu2
楼		ləu2	ləu2	ləu2	ləu2	ləu2	ləu2	ləu2
沟		kəu1	kəu1	kəu1	kəu1	kəu1	kəu1	kəu1
喉		xəu2	xəu2	xəu2	xəu2	xəu2	xəu2	xəu2
亩		mu3	mu3	mo3	muŋ3	mo3	mau3/mo3	mo3
母		mu3	mu3	mo3	mu3	mo3	mo3	mo3
陡		təu3	təu3	təu3	təu3	təu3	təu3	təu3
走		tsəu3	tsəu3	tsəu3	tsəu3	tsəu3	tsəu3	tsəu3
狗		kəu3	kəu3	kəu3	kəu3	kəu3	kəu3	kəu3
口		kʰəu3	kʰəu3	kʰəu3	kʰəu3	kʰəu3	kʰəu3	kʰəu3
藕		ŋəu3	əu3	ŋəu3	ŋəu3	ŋəu3	ŋəu3	ŋəu3
后	前后	xəu5	xəu5	xəu6	xəu5	xəu5	xəu6	xəu5
厚		xəu5	xəu5	xəu6	xəu5	xəu5	xəu6	xəu5
茂		mau5	mau5	mau6	muŋ5	mau5	mau6	mau5
透		tʰəu5	tʰəu5	tʰəu5	tʰəu5	tʰəu5	tʰəu5	tʰəu5
豆		təu5	təu5	tʰəu6	təu5	təu5	təu6	təu5
凑		tsʰəu5	tɕʰiəu5	tsʰəu5	tsʰəu5	tsʰəu5	tsʰəu5	tsʰəu5
流		liəu2	liəu2	liəu2	liəu2	liəu2	liəu2	liəu2
刘		liəu2	liəu2	liəu2	liəu2	liəu2	liəu2	liəu2
秋		tɕʰiəu1	tɕʰiəu1	tɕʰiəu1	tɕʰiəu1	tɕʰiəu1	tɕʰiəu1	tɕʰiəu1
修		ɕiəu1	ɕiəu1	ɕiəu1	ɕiəu1	ɕiəu1	ɕiəu1	ɕiəu1
抽		tʂʰəu1	tsʰəu1	tsʰəu1	tsʰəu1	tʂʰəu1	tʂʰəu1	tʂʰəu1
搜		səu1	səu1	səu1	səu1	səu1	səu1	səu1
周		tʂəu1	tsəu1	tsəu1	tsəu1	tʂəu1	tʂəu1	tʂəu1
收		ʂəu1	səu1	səu1	səu1	ʂəu1	ʂəu1	ʂəu1
揉		ʐəu2	zəu2	zəu2	zəu2	ʐəu2	ʐəu2	ʐəu2
牛		ȵiəu2	liəu2	ȵiəu2	liəu2	liəu2	ȵiəu2	ȵiəu2
休		ɕiəu1	ɕiəu1	ɕiəu1	ɕiəu1	ɕiəu1	ɕiəu1	ɕiəu1
优		iəu1	iəu1	iəu1	iəu1	iəu1	iəu1	iəu1
油		iəu2	iəu2	iəu2	iəu2	iəu2	iəu2	iəu2
丢		tɕiəu1	tiəu1	tiəu1	tiəu1	tiəu1	tiəu1	tiəu1
妇		fu5	fu5	fu6	fu5	fu5	fu6	fu5
扭		ȵiəu3	liəu3	ȵiəu3	liəu3	liəu3	ȵiəu3	ȵiəu3
柳		liəu3	liəu3	liəu3	liəu3	liəu3	liəu3	liəu3
酒		tɕiəu3	tɕiəu3	tɕiəu3	tɕiəu3	tɕiəu3	tɕiəu3	tɕiəu3
丑	美丑	tʂʰəu3	tsʰəu3	tsʰəu3	tsʰəu3	tʂʰəu3	tʂʰəu3	tʂʰəu3
手		ʂəu3	səu3	səu3	səu3	ʂəu3	ʂəu3	ʂəu3
九		tɕiəu3	tɕiəu3	tɕiəu3	tɕiəu3	tɕiəu3	tɕiəu3	tɕiəu3
舅		tɕiəu5	tɕiəu5	tɕʰiəu6	tɕiəu5	tɕiəu5	tɕiəu6	tɕiəu5
有		iəu3	iəu3	iəu3	iəu3	iəu3	iəu3	iəu3
富		fu5	fu5	fu5	fu5	fu5	fu5	fu5
绣		ɕiəu5	ɕiəu5	ɕiəu5	ɕiəu5	ɕiəu5	ɕiəu5	ɕiəu5
瘦		səu5	səu5	səu5	səu5	səu5	səu5	ʂəu5
臭	香臭	tʂʰəu5	tsʰəu5	tsʰəu5	tsʰəu5	tʂʰəu5	tʂʰəu5	tʂʰəu5
寿		ʂəu5	səu5	səu6	səu5	ʂəu5	ʂəu6	ʂəu5
救		tɕiəu5	tɕiəu5	tɕiəu5	tɕiəu5	tɕiəu5	tɕiəu5	tɕiəu5
旧		tɕiəu5	tɕiəu5	tɕʰiəu6	tɕiəu5	tɕiəu5	tɕiəu6	tɕiəu5
右		iəu5	iəu5	iəu6	iəu5	iəu5	iəu6	iəu5
幼		iəu5	iəu5	iəu5	iəu5	iəu5	iəu5	iəu5
贪		tʰan1	tʰan1	tʰan1	tʰan1	tʰan1	tʰan1	tʰan1
谭		tʰan2	tʰan2	tʰan2	tʰan2	tʰan2	tʰan2	tʰan2
男		nan2	lan2	lan2	lan2	lan2	lan2	lan2
蚕		tsʰan2	tsʰan2	tsʰan2	tsʰan2	tsʰan2	tsʰan2	tsʰan2
含		xan2	xan2	xan2	xan2	xan2	xan2	xan2
砍		kʰan3	kʰan3	kʰan3	kʰan3	kʰan3	kʰan3	kʰan3
暗		ŋan5	an5	ŋan6	ŋan5	ŋan5	ŋan6	ŋan5
答		ta1	ta2	ta2	ta2	ta2	ta1	ta2
搭		ta1	ta1	ta1	ta2	ta2	ta1	ta1
踏		tʰa2	tʰa2	tʰa1	tʰa2	tʰa2	tʰa1	tʰa2
沓		tʰa2	tʰa2	tʰa6	tʰa2	tʰa2	̶	tʰa2
拉		la1	la1	la1	la1	la1	la1	la1
杂		tsa2	tsa2	tsa2	tsa2	tsa2	tsa1	tsa2
鸽		kɤ1	kɤ2	ko2	ko2	ko2	ko1	ko2
喝	喝酒	xɤ1/xo1	xɤ1	xo1	xo1	xo1	xo1	xo1
合		xɤ2/xo2	xɤ2	xo2	xo2	xo2	xo6	xo2
盒		xɤ2/xo2	xɤ2	xo2	xo2	xo2	xo6	xo2
蓝		lan2	lan2	lan2	lan2	lan2	lan2	lan2
三		san1	san1	san1	san1	san1	san1	san1
甘		kan1	kan1	kan1	kan1	kan1	kan1	kan1
胆		tan3	tan3	tan3	tan3	tan3	tan3	tan3
淡		tan5	tan5	tʰan6	tan5	tan5	tan6	tan5
喊		xan3	xan3	xan3	xan3	xan3	xan3	xan3
塔		tʰa1	tʰa1	tʰa1	tʰa2	tʰa2	tʰa1	tʰa1
塌		tʰa1	tʰa1	tʰa1	tʰa2	tʰa2	tʰa1	tʰa1
腊		la1	la2	la2	la2	la2	la1	la1
蜡		la1	la1	la1	la2	la2	la1	la1
磕		kʰɤ1	kʰɤ1	kʰo1	kʰo2	kʰo2	kʰo1	kʰo1
咸	咸淡	ɕian2	ɕian2	xan2	xan2	xan2	xan2	xan2-/ɕian2=
减		tɕian3	tɕian3	tɕian3	tɕian3	tɕian3	tɕian3	tɕian3
站	站立	tʂan5/tsan5	tsan5	tsan5	tsan5	tʂan5	tʂan5	tʂan5
赚		tsʮan5	tsuan5	tʂʯan6	tsuan5	tʂʯan5	tʂʯan5	tʂʯan5
眨		tsa1	tsa3	tsa3	tsa2	tʂa3	tʂa3	tʂa3
插		tsʰa1	tsʰa1	tsʰa1	tsʰa2	tʂʰa2	tʂʰa1	tʂʰa1
闸		tsʰa2	tsa2	tsa2	tsa2	tʂa2	tʂa3	tʂa2
炸	油炸	tsʰa2	tsa2	tsa2	tsa2	tʂa2	tʂa5	tʂa2
夹	夹板	tɕia1	tɕia1	tɕia2	tɕia2	tɕia2	tɕia1	tɕia1
恰		tɕʰia5	tɕʰia2	tɕʰia2	tɕʰia2	tɕʰia3	tɕʰia1	tɕʰia2
掐		tɕʰia1	tɕʰia1	tɕʰia1	tɕʰia2	tɕʰia2	kʰa1-/tɕʰia1=	tɕʰia1
狭		ɕia2	ɕia2	ɕia2	ɕia2	ɕia2	ɕia6	ɕia2
峡		ɕia2	ɕia2	ɕia2	ɕia2	ɕia2	ɕia6	ɕia2
岩		ŋæ2	æ2	ŋæ2	ŋai2	ŋai2/ian2	ŋai2	ŋai2
甲		tɕia1	tɕia2	tɕia2	tɕia2	tɕia2	tɕia1	tɕia2
胛		̶	tɕia2	tɕia2	tɕia2	tɕia2	tɕia1	tɕia2
鸭		ia1	ia1	ia1	ia2	ia2	ia1	ia1
押		ia1	ia1	ia1	ia2	ia2	ia1	ia1
压		ia1	ia1	ia1	ia2	ia5	ŋa1	ia1
帘		lian2	lian2	lian2	lian2	lian2	lian2	lian2
尖		tɕian1	tɕian1	tɕian1	tɕian1	tɕian1	tɕian1	tɕian1
签	竹签	tɕʰian1	tɕʰian1	tɕʰian1	tɕʰian1	tɕʰian1	tɕʰian1	tɕʰian1
沾		tʂan1	tsan1	tsan1	tsan1	tʂan1	tʂan1	tʂan1
钳		tɕʰian2	tɕʰian2	tɕʰian2	tɕʰian2	tɕʰian2	tɕʰian2	tɕʰian2
淹		ian1	ian1	ian1	ian1	ian1	ian1	ian1
盐		ian2	ian2	ian2	ian2	ian2	ian2	ian2
陕		ʂan3	san3	san3	san3	ʂan3	ʂan3	ʂan3
染		ʐan3	zan3	zan3	zan3	ʯan3	ʯan3	ʯan3
脸		lian3	lian3	lian3	lian3	lian3	lian3	lian3
险		ɕian3	ɕian3	ɕian3	ɕian3	ɕian3	ɕian3	ɕian3
验		ian5	ian5	ȵian6	lian5	lian5	ȵian6	ȵian5
厌		ian5	ian5	ian5	ian5	ian5	ian5	ian5
聂		ȵie1	lie2	ȵie1	lie2	lie2	ȵie1	ȵie1
镊		ȵie1	lie1	ȵie1	lie2	lie1	ȵie1	ȵie1
猎		lie1	lie2	lie2	lie2	lie2	lie1	lie1
接		tɕie1	tɕie1	tɕie1	tɕie2	tɕie2	tɕie1	tɕie1
折	折叠	tʂɤ2	tsɤ2	tse1	tse2	tʂe2	tʂe1	tʂe2
摄		ʂɤ1	sɤ5	se5	se2	ʂe5	ʂe1	ʂe5
涉		ʂɤ1	sɤ5	se5	se2	ʂe5	ʂe6	ʂe5
叶		ie1	ie1	ie1	ie2	ie2	ie1	ie1
页		ie1	ie1	ie1	ie2	ie2	ie1	ie1
严		ian2	ian2	ȵian2	lian2	lian2	ȵian2	ian2
腌		ian1	ian1	ian1	ian1	ian1	ian1	ian1
剑		tɕian5	tɕian5	tɕian5	tɕian5	tɕian5	tɕian5	tɕian5
欠		tɕʰian5	tɕʰian5	tɕʰian5	tɕʰian5	tɕʰian5	tɕʰian5	tɕʰian5
酽		̶	ian5	ȵian6	lian5	lian5	ȵian6	ȵian5
劫		tɕie2	tɕie2	tɕie2	tɕʰie2	tɕie2	tɕie1	tɕie2
怯		tɕʰye1	tɕʰie2	tɕʰie2	tɕʰie2	tɕʰie2	—	tɕʰie2
业		ȵie1	ie2	ȵie2	lie2	lie2	ȵie1	ȵie2
胁		ɕie2	ɕie2	ɕie2	ɕie2	ɕie2	ɕie1	ɕie2
甜		tɕʰian2	tʰian2	tʰian2	tʰian2	tʰian2	tʰian2	tʰian2
谦		tɕʰian1	tɕʰian1	tɕʰian1	tɕʰian1	tɕʰian1	tɕʰian1	tɕʰian1
嫌		ɕian2	ɕian2	ɕian2	ɕian2	ɕian2	ɕian2	ɕian2
点		tɕian3	tian3	tian3	tian3	tian3	tian3	tian3
店		tɕian5	tian5	tian5	tian5	tian5	tian5	tian5
念		ȵian5	lian5	ȵian6	lian5	lian5	ȵian6	ȵian5
跌		tɕie1	tie2	tie1	tie2	tie2	tie1	tie2
帖	请帖	tɕʰie1	tʰie1	tʰie1	tʰie2	tʰie2	tʰie1	tʰie1
贴		tɕʰie1	tʰie1	tʰie1	tʰie2	tʰie2	tʰie1	tʰie1
叠		tɕie2	tie2	tie2	te2	tie2	tie6	tie2
碟		tɕie2	tie2	tie2	te2	tie2	tie6	tie2
牒		tɕie2	tie2	tie2	te2	tie2	tie6	tie2
蝶		tɕie2	tie2	tie2	te2	tie2	tie6	tie2
谍		tɕie2	tie2	tie2	te2	tie2	tie6	tie2
挟	挟菜	tɕia1	tɕia1	ka1-/tɕia1=	tɕia2	tɕia2	ka1-/tɕia1=	—
协		ɕie2	ɕie2	ɕie2	ɕie2	ɕie2	ɕie1	ɕie2
凡		fan2	fan2	fan2	fan2	xuan2	fan2	fan2
犯		fan5	fan5	fan6	fan5	xuan5	fan6	fan5
法	方法	fa1	fa2	fa1	fa2	xua2	fa1	fa2
乏		fa2	fa2	fa2	fa2	xua2	fa1	fa2
林		lin2	lin2	lin2	lin2	lin2	lin2	lin2
心		ɕin1	ɕin1	ɕin1	ɕin1	ɕin1	ɕin1	ɕin1
寻		ɕyn2	ɕyn2	ɕin2	ɕyn2	ʂʯen2	ɕin2	ɕyn2
沉		tʂʰen2	tsʰen2	tsʰen2	tsʰen2	tʂʰen2	tʂʰen2	tʂʰen2
森		səŋ1	sen1	sen1	sen1	sen1	sen1	ʂen1
针		tʂen1	tsen1	tsen1	tsen1	tʂen1	tʂen1	tʂen1
深		ʂen1	sen1	sen1	sen1	ʂen1	ʂen1	tʂʰen1
今		tɕin1	tɕin1	tɕin1	tɕin1	tɕin1	tɕin1	tɕin1
琴		tɕʰin2	tɕʰin2	tɕʰin2	tɕʰin2	tɕʰin2	tɕʰin2	tɕʰin2
音		in1	in1	in1	in1	in1	in1	in1
阴		in1	in1	in1	in1	in1	in1	in1
品		pʰin3	pʰin3	pʰin3	pʰin3	pʰin3	pʰin3	pʰin3
立		li1	li1	li1	li2	li2	li1	li1
笠		li1	li1	li1	li2	li2	li1	li1
粒		li1	li2	li1	li2	li2	li1	li2
集		tɕi1	tɕi2	tɕi6	tɕi2	tɕi2	tɕi6	tɕi2
习		ɕi2	ɕi2	ɕi2	ɕi2	ɕi2	ɕi6	ɕi2
涩		sei1	sɤ1	se1	se2	se2	se1	ʂe1
执		tʂʅ1	tsɿ1	tsɿ2	tsɿ2	tʂʅ2	tʂʅ1	tʂʅ1
汁		tʂʅ1	tsɿ1	tsɿ1	tsɿ2	tʂʅ2	tʂʅ1	tʂʅ1
湿		ʂʅ1	sɿ1	sɿ1	sɿ2	ʂʅ2	ʂʅ1	ʂʅ1
十		ʂʅ2	sɿ2	sɿ6	sɿ2	ʂʅ2	ʂʅ6	ʂʅ2
入		zʮ1	zu2	ʯ2	zu2	ʯ2	ʯ1	ʯ2-/y2=
急		tɕi2	tɕi2	tɕi2	tɕi2	tɕi2	tɕi1	tɕi2
级		tɕi1	tɕi2	tɕi2	tɕi2	tɕi2	tɕi1	tɕi2
及		tɕi2	tɕi2	tɕi6	tɕi2	tɕi2	tɕi1	tɕi2
吸		ɕi1	ɕi1	ɕi1	ɕi2	ɕi1	ɕi1	ɕi1
揖	作揖	i1	i1	i1	i2	i2	i1	i1
单	单独	tan1	tan1	tan1	tan1	tan1	tan1	tan1
摊		tʰan1	tʰan1	tʰan1	tʰan1	tʰan1	tʰan1	tʰan1
难	难易	nan2	lan2	lan2	lan2	lan2	lan2	lan2
兰		lan2	lan2	lan2	lan2	lan2	lan2	lan2
残		tsʰan2	tsʰan2	tsʰan2	tsʰan2	tsʰan2	tsʰan2	tsʰan2
干	干湿	kan1	kan1	kan1	kan1	kan1	kan1	kan1
寒		xan2	xan2	xan2	xan2	xan2	xan2	xan2
安		ŋan1	an1	ŋan1	ŋan1	ŋan1	ŋan1	ŋan1
懒		lan3	lan3	lan3	lan3	lan3	lan3	lan3
伞		san3	san3	san3	san3	san3	san3	san3
旱		xan5	xan5	xan6	xan5	xan5	xan6	xan5
蛋		tʰan5	tan5	tʰan6	tan5	tan5	tan6	tan5
看	看见	kʰan5	kʰan5	kʰan5	kʰan5	kʰan5	kʰan5	kʰan5
岸		ŋan5	an5	ŋan6	ŋan5	ŋan5	ŋan6	ŋan5
汉		xan5	xan5	xan5	xan5	xan5	xan5	xan5
汗		xan5	xan5	xan6	xan5	xan5	xan6	xan5
按		ŋan5	an5	ŋan6	ŋan5	ŋan5	ŋan6	ŋan5
达		ta2	ta2	ta2	ta2	ta2	ta1	ta2
捺		la1	la1	la1	la2	la1	la1	la1
辣		la1	la1	la1	la2	la2	la1	la1
擦		tsʰa1	tsʰa1	tsʰa1	tsʰa2	tsʰa2	tsʰa1	tsʰa1
割		kɤ1	kɤ1	ke1	ko2	ko2	ko1	ko1
葛		kɤ1	kɤ2	ke1	ko2	ko2	ko1	ko2
渴		kʰɤ1	kʰɤ1	kʰo1	kʰo2	kʰo2	kʰo1	kʰo1
山		san1	san1	san1	san1	ʂan1	ʂan1	ʂan1
间	中间	tɕian1	tɕian1	kan1	kan1-/tɕian1=	tɕian1	kan1	tɕian1
闲		ɕian2	ɕian2	ɕian2	ɕian2	ɕian2	ɕian2	ɕian2
产		tsʰan3	tsʰan3	tsʰan3	tsʰan3	tʂʰan3	tʂʰan3	tʂʰan3
简		tɕian3	tɕian3	tɕian3	tɕian3	tɕian3	tɕian3	tɕian3
眼		ȵian3	ian3	ŋan3	ian3	ian3	ŋan3	ŋan3-/ian3=
办		pan5	pan5	pan6	pan5	pan5	pan6	pan5
八		pa1	pa2	pa2	pa2	pa2	pa1	pa2
拔		pa2	pa2	pa2	pa2	pa2	pa1	pa2
察		tsʰa2	tsʰa2	tsʰa2	tsʰa2	tʂʰa2	tʂʰa2	tʂʰa2
杀		sa1	sa1	sa1	sa2	ʂa2	ʂa1	ʂa1
删		ʂan1	san1	san1	suan1	ʂan1	ʂan1	ʂan1
颜		ian2	ian2	ian2	ian2	ian2	ian2	ian2
板		pan3	pan3	pan3	pan3	pan3	pan3	pan3
慢		man5	man5	man6	man5	man5	man6	man5
铡		tsa2	tsa2	tsa2	tsa2	tʂa2	tʂa1	tʂa2
瞎		ɕia1	ɕia1	xa1	ɕia2	ɕia2	ɕia1	ɕia1
编		pian1	pian1	pian1	pian1	pian1	pian1	pian1
便	便宜	pʰian2	pʰian2	pʰian2	pʰian2	pʰian2	pʰian2	pʰian2
棉		mian2	mian2	mian2	mian2	mian2	mian2	mian2
连		lian2	lian2	lian2	lian2	lian2	lian2	lian2
煎		tɕian1	tɕian1	tɕian1	tɕian1	tɕian1	tɕian1	tɕian1
钱		tɕʰian2	tɕʰian2	tɕʰian2	tɕʰian2	tɕʰian2	tɕʰian2	tɕʰian2
缠		tʂʰan2	tsʰan2	tsʰan2	tsʰan2	tʂʰan2	tʂʰan2	tʂʰan2
扇	扇风	ʂan1	san1	san1	san1	ʂan1	ʂan1	ʂan1
燃		ʐan2	zan2	zan2	zan2	ʯan2	ʯan2	ʯan2
剪		tɕian3	tɕian3	tɕian3	tɕian3	tɕian3	tɕian3	tɕian3
浅		tɕʰian3	tɕʰian3	tɕʰian3	tɕʰian3	tɕʰian3	tɕʰian3	tɕʰian3
展		tʂan3	tsan3	tsan3	tsan3	tʂan3	tʂan3	tʂan3
件		tɕian5	tɕian5	tɕʰian6	tɕian5	tɕian5	tɕian6	tɕian5
演		ian3	ian3	ian3	ian3	ian3	ian3	ian3
变		pian5	pian5	pian5	pian5	pian5	pian5	pian5
面	脸面	mian5	mian5	mian6	mian5	mian5	mian6	mian5
箭		tɕian5	tɕian5	tɕian5	tɕian5	tɕian5	tɕian5	tɕian5
线		ɕian5	ɕian5	ɕian5	ɕian5	ɕian5	ɕian5	ɕian5
扇	扇子	ʂan5	san5	san5	san5	ʂan5	ʂan5	ʂan5
鳖		pie1	pie1	pie1	pie1	pie2	pie1	pie1
别	离别	pie2	pie2	pie6	pe2	pie2	pie6	pie2
灭		mie1	mie2	mie1	mie2	mie2	mie1	mie1/mie2
列		lie1	lie2	lie1	lie2	lie2	lie1	lie2
烈		lie1	lie2	lie1	lie2	lie2	lie1	lie2
裂		lie1	lie2	lie1	lie2	lie2	lie1	lie1
薛		ɕie1	ɕye1	ɕie1	ɕye2	ɕie2	ɕie1	ɕie1
哲		tʂɤ1	tsɤ2	tse2	tse2	tʂe2	tʂe1	tʂe2
彻		tʂʰɤ1	tsʰɤ2	tsʰe5	tsʰe2	tʂʰe5	tʂʰe5	tʂʰe2
撤		tʂʰɤ5	tsʰɤ2	tsʰe5	tsʰe2	tʂʰe2	tʂʰe5	tʂʰe2
折	折断	tʂɤ1	tsɤ2	tse2	tse2	tʂe2	tʂe1	tʂe2
浙		tʂɤ1	tsɤ2	tse2	tse2	tʂe2	tʂe1	tʂe2
舌		ʂɤ2	sɤ2	se6	se2	ʂe2	ʂe6	ʂe2
设		ʂɤ1	sɤ5	se5	se2	ʂe5	ʂe1	ʂe5
折	折本	ʂɤ2	sɤ2	se6	se2	ʂe2	ʂe6	ʂe2
热		ʐɤ1	zɤ1	ʯe1	ze2	ʯe2	ʯe1	ʯe1
杰		tɕie2	tɕie2	tɕie6	tɕie2	tɕie2	tɕie1	tɕie2
孽		ȵie1	lie2	ȵie1	lie2	lie2	ȵie1	ȵie2
言		ian2	ian2	ȵian2	ian2	ian2	ȵian2	ȵian2-/ian2=
建		tɕian5	tɕian5	tɕian5	tɕian5	tɕian5	tɕian5	tɕian5
堰		ian5	ian5	ian5	ian5	ian5	ian5	ian5
揭		tɕie1	tɕie1	tɕie1	tɕie2	tɕie1	tɕie1	tɕie1
歇		ɕie1	ɕie1	ɕie1	ɕie2	ɕie2	ɕie1	ɕie1
蝎		ɕie1	ɕie1	ɕie1	ɕie2	ɕie2	ɕie1	ɕie1
边		pian1	pian1	pian1	pian1	pian1	pian1	pian1
眠		mian2	mian2	mian2	mian2	mian2	mian2	mian2
天		tɕʰian1	tʰian1	tʰian1	tʰian1	tʰian1	tʰian1	tʰian1
田		tɕʰian2	tʰian2	tʰian2	tʰian2	tʰian2	tʰian2	tʰian2
年		ȵian2	lian2	ȵian2	lian2	lian2	ȵian2	ȵian2
怜		lian2	lian2	lian2	lian2	lian2	lian2	lian2
千		tɕʰian1	tɕʰian1	tɕʰian1	tɕʰian1	tɕʰian1	tɕʰian1	tɕʰian1
前		tɕʰian2	tɕʰian2	tɕʰian2	tɕʰian2	tɕʰian2	tɕʰian2	tɕʰian2
先		ɕian1	ɕian1	ɕian1	ɕian1	ɕian1	ɕian1	ɕian1
肩		tɕian1	tɕian1	tɕian1	tɕian1	tɕian1	tɕian1	tɕian1
研		ȵian2-/ian2=	ian2	ȵian1	lian1	lian1	ȵian2	ȵian1
烟		ian1	ian1	ian1	ian1	ian1	ian1	ian1
显		ɕian3	ɕian3	ɕian3	ɕian3	ɕian3	ɕian3	ɕian3
片		pʰian3	pʰian5	pʰian5	pʰian5	pʰian5	pʰian5	pʰian5
面	面条	mian5	mian5	mian6	mian5	mian5	mian6	mian5
电		tɕian5	tian5	tʰian6	tian5	tian5	tian6	tian5
练		lian5	lian5	lian6	lian5	lian5	lian6	lian5
见		tɕian5	tɕian5	tɕian5	tɕian5	tɕian5	tɕian5	tɕian5
现		ɕian5	ɕian5	ɕian6	ɕian5	ɕian5	ɕian6	ɕian5
憋		pie1	pie1	pie1	pie1	pie1	pie1	pie1
撇		pʰie1	pʰie1	pʰie1	pʰie2	pʰie2	pʰie1	pʰie1
篾		mie1	mie1	mie1	mie2	mie2	mie1	mie1/mie2
铁		tɕʰie1	tʰie1	tʰie1	tʰie2	tʰie2	tʰie1	tʰie1
捏		ȵie1	lie1	ȵie1	lie2	lie2	ȵie1	ȵie1
节		tɕie1	tɕie2	tɕie2	tɕie2	tɕie2	tɕie1	tɕie2
切	切开	tɕʰie1	tɕʰie1	tɕʰie1	tɕʰie2	tɕʰie2	tɕʰie1	tɕʰie1
截		tɕie2	tɕie2	tɕie6	tɕie2	tɕie2	tɕie1	tɕie2
楔	楔子	ɕie1	ɕie1	ɕie1	ɕye2	ɕie2	ɕie1	ɕie1
结		tɕie1	tɕie2	tɕie2	tɕie2	tɕie2	tɕie1	tɕie2
洁		tɕie2	tɕie2	tɕie2	tɕie2	tɕie2	tɕie1	tɕie2
搬		pan1	pan1	pan1	pan1	pan1	pan1	pan1
盘		pʰan2	pʰan2	pʰan2	pʰan2	pʰan2	pʰan2	pʰan2
端		tuan1	tan1	tan1	tuan1	tan1	tan1	tan1
钻	钻洞	tsʮan1	tsan1	tsan1	tsuan1	tsan1	tsan1	tsan1
酸		sʮan1	san1	san1	suan1	san1	san1	san1
官		kuan1	kuan1	kuan1	kuan1	kuan1	kuan1	kuan1
宽		kʰuan1	kʰuan1	kʰuan1	kʰuan1	kʰuan1	kʰuan1	kʰuan
欢		xuan1	xuan1	xuan1	xuan1	xuan1	xuan1	xuan1
拌		pan5	pan5	pan5	pan5	pan5	pan6	pan5
满		man3	man3	man3	man3	man3	man3	man3
短		tuan3	tan3	tan3	tuan3	tan3	tan3	tan3
断	断绝	tuan5	tan5	tʰan6	tuan5	tan5	tan6	tan5
暖		nuan3	lan3	lan3	luan3	lan3	lan3	lan3
管		kuan3	kuan3	kuan3	kuan3	kuan3	kuan3	kuan3
碗		uan3	uan3	uan3	uan3	uan3	uan3	uan3
半		pan5	pan5	pan5	pan5	pan5	pan5	pan5
乱		luan5	lan5	lan6	luan5	lan5	lan6	lan5
算		sʮan5	san5	san5	suan5	san5	san5	san5
玩	游玩	uan2	uan2	uan2	uan2	uan2	uan2	uan2
换		xuan5	xuan5	xuan6	xuan5	xuan5	xuan6	xuan5
钵		po1	po1	po1	po2	po2	po1	po1
拨		po1	po2	po1	po2	po2	po1	po1
末		mo1	mo1	mo1	mo2	mo2	mo1	mo1
沫		mo1	mo1	mo1	mo2	mo2	mo1	mo1
脱		tʰo1	tʰo1	tʰo1	tʰo2	tʰo2	tʰo1	tʰo1
夺		to2	to2	to2	to2	to2	to6	to2
括	包括	kʰo1	kʰo2	kʰo2	kʰua2	kʰo2	kʰo1	kʰo2
阔		kʰo1	kʰo2	kʰo2	kʰo2	kʰo2	kʰo1	kʰo2
豁	豁嘴	xo1	xo1	xo1	xo2	xo1	xo1	xo1
活		xo2	xo2	xo2	xo2	xo2	xo6	xo2
滑		xua2	xua2	xua2	xua2	xua2	xua2	xua2
猾		xua2	xua2	xua2	xua2	xua2	xua2	xua2
挖		ua1	ua1	ua1	ua1	ua1	ua1	ua1
拴		sʮan1	suan1	ʂʯan1	suan1	ʂʯan1	ʂʯan1	ʂʯan1
关		kuan1	kuan1	kuan1	kuan1	kuan1	kuan1	kuan1
环		xuan2	xuan2	xuan2	xuan2	xuan2	xuan2	xuan2
弯		uan1	uan1	uan1	uan1	uan1	uan1	uan1
刷		sʮa1	sua1	ʂʯa1	sua2	ʂʯa2	ʂʯa1	ʂʯa1
刮		kua1	kua2	kua1	kua2	kua2	kua1	kua1
全		tsʰʮan2	tɕʰyan2	tɕʰian2	tɕʰyan2	tɕʰian2	tɕʰian2	tʂʰʯan2-/tɕʰyan2=
泉		tsʰʮan2	tɕʰyan2	tɕʰian2	tɕʰyan2	tɕʰian2	tɕʰian2	tɕʰian2-/tɕʰyan2=
宣		sʮan1	ɕyan1	ɕian1	ɕyan1	ɕian1	ɕian1	ʂʯan1/ɕyan1
传	传达	tsʰʮan2	tsʰuan2	tʂʰʯan2	tsʰuan2	tʂʰʯan2	tʂʰʯan2	tʂʰʯan2
专		tsʮan1	tsuan1	tʂʯan1	tsuan1	tʂʯan1	tʂʯan1	tʂʯan1
砖		tsʮan1	tsuan1	tʂʯan1	tsuan1	tʂʯan1	tʂʯan1	tʂʯan1
船		tsʰʮan2	tsʰuan2	tʂʰʯan2	tsʰuan2	tʂʰʯan2	tʂʰʯan2	tʂʰʯan2
圈	圆圈	tɕʰyan1	tɕʰyan1	tʂʰʯan1	tɕʰyan1	tʂʰʯan1	tʂʰʯan1	tɕʰyan1
拳		tɕʰyan2	tɕʰyan2	tʂʰʯan2	tɕʰyan2	tʂʰʯan2	tʂʰʯan2	tʂʰʯan2-/tɕʰyan2=
权		tɕʰyan2	tɕʰyan2	tʂʰʯan2	tɕʰyan2	tʂʰʯan2	tʂʰʯan2	tʂʰʯan2-/tɕʰyan2=
圆		yan2	yan2	ʯan2	yan2	ʯan2	ʯan2	ʯan2-/yan2=
缘		yan2	yan2	ʯan2	yan2	ʯan2	ʯan2	ʯan2-/yan2=
选		ɕyan3	ɕyan3	ɕian3	ɕyan3	ɕian3	ɕian3	ɕian3-/ʂʯan3=
转	转变	tsʮan3	tsuan3	tʂʯan3	tsuan3	tʂʯan3	tʂʯan3	tʂʯan3
软		uan3-/zʮan3=	zuan3	ʯan3	zuan3	ʯan3	ʯan3	ʯan3
卷	卷起	tɕyan3	tɕyan3	tʂʯan3	tɕyan3	tʂʯan3	tʂʯan3	tʂʯan3-/tɕyan3=
恋		lian5	lian5	lian5	lian5	lian2	lian2	lian2
串		tsʰʮan5	tsʰuan5	tʂʰʯan5	tsʰuan5	tʂʰʯan5	tʂʰʯan5	tʂʰʯan5
倦		tɕyan5	tɕyan5	tʂʯan6	tɕyan5	tʂʯan5	tʂʯan5	tɕyan5
院		yan5	yan5	ʯan6	yan5	ʯan5	ʯan6	ʯan5-/yan5=
劣		lie1	lie2	lie2	lie2	lie2	lie1	lie2
绝		tɕye2	tɕye2	tɕie2	tɕye2	tɕie2	tʂʯe1	tɕye2
雪		ɕye1	ɕye1	ɕie1	ɕye2	ɕie2	ɕie1	ɕie1/ɕye1
说		sʮo1	so1	ʂʯe1	so2	ʂʯo2/ʂʯe2	ʂʯe1	ʂʯo1
翻		fan1	fan1	fan1	fan1	xuan1	fan1	fan1
元		yan2	yan2	ʯan2	yan2	ʯan2	ʯan2	ʯan2-/yan2=
原		yan2	yan2	ʯan2	yan2	ʯan2	ʯan2	ʯan2-/yan2=
袁		yan2	yan2	ʯan2	yan2	ʯan2	ʯan2	ʯan2-/yan2=
反		fan3	fan3	fan3	fan3	xuan3	fan3	fan3
晚		uan3	uan3	uan3	uan3	uan3	uan3	uan3
远		yan3	zuan3地名/yan3	ʯan3	yan3	ʯan3	ʯan3	ʯan3-/yan3=
饭		fan5	fan5	fan6	fan5	xuan5	fan6	fan5
万		uan5	uan5	uan6	uan5	uan5	uan6	uan5
劝		tɕʰyan5	tɕʰyan5	tʂʰʯan5	tɕʰyan5	tʂʰʯan5	tʂʰʯan5	tʂʰʯan5-/tɕʰyan5=
愿		yan5	yan5	ʯan6	yan5	ʯan5	ʯan6	ʯan5-/yan5=
发	发芽	fa1	fa1	fa1	fa2	xua2	fa1	fa1
发	头发	fa1	fa1	fa1	fa2	xua2	fa1	fa1
伐		fa2	fa2	fa2	fa2	xua2	fa1	fa2
罚		fa2	fa2	fa2	fa2	xua2	fa1	fa2
袜		ua1	ua1	ua1	ua2	ua2	ua1	ua1
月		ye1	ye2	ʯe1	ye2	ʯe2	ʯe1	ʯe1/ye1
越		ye1	ye2	ʯe1	ye2	ʯe2	ʯe1	ye2
县		ɕian5	ɕian5	ɕian6	ɕian5	ɕian5	ɕian6	ɕian5
决		tɕye5	tɕye2	tʂʯe2	tɕye2	tʂʯe1	tʂʯe1	tɕye2
诀		tɕye5	tɕye2	tʂʯe2	tɕye2	tʂʯe2	tʂʯe1	tɕye2
缺		tɕʰye1	tɕʰye2	tʂʰʯe1	tɕʰye2	tʂʰʯe2	tʂʰʯe1	tɕʰye1
血		ɕye1/ɕie1	ɕie1	ɕie1	ɕye2	ɕie2	ɕie1	ɕie1
穴		ɕie2	ɕye2	ɕie2	ɕie2	ɕie2	ɕie1	ʂʯe2-/ɕye2=
吞		tʰəŋ1	tʰen1	tʰen1	tʰen1	tʰen1	tʰen1	tʰen1
跟		ken1	ken1	ken1	ken1	ken1	ken1	ken1
根		ken1	ken1	ken1	ken1	ken1	ken1	ken1
恩		ŋen1	en1	ŋen1	ŋen1	ŋen1	ŋen1	ŋen1
啃		kʰen3	kʰen3	kʰen3	kʰen3	kʰen3	kʰen3	kʰen3
很		xen3	xen3	xen3	xen3	xen3	xen3	xen3
宾		pin1	pin1	pin1	pin1	pin1	pin1	pin1
民		min2	min2	min2	min2	min2	min2	min2
邻		lin2	lin2	lin2	lin2	lin2	lin2	lin2
亲		tɕʰin1	tɕʰin1	tɕʰin1	tɕʰin1	tɕʰin1	tɕʰin1	tɕʰin1
新		ɕin1	ɕin1	ɕin1	ɕin1	ɕin1	ɕin1	ɕin1
珍		tʂen1	tsen1	tsen1	tsen1	tʂen1	tʂen1	tʂen1
陈		tʂʰen2	tsʰen2	tsʰen2	tsʰen2	tʂʰen2	tʂʰen2	tʂʰen2/tsʰen2
真		tʂen1	tsen1	tsen1	tsen1	tʂen1	tʂen1	tʂen1
神		ʂen2	sen2	sen2	sen2	ʂen2	ʂen2	ʂen2
身		ʂen1	sen1	sen1	sen1	ʂen1	ʂen1	ʂen1
人		ʐen2	zen2	zen2	zen2	ʐen2	ʐen2	ʐen2
巾		tɕin1	tɕin1	tɕin1	tɕin1	tɕin1	tɕin1	tɕin1
银		in2	in2	in2	in2	in2	in2	in2
因		in1	in1	in1	in1	in1	in1	in1
尽	尽力	tɕin3	tɕin5	tɕin6	tɕin5	tɕin5	tɕin6	tɕin5
肾		ʂəŋ5	sen5	sen6	sen5	ʂen5	ʂen6	ʂen5
紧		tɕin3	tɕin3	tɕin3	tɕin3	tɕin3	tɕin3	tɕin3
引		in3	in3	in3	in3	in3	in3	in3
进		tɕin5	tɕin5	tɕin5	tɕin5	tɕin5	tɕin5	tɕin5
信		ɕin5	ɕin5	ɕin5	ɕin5	ɕin5	ɕin5	ɕin5
镇		tʂen5	tsen5	tsen5	tsen5	tʂen5	tʂen5	tʂen5
衬		tsʰen5	tsʰen5	tsʰen5	tsʰen5	tsʰen5	tsʰen5	tsʰen5/tʂʰen5
振		tʂen5	tsen5	tsen3	tsen3	tʂen5	tʂen5	tʂen3
认		ʐen5	zen5	zen6	zen5	ʐen5	ʐen6/ʯen6	ʐen5
笔		pi1	pi2	pi2	pi2	pi2	pi1	pi2
毕		pi1	pi2	pi2	pi2	pi2	pi1	pi2
必		pi1	pi2	pi2	pi2	pi2	pi1	pi2
密		mi1	mi1	mi1	mi2	mi2	mi1	mi1
蜜		mi1	mi2	mei2	mi2	mi2	mi1	mi1
栗		li1	li1	lei1	li2	li2	li1	li1
七		tɕʰi1	tɕʰi2	tsʰei1	tɕʰi2	tɕʰi2	tɕʰi1	tɕʰi2
漆		tɕʰi1	tɕʰi1	tɕʰi1	tɕʰi2	tɕʰi2	tɕʰi1	tɕʰi1
疾		tɕi2	tɕi2	tɕi6	tɕi2	tɕi2	tɕi1	tɕi2
悉		ɕi1	ɕi2	ɕi1	ɕi2	ɕi2	ɕi1	ɕi5
膝		tɕʰi1	tɕʰi2	tɕʰi1	ɕi2	tɕʰi2	tɕʰi1	tɕʰi1
侄		tʂʅ2	tsɿ2	tsɿ2	tsɿ2	tʂʅ2	tʂʅ1	tʂʅ2
虱		sei1	sɤ1	se1	se2	se2	se1	ʂe1
质		tʂʅ1	tsɿ2	tsɿ2	tsɿ2	tʂʅ2	tʂʅ1	tʂʅ2
实		ʂʅ2	sɿ2	sɿ2	sɿ2	ʂʅ2	ʂʅ1	ʂʅ2
失		ʂʅ1	sɿ1	sɿ1	sɿ2	ʂʅ2	ʂʅ1	ʂʅ1
室		ʂʅ2	sɿ2	sɿ1	sɿ2	ʂʅ2	ʂʅ1	ʂʅ2
日		ɚ1	zɿ2	zɿ2	zɿ2	ɚ2	ɚ1	ɚ2
吉		tɕi1	tɕi2	tɕi1	tɕi2	tɕi2	tɕi1	tɕi2
乙		i3	i2	i2	i2	i2	i1	i2
一		i1	i2	i2	i2	i2	i1	i2
斤		tɕin1	tɕin1	tɕin1	tɕin1	tɕin1	tɕin1	tɕin1
勤		tɕʰin2	tɕʰin2	tɕʰin2	tɕʰin2	tɕʰin2	tɕʰin2	tɕʰin2
近		tɕin5	tɕin5	tɕin6	tɕin5	tɕin5	tɕin6	tɕin5
盆		pʰen2	pʰen2	pʰen2	pʰen2	pʰen2	pʰen2	pʰen2
门		men2	men2	men2	men2	men2	men2	men2
尊		tsʮen1	tsen1	tsen1	tsen1	tsen1	tsen1	tsen1
村		tsʰʮen1	tsʰen1	tsʰen1	tsʰen1	tsʰen1	tsʰen1	tsʰen1
孙		sʮen1	sen1/suen1	sen1	sen1	sen1	sen1	sen1
婚		xuen1	xuen1	xuen1	xuen1	xuen1	xuen1	xuen1
魂		xuen2	xuen2	xuen2	xuen2	xuen2	xuen2	xuen2
温		uen1	uen1	uen1	uen1	uen1	uen1	uen1
本		pen3	pen3	pen3	pen3	pen3	pen3	pen3
滚		kuen3	kuen3	kuen3	kuen3	kuen3	kuen3	kuen3
顿		tuen5	ten5	ten5	ten5	ten5	ten5	ten5
嫩		yn5/luen5	len5	len6	len5	len5	len6	len5
论		luen5	len5	len6	len5	len5	len6	len5
寸		tsʰʮen5	tsʰen5/tsʰuen5	tsʰen5	tsʰen5	tsʰen5	tsʰen5	tsʰen5
棍		kuen5	kuen5	kuen5	kuen5	kuen5	kuen5	kuen5
困		kʰuen5	kʰuen5	kʰuen5	kʰuen5	kʰuen5	kʰuen5	kʰuen5
不		pu1	pu2	pu2	pu2	pu2	pu1	pu2
突		tʰəu1	tʰu2	tʰəu6	tʰu2	tʰəu2	tʰəu1	tʰəu2
卒		tsəu2	tsu2	tsəu2	tɕy2	tsəu2	tsəu1	tsəu2
猝		tsʰəu1	—	—	—	tsʰəu2	—	tsʰəu2
骨		ku1	ku1	ku1	ku2	ku2	ku1	ku1
窟		kʰu1	kʰu1	kʰu1	kʰu2	kʰu2	kʰu1	kʰu1
杌	杌子	u1	—	—	—	—	—	—
忽		xu1	xu1	xu1	xu2	xu2	xu1	xu1
核	核儿	xu2	xu2	xu6	fu2	ku2	ku6	xu2
轮		luen2	len2	len2	len2	len2	len2	len2
遵		tsʮen1	tsuen1	tsen1	tsen1	tsen1	tsen1	tsen1
旬		ɕyn2	ɕyn2	ɕin2	ɕyn2	ʂʯen2	ɕin2	ɕyn2/ʂʯen2
椿		tsʰʮen1	tsʰuen1	tʂʰʯen1	tsʰuen1	tʂʰʯen1	tʂʰʯen1	tʂʰʯen1
春		tsʰʮen1	tsʰuen1	tʂʰʯen1	tsʰuen1	tʂʰʯen1	tʂʰʯen1	tʂʰʯen1
唇		ʂen2	tsʰuen2	tʂʰʯen2	suen2	tʂʰʯen2	tʂʰʯen2	tʂʰʯen2/tɕʰyn2
纯		tsʰʮen2	tsʰuen2	ʂʯen2	suen2	tʂʰʯen2	tʂʰʯen2	ʂʯen2/tʂʰʯen2
均		tɕyn1	tɕyn1	tʂʯen1	tɕyn1	tʂʯen1	tʂʯen1	tʂʯen1-/tɕyn1=
匀		yn2	yn2	ʯen2	yn2	ʯen2	ʯen2	ʯen2-/yn2=
笋		sʮen3	sen3	sen3	sen3	sen3	sen3	sen3
准	批准	tsʮen3	tsuen3	tʂʯen3	tsuen3	tʂʯen3	tʂʯen3	tʂʯen3
菌		tɕyn5	tɕyn5	tʂʯen5	tɕyn5	tʂʯen5	tʂʯen6	tʂʯen5-/tɕyn5=
俊		tsʮen5	tɕyn5	tʂʯen5	tɕyn5	tɕin5	tɕin5	tɕyn5
迅		ɕyn5	ɕyn2	ɕin2	ɕyn5	ʂʯen5	ɕin5	ɕyn2
顺		sʮen5	suen5	ʂʯen5	suen5	ʂʯen5	ʂʯen6	ʂʯen5
闰		uen5-/zʮen5=	zuen5	ʯen6	zuen5	ʯen5	ʯen6	ʯen5
律		ly1	ly2	li2	ly2	li2	li1	ly5
率	利率	ly1	ly2	li2	ly2	li2	li1	ly5
出		tsʰʮ1	tsʰu1	tsʰu2	tsʰu2	tʂʰʯ2	tʂʰʯ1	tʂʰʯ2
术		sʮ2	su2	ʂʯ5	su5	ʂʯ5	ʂʯ6	ʂʯ5
橘		tɕy1	tɕy2	tʂʯ2	tɕy2	tʂʯ2	tʂʯ1	tɕy2
分	分开	fen1	fen1	fen1	fen1	xuen1	fen1	fen1
坟		fen2	fen2	fen2	fen2	xuen2	fen2	fen2
军		tɕyn1	tɕyn1	tʂʯen1	tɕyn1	tʂʯen1	tʂʯen1	tʂʯen1-/tɕyn1=
群		tɕʰyn2	tɕʰyn2	tʂʰʯen2	tɕʰyn2	tʂʰʯen2	tʂʰʯen2	tʂʰʯen2-/tɕʰyn2=
裙		tɕʰyn2	tɕʰyn2	tʂʰʯen2	tɕʰyn2	tʂʰʯen2	tʂʰʯen2	tʂʰʯen2-/tɕʰyn2=
熏		ɕyn1	ɕyn1	ʂʯen1	ɕyn1	ʂʯen1	ʂʯen1	ʂʯen1-/ɕyn1=
荤		xuen1	xuen1	xuen1	xuen1	xuen1	xuen1	xuen1
云	白云	yn2	yn2	ʯen2	yn2	ʯen2	ʯen2	ʯen2-/yn2=
粉		fen3	fen3	fen3	fen3	xuen3	fen3	fen3
粪		fen5	fen5	fen5	fen5	xuen5	fen5	fen5
问		uen5	uen5	uen6	uen5	uen5	uen6	uen5
训		ɕyn5	ɕyn5	ʂʯen5	ɕyn5	ʂʯen5	ʂʯen5	ʂʯen5-/ɕyn5=
运		yn5	yn5	ʯen6	yn5	ʯen5	ʯen6	ʯen5-/yn5=
物		uo1	u2	u2	u2	u5	u1	u5
屈		tɕʰy1	tɕʰy1	tʂʰʯ1	tɕʰy2	tʂʰʯ2	tʂʰʯ1	tʂʰʯ1-/tɕʰy1=
掘		tɕye2	tɕye2	—	tɕye2	tʂʯe2	—	tɕye1
帮		paŋ1	paŋ1	paŋ1	paŋ1	paŋ1	paŋ1	paŋ1
旁		pʰaŋ2	pʰaŋ2	pʰaŋ2	pʰaŋ2	pʰaŋ2	pʰaŋ2	pʰaŋ2
忙		maŋ2	maŋ2	maŋ2	maŋ2	maŋ2	maŋ2	maŋ2
汤		tʰaŋ1	tʰaŋ1	tʰaŋ1	tʰaŋ1	tʰaŋ1	tʰaŋ1	tʰaŋ1
糖		tʰaŋ2	tʰaŋ2	tʰaŋ2	tʰaŋ2	tʰaŋ2	tʰaŋ2	tʰaŋ2
狼		laŋ2	laŋ2	laŋ2	laŋ2	laŋ2	laŋ2	laŋ2
脏	脏乱	tsaŋ1	tsaŋ1	tsaŋ1	tsaŋ1	tsaŋ1	tsaŋ1	tsaŋ1
仓		tsʰaŋ1	tsʰaŋ1	tsʰaŋ1	tsʰaŋ1	tsʰaŋ1	tsʰaŋ1	tsʰaŋ1
藏	躲藏	tsʰaŋ2	tɕʰiaŋ2	tsʰaŋ2	tsʰaŋ2	tsʰaŋ2	tɕʰiaŋ2	tɕʰiaŋ2/tsʰaŋ2
钢		kaŋ1	kaŋ1	kaŋ1	kaŋ1	kaŋ1	kaŋ1	kaŋ1
糠		kʰaŋ1	kʰaŋ1	kʰaŋ1	kʰaŋ1	kʰaŋ1	kʰaŋ1	kʰaŋ1
行	银行	xaŋ2	xaŋ2	xaŋ2	xaŋ2	xaŋ2	xaŋ2	xaŋ2
挡	挡风	taŋ3	taŋ3	taŋ3	taŋ3	taŋ5	taŋ3	taŋ3
躺		tʰaŋ3	tʰaŋ3	tʰaŋ3	tʰaŋ3	tʰaŋ3	tʰaŋ3	tʰaŋ3
嗓		saŋ3	saŋ3	saŋ3	saŋ3	saŋ3	saŋ3	saŋ3
当	上当	taŋ5	taŋ5	taŋ5	taŋ5	taŋ5	taŋ5	taŋ5
烫		tʰaŋ5	tʰaŋ1	tʰaŋ5	tʰaŋ5	tʰaŋ5	tʰaŋ5	tʰaŋ1
浪		laŋ3	laŋ5	laŋ6	laŋ5	laŋ5	laŋ6	laŋ5
脏	心脏	tsaŋ5	tsaŋ5	tsaŋ5	tsaŋ5	tsaŋ5	tsaŋ5	tsaŋ5
博		po2	po2	po2	po2	po2	po1	po2
薄		po2	po2	po6	po2	po2	po6	po2
莫		mo1	mo2	mo2	mo2	mo2	mo1	mo2
膜		mo5	mo2	mo2	mo2	mo2	mo2	mo2
幕		mu5	mo5	mo5	mo5	mo5	mo6	mu5
寞		mo1	mo2	mo5	mo5	mo5	mo6	mo5
摸		mo1	mo1	mo1	mo1	mo1	mo1	mo1
托	托举	tʰo1	tʰo1	tʰo1	tʰo2	tʰo2	tʰo1	tʰo2
诺		zʮo1	zo2	lo2	lo5	lo2	ʯo1	ʯo2/lo2
落		lo1	lo1	lo1	lo2	lo2	lo1	lo1
烙		lo1	lo1	lo1	lo2	lo2	lo1	lo1
骆		lo1	lo2	lo1	lo2	lo2	lo1	lo1
洛		lo1	lo1	lo1	lo2	lo2	lo1	lo1
络		lo1	lo1	lo1	lo2	lo2	lo1	lo1
乐	快乐	lo1	lo1	lo1	lo2	lo2	lo1	lo2
作	工作	tsʮo1	tso2	tso2	tso2	tso2	tso1	tso2
错	交错	tsʰʮo5	tsʰo5	tsʰo5	tsʰo5	tsʰo5	tsʰo5	tsʰo5
凿		tsʮo2	tso2	—	tsʰo2	tso2	tso1	tso2
昨		tsʮo2	tso2	tso6	tso2	tso2	tso2	tso2
各		kɤ1	kɤ2	ko2	ko2	ko2	ko1	ko2
阁		kɤ1	kɤ2	ko2	ko2	ko2	ko1	ko2
搁		kɤ1	kɤ2	ko2	ko2	ko3	ko1	ko2
胳		kɤ1	kɤ2	ko2	ko2	ke2	ke1	ko2
鹤		xo1	xɤ2	xo5	xo5	xo2	xo6	xo2
恶	善恶	ŋɤ1	ɤ2	ŋo2	uo2	ŋo2	ŋo1	ŋo2
娘		ȵiaŋ2	liaŋ2	ȵiaŋ2	liaŋ2	liaŋ2	ȵiaŋ2	ȵiaŋ2
凉		liaŋ2	liaŋ2	liaŋ2	liaŋ2	liaŋ2	liaŋ2	liaŋ2
粮		liaŋ2	liaŋ2	liaŋ2	liaŋ2	liaŋ2	liaŋ2	liaŋ2
枪		tɕʰiaŋ1	tɕʰiaŋ1	tɕʰiaŋ1	tɕʰiaŋ1	tɕʰiaŋ1	tɕʰiaŋ1	tɕʰiaŋ1
墙		tɕʰiaŋ2	tɕʰiaŋ2	tɕʰiaŋ2	tɕʰiaŋ2	tɕʰiaŋ2	tɕʰiaŋ2	tɕʰiaŋ2
箱		ɕiaŋ1	ɕiaŋ1	ɕiaŋ1	ɕiaŋ1	ɕiaŋ1	ɕiaŋ1	ɕiaŋ1
详		ɕiaŋ2	ɕiaŋ2	tɕʰiaŋ2	tɕʰiaŋ2	ɕiaŋ2	tɕʰiaŋ2	ɕiaŋ2
张		tʂaŋ1	tsaŋ1	tsaŋ1	tsaŋ1	tʂaŋ1	tʂaŋ1	tʂaŋ1
长	长短	tʂʰaŋ2	tsʰaŋ2	tsʰaŋ2	tsʰaŋ2	tʂʰaŋ2	tʂʰaŋ2	tʂʰaŋ2
装		tsʮaŋ1	tsuaŋ1	tʂʯaŋ1	tsuaŋ1	tʂʯaŋ1	tʂʯaŋ1	tʂʯaŋ1
床		tsʰʮaŋ2	tsʰuaŋ2	tʂʰʯaŋ2	tsʰuaŋ2	tʂʰʯaŋ2	tʂʰʯaŋ2	tʂʰʯaŋ2
霜		sʮaŋ1	suaŋ1	ʂʯaŋ1	suaŋ1	ʂʯaŋ1	ʂʯaŋ1	ʂʯaŋ1
章		tʂaŋ1	tsaŋ1	tsaŋ1	tsaŋ1	tʂaŋ1	tʂaŋ1	tʂaŋ1
伤		ʂaŋ1	saŋ1	saŋ1	saŋ1	ʂaŋ1	ʂaŋ1	ʂaŋ1
尝		ʂaŋ2	tsʰaŋ2	tsʰaŋ2	saŋ2	ʂaŋ2	ʂaŋ2	ʂaŋ2/tʂʰaŋ2
姜	生姜	tɕiaŋ1	tɕiaŋ1	tɕiaŋ1	tɕiaŋ1	tɕiaŋ1	tɕiaŋ1	tɕiaŋ1
强		tɕʰiaŋ2	tɕʰiaŋ2	tɕʰiaŋ2	tɕʰiaŋ2	tɕʰiaŋ2	tɕʰiaŋ2	tɕʰiaŋ2
香		ɕiaŋ1	ɕiaŋ1	ɕiaŋ1	ɕiaŋ1	ɕiaŋ1	ɕiaŋ1	ɕiaŋ1
秧		iaŋ1	iaŋ1	iaŋ1	iaŋ1	iaŋ1	iaŋ1	iaŋ1
羊		iaŋ2	iaŋ2	iaŋ2	iaŋ2	iaŋ2	iaŋ2	iaŋ2
两	两个	liaŋ3	liaŋ3	liaŋ3	liaŋ3	liaŋ3	liaŋ3	liaŋ3
两	斤两	liaŋ3	liaŋ3	liaŋ3	liaŋ3	liaŋ3	liaŋ3	liaŋ3
蒋		tɕiaŋ3	tɕiaŋ3	tɕiaŋ3	tɕiaŋ3	tɕiaŋ3	tɕiaŋ3	tɕiaŋ3
抢		tɕʰiaŋ3	tɕʰiaŋ3	tɕʰiaŋ3	tɕʰiaŋ3	tɕʰiaŋ3	tɕʰiaŋ3	tɕʰiaŋ3
想		ɕiaŋ3	ɕiaŋ3	ɕiaŋ3	ɕiaŋ3	ɕiaŋ3	ɕiaŋ3	ɕiaŋ3
像		ɕiaŋ5	ɕiaŋ5	ɕiaŋ5	ɕiaŋ5	tɕʰiaŋ5	tɕiaŋ6	tɕʰiaŋ5
长	长大	tʂaŋ3	tsaŋ3	tsaŋ3	tsaŋ3	tʂaŋ3	tʂaŋ3	tʂaŋ3
闯		tsʰʮaŋ3	tsʰuaŋ3	tʂʰʯaŋ3	tsʰuaŋ3	tʂʰʯaŋ3	tʂʰʯaŋ3	tʂʰʯaŋ3
掌		tʂaŋ3	tsaŋ3	tsaŋ3	tsaŋ3	tʂaŋ3	tʂaŋ3	tʂaŋ3
厂		tʂʰaŋ3	tsʰaŋ3	tsʰaŋ3	tsʰaŋ3	tʂʰaŋ3	tʂʰaŋ3	tʂʰaŋ3
上	上山	ʂaŋ5	saŋ5	saŋ6	saŋ5	ʂaŋ5	ʂaŋ6	ʂaŋ5
养		iaŋ3	iaŋ3	iaŋ3	iaŋ3	iaŋ3	iaŋ3	iaŋ3
亮		liaŋ5	liaŋ5	liaŋ6	liaŋ5	liaŋ5	liaŋ6	liaŋ5
相	相貌	ɕiaŋ5	ɕiaŋ5	ɕiaŋ5	ɕiaŋ5	ɕiaŋ5	ɕiaŋ5	ɕiaŋ5
胀		tʂaŋ5	tsaŋ5	tsaŋ5	tsaŋ5	tʂaŋ5	tʂaŋ5	tʂaŋ5
创		tsʰʮaŋ5	tsʰuaŋ5	tsʰaŋ5	tsʰuaŋ5	tʂʰʯaŋ5	tʂʰʯaŋ5	tʂʰʯaŋ5
唱		tʂʰaŋ5	tsʰaŋ5	tsʰaŋ5	tsʰaŋ5	tʂʰaŋ5	tʂʰaŋ5	tʂʰaŋ5
上	上面	ʂaŋ5	saŋ5	saŋ6	saŋ5	ʂaŋ5	ʂaŋ6	ʂaŋ5
让		ʐaŋ5	zaŋ5	zaŋ6	zaŋ5	ʐaŋ5	ʐaŋ6/ʯaŋ6	ʐaŋ5
向		ɕiaŋ5	ɕiaŋ5	ɕiaŋ5	ɕiaŋ5	ɕiaŋ5	ɕiaŋ5	ɕiaŋ5
样		iaŋ5	iaŋ5	iaŋ5	iaŋ5	iaŋ5	iaŋ6	iaŋ5
略		lo5	—	lio2	io2	lio2	lio1	lio2
掠		lo5	lio2	lio2	lye2	lio2	lio1	lio2
雀		tɕʰye1	tɕʰye2	tɕʰio2	tɕʰio2	tɕʰio1	tɕʰio1	tɕʰye5
鹊		tɕʰye1	tɕʰye2	tɕʰio2	tɕʰio2	tɕʰio1	tɕʰio1	tɕʰye5
削		ɕio1	ɕye1	ɕio1	ɕye2	ɕio1	ɕio1	ɕio1
着	睡着	tsʮo2	tso2	tso2	tso2	tʂʯo2	tʂʯo1	tʂʯo2
勺		ɕio2	so2	so2	—	ʂʯo2	ʂʯo6	ʂʯo2
芍		ɕio2	so2	so2	so2	ʂʯo2	ʂʯo6	ʂʯo2
若		zʮo1	zo2	ʯo2	zo2	ʯo2	ʯo1	ʯo2
弱		zʮo1	zo2	ʯo2	zo2	ʯo2	ʯo1	ʯo2
脚		tɕio1	tɕio1	tɕio1	tɕio2	tɕio2	tɕio1	tɕio1
却		tɕʰio1	tɕʰio2	tɕʰio3	tɕʰye2	tɕʰio1	tɕʰio1	tɕʰio2
虐		ȵio1	io2	lio2	io2	lio2	lio1	lio2
疟		ȵio1	—	—	—	lio2	lio1	lio2
约		io1	io1	io1	io2	io2	io1	io1
药		io1	io1	io1	io2	io2	io1	io1
钥		io1	io1	io1	io2	io2	io1	io1
跃		ye5/iau5	iau5	io1	iau5	iau5	io1	iau5
光		kuaŋ1	kuaŋ1	kuaŋ1	kuaŋ1	kuaŋ1	kuaŋ1	kuaŋ1
慌		xuaŋ1	xuaŋ1	xuaŋ1	xuaŋ1	xuaŋ1	xuaŋ1	xuaŋ1
黄		xuaŋ2	xuaŋ2	xuaŋ2	xuaŋ2	xuaŋ2	xuaŋ2	xuaŋ2
广		kuaŋ3	kuaŋ3	kuaŋ3	kuaŋ3	kuaŋ3	kuaŋ3	kuaŋ3
谎		xuaŋ3	xuaŋ3	xuaŋ3	xuaŋ3	xuaŋ3	xuaŋ3	xuaŋ3
郭		ko1	ko1	ko2	ko2	ko2	ko1	ko2
扩		kʰo1	kʰo2	kʰo1	kʰo2	kʰo2	kʰo1	kʰo2
霍		xo1	xɤ2	xo5	xo5	xo5	xo1	xo5
藿		xo1	xɤ5	xo5	xo5	xo1	xo1	xo5
方		faŋ1	faŋ1	faŋ1	faŋ1	xuaŋ1	faŋ1	faŋ1
房		faŋ2	faŋ2	faŋ2	faŋ2	xuaŋ2	faŋ2	faŋ2
筐		kʰuaŋ1	kʰuaŋ1	kʰuaŋ1	kʰuaŋ1	kʰuaŋ1	kʰuaŋ1	kʰuaŋ1
王		uaŋ2	uaŋ2	uaŋ2	uaŋ2	uaŋ2	uaŋ2	uaŋ2
网		uaŋ3	uaŋ3	uaŋ3	uaŋ3	uaŋ3	uaŋ3	uaŋ3
放		faŋ5	faŋ5	faŋ5	faŋ5	xuaŋ5	faŋ6	faŋ5
旺		uaŋ5	uaŋ5	uaŋ6	uaŋ5	uaŋ5	uaŋ6	uaŋ5
桩		tsʮaŋ1	tsuaŋ1	tʂʯaŋ1	tsuaŋ1	tʂʯaŋ1	tʂʯaŋ1	tʂʯaŋ1
窗		tsʰʮaŋ1	tsʰuaŋ1	tsʰaŋ1	tsʰuaŋ1	tʂʰʯaŋ1	tʂʰʯaŋ1	tʂʰʯaŋ1
双		sʮaŋ1	suaŋ1	saŋ1	suaŋ1	ʂʯaŋ1	ʂʯaŋ1	ʂʯaŋ1
江		tɕiaŋ1	tɕiaŋ1	tɕiaŋ1	tɕiaŋ1	tɕiaŋ1	tɕiaŋ1	tɕiaŋ1
绑		paŋ3	paŋ3	paŋ3	paŋ3	paŋ3	paŋ3	paŋ3
棒		paŋ5	paŋ5	paŋ6	paŋ5	paŋ5	paŋ6	paŋ5
讲		tɕiaŋ3	tɕiaŋ3	tɕiaŋ3	tɕiaŋ3	tɕiaŋ3	tɕiaŋ3	kaŋ3-/tɕiaŋ3=
项		ɕiaŋ5	xaŋ5	xaŋ6	xaŋ5	ɕiaŋ5	xaŋ6	xaŋ5-/ɕiaŋ5=
胖		pʰaŋ5	pʰaŋ5	pʰaŋ5	pʰaŋ5	pʰaŋ5	pʰaŋ5	pʰaŋ5
撞		tsʮaŋ5	tsʰuaŋ5	tʂʯaŋ5	tsʰuaŋ5	tʂʯaŋ5	tʂʯaŋ6	tʂʯaŋ5
虹		tɕiaŋ5	tɕiaŋ5	kaŋ5	kaŋ5	kaŋ5	kaŋ5	tɕiaŋ5
剥		po1	po1	po1	po2	po1	po1	po1
桌		tsʮo1	tso1	tso1	tso2	tʂʯo2	tʂʯo1	tʂʯo1
琢		tsʮo2	tso2	tso2	tso2	tʂʯo2	tʂʯo1	tʂʯo2
啄		tsʮo2	tso2	tso2	tso2	tʂʯo2	tso1	tso1
戳		tsʰʮo1	tsʰo1	tsʰo3	tsʰo2	tʂʰʯo3	tʂʰʯo1	tʂʰʯo1
浊		tsʮo2	tso2	—	—	tʂʯo2	—	tʂʯo2
捉		tsʮo1	tso1	tso1	tso2	tʂʯo2	tʂʯo1	tʂʯo1
镯		tsʮo2	tso2	tsʰo6	tso2	tʂʯo2	—	tʂʯo2
觉	知觉	tɕio1	tɕio2	tɕio2	tɕio2	tɕio2	tɕio1	tɕio2
角		tɕio1	kɤ2-/tɕio2=	ko2-/tɕio2=	ko2-/tɕio2=	ko2-/tɕio2=	ko1-/tɕio1=	ko2-/tɕio2=
饺		tɕiau3	tɕiau3	tɕiau3	tɕiau3	tɕiau3	tɕiau3	tɕiau3
确		tɕʰio5	tɕʰio2	tɕʰio5	tɕʰio2	tɕʰio1	tɕʰio3	tɕʰio2
壳		kʰɤ1	kʰɤ1	kʰo1	kʰo2	kʰo2	kʰo1	kʰo1
岳	姓岳	io1	io2	io2	io2	io2	io1	io2
乐	音乐	io1	io2	io2	io2	io2	io1	io2
学		ɕio2	ɕio2	ɕio2	ɕio2	ɕio2	ɕio6	ɕio2
握		uo1	ɤ2	u3	uo2	u2	u3	uo2
朋		pʰəŋ2	pʰəŋ2	pʰəŋ2	pʰəŋ2	pʰəŋ2	pʰəŋ2	pʰəŋ2
灯		təŋ1	ten1	ten1	ten1	ten1	ten1	ten1
能		nəŋ2	len2	len2	len2	len2	len2	len2
增		tsəŋ1	tsen1	tsen1	tsen1	tsen5	tsen1	tsen1
层		tsʰəŋ2	tsʰen2	tsʰen2	tsʰen2	tsʰen2	tsʰen2	tsʰen2
肯		kʰen3	kʰen3	kʰen3	kʰen3	kʰen3	kʰen3	kʰen3
邓		təŋ5	ten5	ten6	ten5	ten5	ten6	ten5
赠		tsəŋ5	tsuen1	tsen6	tsen5	tsen5	tsen1	tsen5
北		pei1	pe2	pe1	pe2	pe2	pe1	pe2
墨		mei2	me2	mie1	mie2	mie2	me1	mie2
默		mei2	me2	mie1	mie2	me2	me1	mie2
得		tei1	te2	te2	te2	te2	te1	te2
德		tei1	te2	te2	te2	te2	te1	te2
特		tʰuei1	tʰe2	tʰie2	tʰie2	tʰie2	tʰie6	tʰie2
肋		lei1	le1	lie1	lie2	lie2	le1	le1
勒		lei1	le1	lie1	lie2	lie2	le1	le1
则		tsæ1	tsɤ2	tsʰe2	tse2	tse2	tsʰe1	tse2
贼		tsʰei2	tsei2	tsei2	tsei2	tsei2	tse6	tsei2
塞	闭塞	sei1	se1	se1	se2	se2	se1	se1
刻	刻字	kʰei1	kʰɤ2	kʰe2	kʰe2	kʰe2	kʰe1	kʰe2
克		kʰei1	kʰɤ2	kʰe2	kʰe2	kʰe2	kʰe1	kʰe2
黑		xei1	xɯ1	xe1	xe2	xe2	xe1	xe1/xɯ1
冰		piŋ1	pin1	pin1	pin1	pin1	pin1	pin1
凌		lin2	lin2	lin2	lin2	lin2	lin2	lin2
蒸		tʂəŋ1	tsen1	tsen1	tsen1	tʂen1	tʂen1	tʂen1
称	称重	tʂʰəŋ1	tsʰen1	tsʰen1	tsʰen1	tʂʰen1	tʂʰen1	tʂʰen1
升		ʂəŋ1	sen1	sen1	sen1	ʂen1	ʂen1	ʂen1
鹰		iŋ1	in1	in1	in1	in1	in1	in1
秤		tʂʰəŋ5	tsʰen5	tsʰen5	tsʰen5	tʂʰen5	tʂʰen5	tʂʰen5
剩		ʂəŋ5	sen5	sen6	sen5	ʂen5	ʂen6	ʂen5
胜	胜利	ʂəŋ5	sen5	sen5	sen5	ʂen5	ʂen5	ʂen5
孕		yn5	yn5	yn6	zuen5	ʯen5	ʯen6	ʯen5
逼		pi1	pi2	pi2	pi2	pi2	pi1	pi2
力		li1	li2	li5	li2	li2	li1	li2
即		tɕi1	tɕi5	tɕi5	tɕi2	tɕi1	tɕi1	tɕi5
鲫		tɕi1	tɕi1	tɕi5	tɕi2	tɕi1	tɕi5	tɕi5
息		ɕi1	ɕi2	ɕi2	ɕi2	ɕi2	ɕi1	ɕi2
熄		ɕi1	ɕi2	ɕi2	ɕi2	ɕi2	ɕi1	ɕi2
媳		ɕi1	ɕi2	ɕi2	ɕi2	ɕi2	ɕi1	ɕi2
直		tʂʅ2	tsɿ2	tsɿ6	tsɿ2	tʂʅ2	tʂʅ6	tʂʅ2
值		tʂʅ2	tsɿ1	tsɿ6	tsɿ2	tʂʅ2	tʂʅ6	tʂʅ2
侧		tsʰei1	tsʰɤ2	tsʰe2	tsʰe2	tsʰe2	tsʰe1	tsʰe2
测		tsʰei1	tsʰɤ2	tsʰe2	tsʰe2	tsʰe2	tsʰe1	tsʰe2
色		sei1-/sɤ1=	sɤ2	se2	se2	se2	se1	ʂe2
啬	吝啬	—	—	se2	se2	se2	se1	ʂe2
织		tʂʅ1	tsɿ1	tsɿ1	tsɿ2	tʂʅ2	tʂʅ1	tʂʅ1
职		tʂʅ1	tsɿ2	tsɿ2	tsɿ2	tʂʅ2	tʂʅ1	tʂʅ2
食		ʂʅ2	sɿ2	sɿ6	sɿ2	ʂʅ2	ʂʅ6	ʂʅ2
识		ʂʅ1	sɿ2	sɿ2	sɿ2	ʂʅ2	ʂʅ1	ʂʅ2
式		ʂʅ5	sɿ5	sɿ5	sɿ5	ʂʅ5	ʂʅ5	ʂʅ5
饰		ʂʅ5	sɿ2	sɿ5	sɿ5	ʂʅ5	ʂʅ5	ʂʅ5
植		tʂʅ2	tsɿ2	tsɿ6	tsɿ2	tʂʅ2	tʂʅ6	tʂʅ2
极		tɕi2	tɕi2	tɕi6	tɕi2	tɕi2	tɕi1	tɕi2
忆		i5	i5	i5	i5	i5	i5	i5
亿		i5	i5	i5	i5	i5	i5	i5
彭		pʰəŋ2	pʰen2	pʰen2	pʰen2	pʰen2	pʰen2	pʰen2
撑		tsʰəŋ1	tsʰen1	tsʰen1	tsʰen1	tsʰen1	tsʰen1	tʂʰen1
生		səŋ1	sen1	saŋ1	sen1	sen1	sen1	sen1/ʂen1
坑		kʰəŋ1	kʰen1	kʰen1	kʰen1	kʰen1	kʰen1	kʰen1
行	行为	ɕiŋ2	ɕin2	ɕin2	ɕin2	ɕin2	ɕin2	ɕin2
打		ta3	ta3	ta3	ta3	ta3	ta3	ta3
冷		ləŋ3	len3	laŋ3	len3	len3	len3	len3
省	节省	səŋ3	sen3	sen3	sen3	sen3	sen3	ʂen3
哽	哽住	—	ken3	ken3	ken3	ken3	ken3	ken3
杏		xəŋ5	xen5	xen6	xen5	xen5	xen6	xen5
孟		məŋ5	məŋ5	məŋ6	məŋ5	məŋ5	məŋ6	məŋ5
硬		ȵiŋ5	en5	ŋaŋ6-/ŋen6=	ŋen5	ŋen5	ŋen6	ŋen5/ȵin5
百		pei1	pe1	pe1	pe2	pe2	pe1	pe1
柏		pei1	pe1	pe1	pe2	pe2	pe1	pe1
伯		pei1	pe2	pe1	pe2	pe2	pe1	pe2
迫		pʰei1	pʰe2	pʰe1	pʰie2	pʰe2	pʰe1	pʰe3
拍		pʰei1	pʰe1	pʰe1	pʰie2	pʰe2	pʰe1	pʰe1
魄		pʰo1	pʰe2	pʰe1	pʰie2	pʰe2	pʰe1	pʰe1
白		pei2	pe2	pe2	pe2	pe2	pe6	pe2
陌		mo5	me2	mo2	me2	mo2	me1	me2
拆		tsʰei1	tsʰɤ1	tsʰe1	tsʰe2	tsʰe2	tsʰe1	tʂʰe1
泽		tsei2	tsɤ2	tsʰe2	tsʰe2	tsʰe2	tsʰe1	tʂe2/tsʰe2
择	择菜	tsei2	tsɤ2	tse2	tsʰe2	tse2	tse6	tʂe2
宅		tsei2	tse2	tse2	tsʰe2	tse2	tse1	tʂai1
窄		tsei1	tsɤ1	tse1	tse2	tse2	tse1	tʂe1
格		kei1-/kɤ1=	kɤ2	ke1	ke2	ke2	ke1	ke2
客		kʰei1-/kʰɤ1=	kʰɤ2	kʰe1	kʰe2	kʰe2	kʰe1	kʰe2
额		ŋei1-/ŋɤ1=	ɤ2	ŋe2	ŋe2	ŋe2	ŋe1	ŋo2
争		tsəŋ1	tsen1	tsen1	tsen1	tsen1	tsen1	tʂen1
耕		kəŋ1	ken1	ken1	ken1	ken1	ken1	ken1
茎		tɕiŋ1	tɕin1	tɕin1	tɕin1	tɕin1	tɕin1	tɕin1
樱		iŋ1	in1	in1	ŋen1	in1	in1	in1
幸		ɕiŋ5	ɕin5	ɕin6	ɕin5	ɕin5	ɕin6	ɕin5
麦		mei1	me1	mie1	me2	mie2	me1	me1
脉		mei1	me2	mie1	me2	mie2	me1	me2
摘		tsei2	tsɤ1	tse1	tse2	tse2	tse1	tʂe1
责		tsei2	tsɤ2	tse2	tse2	tse2	tse1	tʂe2
策		tsʰei1	tsʰɤ2	tsʰe2	tsʰe2	tsʰe2	tsʰe1	tʂʰe2
册		tsʰei1	tsʰɤ2	tsʰe2	tsʰe2	tsʰe2	tsʰe1	tʂʰe1
革		kei1	kɤ2	ke1	ke2	ke2	ke1	ke2
隔		kei1	kɤ1	ke1	ke2	ke2	ke1	ke1
核	核对	xæ1	xɤ2	xe6	xe2	xe2	xe6	xe2
轭		—	—	ŋe1	—	ŋe2	ŋe1	—
兵		piŋ1	pin1	pin1	pin1	pin1	pin1	pin1
平		pʰiŋ2	pʰin2	pʰin2	pʰin2	pʰin2	pʰin2	pʰin2
明		miŋ2	min2	min2	min2	min2	min2	min2
京		tɕiŋ1	tɕin1	tɕin1	tɕin1	tɕin1	tɕin1	tɕin1
惊		tɕiŋ1	tɕin1	tɕin1	tɕin1	tɕin1	tɕin1	tɕin1
迎		iŋ2	in2	in2	in2	in2	in2	in2
景		tɕiŋ3	tɕin3	tɕin3	tɕin3	tɕin3	tɕin3	tɕin3
影		iŋ3	in3	in3	in3	in3	in3	in3
病		piŋ5	pin5	pʰin6-/pin6=	pin5	pin5	pin6	pin5
庆		tɕʰiŋ5	tɕʰin5	tɕʰin5	tɕʰin5	tɕʰin5	tɕʰin5	tɕʰin5
剧	戏剧	tɕy5	tɕy5	tʂʯ5	tɕy5	tʂʯ5	tʂʯ5	tɕy5
逆		ȵi2	i2	ȵi2	li2	li2	ȵi1	ȵi2
名		miŋ2	min2	min2	min2	min2	min2	min2
睛		tɕiŋ1	tɕin1	tɕin1	tɕin1	tɕin1	tɕin1	tɕin1
情		tɕʰiŋ2	tɕʰin2	tɕʰin2	tɕʰin2	tɕʰin2	tɕʰin2	tɕʰin2
程		tʂʰəŋ2	tsʰen2	tsʰen2	tsʰen2	tʂʰen2	tʂʰen2	tʂʰen2
正	正月	tʂəŋ1	tsen1	tsen1	tsen1	tʂen1	tʂen1	tʂen1
声		ʂəŋ1	sen1	sen1	sen1	ʂen1	ʂen1	ʂen1
成		tʂʰəŋ2	tsʰen2	tsʰen2	tsʰen2	tʂʰen2	tʂʰen2	tʂʰen2
轻	轻重	tɕʰiŋ1	tɕʰin1	tɕʰin1	tɕʰin1	tɕʰin1	tɕʰin1	tɕʰin1
婴		iŋ1	in1	in1	in1	in1	in1	in1
赢		iŋ2	in2	in2	in2	in2	in2	in2
领		liŋ3	lin3	lin3	lin3	lin3	lin3	lin3
井		tɕiŋ3	tɕin3	tɕin3	tɕin3	tɕin3	tɕin3	tɕin3
请		tɕʰiŋ3	tɕʰin3	tɕʰin3	tɕʰin3	tɕʰin3	tɕʰin3	tɕʰin3
静		tɕiŋ5	tɕin5	tɕin6	tɕin5	tɕin5	tɕin6	tɕin5
整		tʂəŋ3	tsen3	tsen3	tsen3	tʂen3	tʂen3	tʂen3
颈		tɕiŋ3	tɕin3	tɕin3	tɕin3	tɕin3	tɕin3	tɕin3
令		liŋ5	lin5	lin6	lin5	lin5	lin6	lin5
姓		ɕiŋ5	ɕin5	ɕin5	ɕin5	ɕin5	ɕin5	ɕin5
郑		tʂəŋ5	tsen5	tsen6	tsen5	tʂen5	tʂen6	tʂen5
正	正好	tʂəŋ5	tsen5	tsen5	tsen5	tʂen5	tʂen5	tʂen5
僻		pʰi3	pʰi3	pʰi5	pʰi2	pʰi3	pʰi3	pʰi3
积		tɕi1	tɕi2	tɕi2	tɕi2	tɕi2	tɕi1	tɕi2
迹		tɕi1	tɕi2	tɕi2	tɕi2	tɕi2	tɕi1	tɕi2
脊		tɕi1	tɕi1	tɕi1	tɕi2	tɕi2	tɕi1	tɕi1
籍		tɕi1	tɕi2	tɕi2	tɕi2	tɕi2	tɕi6	tɕi2
惜		ɕi1	ɕi2	ɕi1	ɕi2	ɕi2	ɕi1	ɕi2
席		ɕi2	ɕi2	ɕi2	ɕi2	ɕi2	ɕi6	ɕi2
夕		ɕi1	ɕi2	ɕi1	ɕi2	ɕi2	ɕi1	ɕi2
只	一只	tʂʅ1	tsɿ1	tsɿ1	tsɿ2	tʂʅ1	tʂʅ1	tʂʅ1
赤	赤脚	tʂʰʅ5	tsʰɿ2	tsʰɿ1	tsʰɿ2	tʂʰʅ2	tʂʰʅ1	tʂʰʅ2
尺		tʂʰʅ1	tsʰɿ1	tsʰɿ1	tsʰɿ2	tʂʰʅ2	tʂʰʅ1	tʂʰʅ1
适		ʂʅ2	sɿ1	sɿ5	sɿ2	ʂʅ2	ʂʅ1	ʂʅ2
释		ʂʅ2	sɿ2	sɿ5	sɿ2	ʂʅ5	ʂʅ1	ʂʅ5
石		ʂʅ2	sɿ2	sɿ2	sɿ2	ʂʅ2	ʂʅ6	ʂʅ2
益		i1	i2	i5	i2	i2	i1	i5
瓶		pʰiŋ2	pʰin2	pʰin2	pʰin2	pʰin2	pʰin2	pʰin2
钉	铁钉	tɕiŋ1	tin1	tin1	tin1	tin1	tin1	tin1
听	听话	tɕʰiŋ1	tʰin1	tʰin1	tʰin1	tʰin1	tʰin1	tʰin1
停		tɕʰiŋ2	tʰin2	tʰin2	tʰin2	tʰin2	tʰin2	tʰin2
灵		liŋ2	lin2	lin2	lin2	lin2	lin2	lin2
零		liŋ2	lin2	lin2	lin2	lin2	lin2	lin2
青		tɕʰiŋ1	tɕʰin1	tɕʰin1	tɕʰin1	tɕʰin1	tɕʰin1	tɕʰin1
星		ɕiŋ1	ɕin1	ɕin1	ɕin1	ɕin1	ɕin1	ɕin1
经		tɕiŋ1	tɕin1	tɕin1	tɕin1	tɕin1	tɕin1	tɕin1
形		ɕiŋ2	ɕin2	ɕin2	ɕin2	ɕin2	ɕin2	ɕin2
顶		tɕiŋ3	tin3	tin3	tin3	tin3	tin3	tin3
醒		ɕiŋ3	ɕin3	ɕin3	ɕin3	ɕin3	ɕin3	ɕin3
定		tɕiŋ5	tin5	tʰin6	tin5	tin5	tin6	tin5
壁		pi1	pi5	pi5	pi2	pi2	pi1	pi5
劈		pʰi3	pʰi1	pʰi1	pʰi1	pʰi1	pʰi1	pʰi1
的	目的	tei1	ti2	ti1	ti2	ti2	ti1	ti5
滴		tɕi1	ti1	ti1	ti2	ti2	ti1	ti1
嫡		tɕi1	ti2	ti2	ti2	ti2	ti1	ti1
踢		tɕʰi1	tʰi1	tʰi1	tʰi2	tʰi2	tʰi1	tʰi1
剔		tɕʰi1	tʰi1	tʰi5	tʰi5	tʰi3	tʰi5	tʰi5
笛		tɕi2	ti2	ti2	ti2	ti2	ti6	ti2
敌		tɕi2	ti2	ti2	ti2	ti2	ti6	ti2
历	历史	li2	li5	li1	li2	li2	li1	li2
历	日历	li2	li5	li1	li2	li2	li1	li2
绩		tɕi1	tɕi2	tɕi5	tɕi2	tɕi2	tɕi1	tɕi2
寂		tɕi1	tɕi2	tɕi1	tɕi2	tɕi5	tɕi6	tɕi2
锡		ɕi1	ɕi1	ɕi1	ɕi2	ɕi2	ɕi1	ɕi1
析		ɕi1	ɕi2	ɕi1	ɕi2	ɕi2	ɕi1	ɕi1
击		tɕi1	tɕi1	tɕi2	tɕi2	tɕi2	tɕi1	tɕi1
激		tɕi1	tɕi2	tɕi2	tɕi2	tɕi2	tɕi1	tɕi2
吃		tʂʰʅ1	tsʰɿ1	tɕʰia2	tsʰɿ2	tʂʰʅ2	tɕʰi1-/tʂʰʅ1=	tʂʰʅ1
横		xuŋ2	xuen2	xen2	xen2	xuen2	xuen2	xuen2
获		xuæ2	xu5	xo5	xo2	xo5	xo6	xo5
兄		ɕyŋ1	ɕioŋ1	ɕiəŋ1	ɕyŋ1	ɕioŋ1	ɕiəŋ1	ɕioŋ1
荣		yŋ1	zuŋ2	iəŋ2	yn2	ioŋ2	iəŋ2	ʐoŋ2
永		yŋ3	yn3	yn3	yn3	ʯen3	ʯen3	ʯen3-/yn3=
东		tuŋ1	təŋ1	təŋ1	tuŋ1	toŋ1	təŋ1	təŋ1
同		tʰuŋ2	tʰəŋ2	tʰəŋ2	tʰuŋ2	tʰoŋ2	tʰəŋ2	tʰəŋ2
聋		ləŋ2	ləŋ1	ləŋ1	luŋ1	loŋ1	ləŋ1	loŋ2/ləŋ2
聪		tsʰʮŋ1	tsʰuŋ1	tsʰəŋ1	tsʰuŋ1	tsʰoŋ1	tsʰəŋ1	tsʰəŋ1
公		kuŋ1	kuŋ1	kəŋ1	kuŋ1	koŋ1	kəŋ1	koŋ1
空	空虚	kʰuŋ1	kʰuŋ1	kʰəŋ1	kʰuŋ1	kʰoŋ1	kʰəŋ1	kʰoŋ1
红		xuŋ2	xuŋ2	xəŋ2	xuŋ2	xoŋ2	xəŋ2	xoŋ2
桶		tʰuŋ3	tʰəŋ3	tʰəŋ3	tʰuŋ3	tʰoŋ3	tʰəŋ2	tʰəŋ3
动		tuŋ5	təŋ5	tʰəŋ6-/təŋ6=	tuŋ5	toŋ5	təŋ6	təŋ5
拢		luŋ3	ləŋ3	ləŋ3	luŋ3	loŋ3	ləŋ3	ləŋ3
总		tsʮŋ3	tsuŋ3	tsəŋ3	tsuŋ3	tsoŋ3	tsəŋ3	tsəŋ3
孔		kʰuŋ3	kʰuŋ3	kʰəŋ3	kʰuŋ3	kʰoŋ3	kʰəŋ3	kʰoŋ3
冻		tuŋ5	təŋ5	təŋ5	tuŋ5	toŋ5	təŋ5	təŋ5
洞		tuŋ5	təŋ5	tʰəŋ6	tuŋ5	toŋ5	təŋ6	təŋ5
弄		luŋ5	ləŋ5	ləŋ6	luŋ5	loŋ5	ləŋ6	ləŋ5/loŋ5
送		sʮŋ5	suŋ5	səŋ5	suŋ5	soŋ5	səŋ5	səŋ5/soŋ5
空	空白	kʰuŋ5	kʰuŋ5	kʰəŋ1	kʰuŋ5	kʰoŋ5	kʰəŋ5	kʰoŋ5
扑		pʰu1	pʰu1	pʰu1	pʰu2	pʰu2	pʰu1	pʰu1
瀑		pʰu1	pʰu2	pʰu2	pʰu2	pʰu2	pʰu1	pʰu2
木		mu1	mu1	mo1	mu2	mo2	mo1	mo1
秃		tʰəu1	tʰu1	tʰəu1	tʰu2	tʰəu1	tʰəu1	tʰəu1
独		təu2	tu2	təu6	tu2	təu2	təu6	təu2
读		təu2	tu2	təu6	tu2	təu2	təu6	təu2
鹿		ləu1	lu1	ləu1	lu2	ləu2	ləu1	ləu1
禄		ləu1	lu1	ləu1	lu2	ləu2	ləu1	ləu1
族		tsʰəu2	tsʰu3	tsʰəu6	tɕʰy2	tsʰəu2	tsʰəu6	tsʰəu2
速		səu1	su2	səu2	ɕy2	səu2	səu1	səu2
谷	山谷	ku1	ku1	ku1	ku2	ku2	ku1	ku1
谷	五谷	ku1	ku1	ku1	ku2	ku2	ku1	ku1
哭		kʰu1	kʰu1	kʰu1	kʰu2	kʰu2	kʰu1	kʰu1
屋		u1	u1	u2	u2	u2	u1	u2
冬		tuŋ1	təŋ1	təŋ1	tuŋ1	toŋ1	təŋ1	təŋ1
农		luŋ2	ləŋ2	ləŋ2	luŋ2	loŋ2	ləŋ2	ləŋ2
松	松紧	sʮŋ1	suŋ1	səŋ1	suŋ1	soŋ1	səŋ1	soŋ1
宋		sʮŋ5	suŋ5	səŋ5	suŋ5	soŋ5	səŋ6	soŋ5
毒		təu2	tu2	təu6	tu2	təu2	təu6	təu2
风		fəŋ1	fəŋ1	fəŋ1	fəŋ1	xoŋ1	fəŋ1	fəŋ1
冯		fəŋ2	fəŋ2	fəŋ2	fəŋ2	xoŋ2	fəŋ2	fəŋ2
中	中间	tsʮŋ1	tsuŋ1	tsəŋ1	tsuŋ1	tʂoŋ1	tʂəŋ1	tʂoŋ1
虫		tsʰʮŋ2	tsʰuŋ2	tsʰəŋ2	tsʰuŋ2	tʂʰoŋ2	tʂʰəŋ2	tʂʰoŋ2
崇		tsʰʮŋ2	tsʰuŋ2	tsʰəŋ2	tsʰuŋ2	tsʰoŋ2	tsʰəŋ2	tsʰəŋ2
终		tsʮŋ1	tsuŋ1	tsəŋ1	tsuŋ1	tʂoŋ1	tʂəŋ1	tʂoŋ1
充		tsʰʮŋ1	tsʰuŋ1	tsʰəŋ1	tsʰuŋ1	tʂʰoŋ1	tʂʰəŋ1	tʂʰoŋ1
绒		zʮŋ2	zuŋ2	iəŋ2	zuŋ2	ʐoŋ2	iəŋ2	ʐoŋ2
穷		tɕʰyŋ2	tɕʰioŋ2	tɕʰiəŋ2	tɕʰyŋ2	tɕʰioŋ2	tɕʰiəŋ2	tɕʰioŋ2
熊		ɕyŋ2	ɕioŋ2	ɕiəŋ2	ɕyŋ2	ɕioŋ2	ɕiəŋ2	ɕioŋ2
融		yŋ2	zuŋ2	iəŋ2	yŋ2	ioŋ2	iəŋ2	ʐoŋ2
梦		məŋ5	məŋ5	məŋ6	məŋ5	məŋ5	məŋ6	məŋ5
中	中奖	tsʮŋ5	tsuŋ5	tsəŋ5	tsuŋ5	tʂoŋ5	tʂəŋ5	tʂoŋ5
福		fu1	fu2	fu2	fu2	xu2	fu1	fu2
幅		fu1	fu2	fu2	fu2	xu5	fu1	fu2
蝠		fu1	fu2	fu2	fu2	xu2	fu1	fu2
腹		fu1	fu2	fu2	fu2	xu2	fu2	fu2
覆		fu1	fu2	fu2	fu2	xu2	fu1	fu2
服		fu2	fu2	fu2	fu2	xu2	fu6	fu2
伏		fu2	fu2	fu2	fu2	xu2	fu6	fu2
目		mu1	mu5	mo1	mu2	mo2	mu1	mo2
穆		mu1	mu1	mo5	mu2	mo2	mu1	mo1
六		liəu1	ləu2	ləu2	lu2	ləu2	ləu1	ləu2
陆		ləu1	ləu2	ləu2	lu2	ləu2	ləu1	ləu2
肃		səu1	su2	səu2	ɕy2	səu2	səu1	səu2
宿		səu1	ɕy1	səu2	su2	səu2	səu1	səu2
竹		tsəu1	tsu1	tsəu1	tsu2	tʂəu2	tʂəu1	tʂəu1
筑		tsəu2	tsu2	tsəu2	tsu2	tʂəu2	tʂəu1	tʂəu2
畜	畜生	tsʰəu1	tsʰu2	tsʰəu2	tsʰu2	tʂʰəu2	tʂʰəu1	tʂʰəu2
逐		tsəu2	tsu2	tsəu6	tsu2	tʂəu2	tʂəu1	tʂəu2
轴		tsəu2	tsu2	tsəu6	tsu2	tʂəu2	tʂəu6	tʂəu2
缩		sʮo1	so2	səu2	su2	səu2	səu1	so2
祝		tsəu2	tsu2	tsəu2	tsu2	tʂəu2	tʂəu1	tʂəu2
粥		tsəu1	tsu1	tsəu1	—	tʂəu2	tʂəu1	tʂəu1
叔		səu1	su2	səu1	su2	ʂəu2	ʂəu1	ʂəu2
熟		səu2	su2	səu2	su2	ʂəu2	ʂəu6	ʂəu2
肉		ʐəu5	zəu5	zəu5	zu2	ʐəu5	ʐəu1	ʐəu5
菊		tɕy1	tɕy2	tʂʯ2	tɕy2	tʂʯ2	tʂʯ1	tʂʯ2-/tɕy2=
曲	酒曲	tɕʰy1	tɕʰy1	tʂʰʯ1	tɕʰy2	tʂʰʯ2	tʂʰʯ1	tɕʰy1
畜	畜牧	ɕy1	ɕy2	ɕiəu2	ɕy2	ɕiəu2	ɕiəu1	ɕiəu2
蓄	储蓄	ɕy1	ɕy2	ɕiəu2	ɕy2	ɕiəu2	ɕiəu1	ɕiəu2
育		y5	y2	iəu2	y2	ʯ5	iəu1	iəu5
缝		fəŋ2	fəŋ2	fəŋ2	fəŋ2	xoŋ2	fəŋ2	fəŋ2
浓		luŋ2	ləŋ2	ləŋ2	luŋ2	loŋ2	ləŋ2	ləŋ2
龙		luŋ2	ləŋ2	ləŋ2	luŋ2	loŋ2	ləŋ2	ləŋ2
从	服从	tsʰʮŋ2	tsʰuŋ2	tsʰəŋ2	tsʰuŋ2	tsʰoŋ2	tsʰəŋ2	tsʰəŋ2/tsʰoŋ2
松	松树	sʮŋ1	suŋ1	səŋ1	suŋ1	soŋ1	səŋ1	səŋ1
重	重复	tsʰʮŋ2	tsʰuŋ2	tsʰəŋ2	tsʰuŋ2	tsʰoŋ2	tsʰəŋ2	tʂʰoŋ2
冲		tsʰʮŋ1	tsʰuŋ1	tsʰəŋ1	tsʰuŋ1	tʂʰoŋ1	tʂʰəŋ1	tʂʰoŋ1
凶	吉凶	ɕyŋ1	ɕioŋ1	ɕiəŋ1	ɕyŋ1	ɕioŋ1	ɕiəŋ1	ɕioŋ1
容		yŋ2	zuŋ2	iəŋ2	yŋ2	ioŋ2	iəŋ2	ʐoŋ2
捧		pʰəŋ3	pʰəŋ3	pʰəŋ3	pʰəŋ3	pʰəŋ3	pʰəŋ3	pʰəŋ3
重	轻重	tsʮŋ5	tsuŋ5	tsʰəŋ6	tsuŋ5	tʂoŋ5	tʂəŋ6	tʂoŋ5
种	种类	tsʮŋ3	tsuŋ3	tsəŋ3	tsuŋ3	tʂoŋ3	tʂəŋ3	tʂoŋ3
拱	拱桥	kuŋ5	kuŋ3	kəŋ3	kuŋ3	koŋ3	kəŋ3	koŋ3
种	种树	tsʮŋ5	tsuŋ5	tsəŋ5	tsuŋ5	tʂoŋ5	tʂəŋ5	tʂoŋ5
共		kuŋ5	kuŋ5	kʰəŋ6	kuŋ5	koŋ5	kəŋ6	kəŋ5/koŋ5
用		yŋ5	ioŋ5	iəŋ6	yŋ5	ioŋ5	iəŋ6	ioŋ5
绿		liəu1-/ly1=	ləu1	ləu1	lu2	ləu2	ləu1	ləu1
录		ləu1	ləu1	ləu1	lu2	ləu2	ləu1	ləu1
足		tsəu1	tsu2	tsəu2	tsu2	tsəu2	tsəu1	tsəu2
促		tsʰəu1	tsʰu2	tsʰəu2	tsʰu1	tsʰəu5	tsʰəu5	tsʰəu2
俗		səu2-/ɕy2=	su2	səu2	ɕy2	səu2	səu1	səu2
续		ɕy5	ɕy5	səu2/ɕy5	ɕy1	ɕy5	ɕi6	ɕy5
烛		tsəu2	tsu2	tsəu2	tsu2	tʂəu2	tʂəu1	tʂəu2
嘱		tsəu2	tsu2	tsəu2	tsu2	tʂəu2	tʂəu1	tʂəu2
触		tsʰəu1	tsu2	tsʰəu2	tsu2	tʂəu2	tʂəu1	tʂəu2
赎		səu2	su2	—	—	—	—	səu2
束		səu1	su2	tsʰəu2	su2	tʂʰəu2	tʂʰəu1	səu2
属		səu2	su3	səu2	su2	ʂəu2	ʂəu6	ʂəu2
辱		ʐəu2	zu3	zəu3	zu3	ʐəu2	ʐəu1	ʐəu2
局		tɕy2	tɕy2	tʂʯ2	tɕy2	tʂʯ2	tʂʯ1	tʂʯ2-/tɕy2=
玉		y1	y5	ʯ2	y5	ʯ5	ʯ5	y5
狱		y1	i2	ʯ2	y2	ʯ5	ʯ1	y2
