地点：浙江丽水龙泉龙渊 字表来源：《处州方言历史比较》《吴语处州方言的地理比较》 说明：部分字音补充自语保													
汉字	IPA	声调	备注								声调	调类	调值
多	təu	1									1	阴平	335
大	dəu	6									2	阳平	211
拖	tʰəu	1	～鞋								3	阴上	53
驼	dəu	2									5	阴去	45
驮	dəu	2	拿								6	阳去	13
罗	ləu	2									7	阴入	54
箩	la	2									8	阳入	23
攞	ləu	2									0	轻声	0
左	tsəu	3									1a	变调甲	22
搓	tsʰəu	1									1b	变调乙	33
歌	kəu	1									1c	变调丙	21
哥	kəu	1									7a	阴入变调	3
个	kəu	5	～体户								8a	阳入变调	2
个	ki	5	一～										
可	kʰəu	3											
鹅	ŋəu	2											
我	ŋo	3											
饿	ŋəu	6	文										
何	əu	2											
河	əu	2											
荷	əu	2											
茄	dʑio	2	～子										
波	pu	1											
菠	pu	1											
跛	pa	3											
簸	pa	5											
坡	pu	1											
玻	pu	1											
破	pʰa	5											
婆	bu	2											
磨	məu	2	动词										
磨	məu	6	名词										
朵	tu	3											
躲	təu	1											
剁	tɛiʔ	7											
椭	tʰəu	3											
糯	nəu	6											
螺	lɛ	2	田～										
螺	ləu	2	～蛳										
脶	lɛ	2											
啰	ləu	2											
锉	tsʰəu	5											
坐	səu	3											
座	zəu	6											
蓑	səu	1											
锁	səu	3											
锅	kəu	1											
戈	kəɯʔ	7											
果	kəu	3											
过	kəu	5											
科	kʰəu	1											
窠	kʰuə	1											
课	kʰəu	5											
卧	əu	6											
火	xui	3											
夥	ua	3	多										
伙	xəu	3											
货	xəu	5											
禾	əu	2											
和	əu	2											
祸	əu	3											
涴	u	5	大便										
靴	ɕyə	1											
巴	po	1											
疤	po	1											
芭	po	1											
把	pu	3											
坝	po	5											
怕	pʰa	5											
帕	pʰɔʔ	7											
爬	bu	2											
杷	bo	2											
钯	bo	2											
耙	bo	2											
麻	mu	2											
痳	mu	2											
蟆	mo	2											
马	mo	3											
骂	mo	6	文										
拿	no	2	文										
茶	dzo	2											
搽	dzo	2											
楂	tso	1											
渣	tso	1											
榨	tsɔʔ	7											
炸	tsɔʔ	7											
叉	tsʰo	1											
差	tsʰo	1	～别										
查	dzo	2											
沙	so	1											
纱	so	1											
家	ko	1											
加	ko	1											
假	ko	3	真～、放～										
价	ko	5											
架	ko	5											
驾	ko	5											
嫁	io	5											
揢	kʰo	5	拿，拿住										
牙	ŋo	2											
芽	ŋo	2											
虾	xo	1											
下	io	3											
夏	o	6											
厦	o	6											
鸦	o	1											
哑	u	3											
亚	o	5											
借	tɕio	5											
笡	tɕʰio	5											
写	ɕio	3											
邪	ʑio	2											
斜	ʑio	2											
谢	ʑio	6											
爹	ta	1	爸爸										
遮	tɕio	1											
蔗	tɕio	5											
车	tɕʰio	1											
蛇	ʑio	2											
射	ʑio	6											
赊	ɕio	1											
捨	ɕio	3	～得										
舍	ɕio	5	宿～										
社	ɕio	3											
爷	io	2											
野	io	3											
夜	io	6											
傻	sa	1											
瓜	kuə	1											
寡	kuə	3											
跨	kʰuə	5											
瓦	ŋuə	3											
花	xuə	1											
化	xuə	5											
华	uə	2	中～										
华	uə	6	姓										
蛙	o	1											
划	uə	2	～船										
补	pɤɯ	3											
谱	pʰɤɯ	3											
布	pɤɯ	5											
铺	pʰɤɯ	1	动词										
普	pʰɤɯ	3											
浦	pʰɤɯ	3											
铺	pʰɤɯ	5	名词										
菩	bu	2											
蒲	bɤɯ	2											
脯	bu	2											
部	pu	3											
簿	pɤɯ	3											
步	bɤɯ	6											
模	məu	2											
墓	mɤɯ	6											
都	tɤɯ	1	首～、～是										
赌	tɤɯ	3											
肚	tɤɯ	3	猪～										
妒	tɤɯ	5											
土	tʰɤɯ	3											
吐	tʰɤɯ	3	～痰										
吐	tʰɤɯ	5	呕～										
兔	tʰɤɯ	5											
途	dɤɯ	2											
涂	dɤɯ	2											
图	dɤɯ	2											
徒	dɤɯ	2											
肚	tɤɯ	3	文，～子										
杜	tɤɯ	3											
度	dɤɯ	6											
渡	dɤɯ	6											
镀	dɤɯ	6											
奴	nɤɯ	2											
努	nɤɯ	3											
怒	nɤɯ	6											
卢	lɤɯ	2											
炉	lɤɯ	2											
芦	lu	2	包～：玉米										
芦	lɤɯ	2	读字音										
鲁	lɤɯ	3											
虏	lɤɯ	3											
卤	lɤɯ	3											
露	lɤɯ	6											
路	lɤɯ	6											
租	tsɤɯ	1											
祖	tsɤɯ	3											
组	tsɤɯ	3											
做	tso	5											
粗	tsʰɤɯ	1											
醋	tsʰɤɯ	5											
错	tsʰəu	5											
苏	sɤɯ	1	～联										
素	sɤɯ	5											
塑	sɤɯ	5											
箍	kʰuɯ	1											
姑	kuɯ	1											
估	kuɯ	3											
古	kuɯ	3											
股	kuɯ	3											
鼓	kuɯ	3											
故	kuɯ	5											
固	kuɯ	5											
雇	kuɯ	5											
顾	kuɯ	5											
苦	kʰuɯ	3											
库	kʰuɯ	5											
裤	kʰuɯ	5											
吴	uɯ	2											
蜈	ŋɤɯ	2											
五	ŋəu	3											
午	ŋəu	3											
伍	ŋəu	3											
悟	uɯ	6											
误	uɯ	6											
虎	xuɯ	3											
浒	xuɯ	3											
戽	xuɯ	5	～田：耘田										
壶	uɯ	2											
瓠	uɯ	2	葫										
胡	uɯ	2	姓										
狐	uɯ	2											
湖	uɯ	2											
鬍	uɯ	2	胡须										
糊	uɯ	2											
户	uɯ	3											
互	uɯ	6											
护	uɯ	6											
乌	uɯ	1											
污	uɯ	1											
女	ȵy	3											
庐	lɤɯ	2											
吕	li	3											
旅	li	3											
虑	li	6											
徐	ʑy	2											
序	ɕy	3											
绪	ɕy	3											
猪	to	1											
𣥼	ti	5	盛，盛饭										
除	dʑy	2											
苎	tɕi	3											
着	tɛ	3	～火										
箸	dʑi	6											
阻	tsɤɯ	3											
初	tsʰɤɯ	1											
楚	tsʰɤɯ	3											
础	tsʰɤɯ	3											
锄	zo	2											
助	zɤɯ	6											
疏	so	1											
蔬	sɤɯ	1											
梳	sɤɯ	1											
所	sɤɯ	3											
诸	tɕy	1											
煮	i	3	～鸡蛋										
煮	tɕy	3	读字音										
处	tɕʰy	5	家、房子										
书	ɕy	1											
舒	ɕy	1											
鼠	tɕʰi	3											
暑	ɕy	3											
薯	dʑi	6											
如	ȵy	2											
车	tɕy	1	象棋										
举	tɕy	3											
锯	kɤɯ	5											
据	tɕy	5											
去	kʰɤɯ	5											
渠	gɤɯ	2	他										
距	tɕy	3											
鱼	ŋɤɯ	2											
语	ȵy	3											
□	yɛ	3	～牛：放牛。本字疑为“守”										
虚	ɕy	1											
许	ɕy	3											
余	y	2											
与	y	3											
誉	y	6											
预	y	6											
夫	fɤɯ	1											
肤	fɤɯ	1											
斧	fɤɯ	3											
府	fɤɯ	3											
傅	fɤɯ	5											
付	fɤɯ	5											
俘	fɤɯ	1											
麸	fɤɯ	1											
符	vɤɯ	2											
扶	vɤɯ	2											
芙	vɤɯ	2											
泭	vɔʔ	8	泡沫										
腐	fɤɯ	3											
父	fɤɯ	3											
巫	uɯ	2											
诬	uɯ	2											
无	muɯ	5											
舞	muɯ	3											
武	muɯ	3											
务	muɯ	6											
雾	muɯ	6											
取	tɕʰy	3											
娶	tɕʰy	3											
趣	tɕʰy	5											
聚	tɕy	3											
需	ɕy	1											
须	ɕy	1											
鬚	ɕy	1											
蛛	ty	1											
拄	ti	5											
厨	dʑy	2											
柱	tɕy	3											
住	dʑy	6											
数	ɕy	3	动词										
数	sɤɯ	5	名词										
珠	y	1	目～：眼睛										
珠	tɕy	1	珍～										
朱	tɕy	1											
主	tɕy	3											
注	tɕy	5											
蛀	tɕy	5											
输	ɕy	1											
殊	ʑy	2											
竖	ɕy	3											
树	dʑiɯ	6											
儒	nɤɯ	2											
拘	tɕy	1											
句	tɕy	5											
区	tɕʰy	1											
具	dʑy	6											
寓	y	6											
于	y	2											
雨	y	3											
芋	u	6											
愉	y	2											
裕	y	6											
戴	ta	5											
胎	tʰɛ	1											
台	tʰɛ	1	～州										
态	tʰɛ	5											
贷	dɛ	6											
臺	dɛ	2	～湾										
代	dɛ	6											
袋	dɛ	6											
耐	na	6											
来	li	2											
灾	tsɛ	1											
再	tsɛ	5											
猜	tsʰɛ	1											
彩	tsʰɛ	3											
菜	tsʰɛ	5											
材	zɛ	2											
才	zɛ	2											
裁	zɛ	2											
财	zɛ	2											
在	sɛ	3											
赛	sɛ	5											
该	kɛ	1											
改	kɛ	3											
概	kɛ	5											
开	kʰɛ	1											
咳	kʰɛiʔ	7											
呆	ŋɛ	2											
海	xɛ	3											
爱	ɛ	5											
贝	pɛ	5											
带	ta	5											
泰	tʰa	5											
太	tʰa	5											
赖	la	6											
癞	lɔʔ	8											
蔡	tsʰa	5											
盖	ka	5											
艾	ua	6											
害	ɛ	6											
拜	pa	5											
排	ba	2											
埋	ma	2											
介	ka	5											
阶	ka	1											
戒	ka	5											
芥	ka	5											
界	ka	5											
届	ka	5											
械	a	6											
摆	pa	3											
派	pʰa	5											
牌	ba	2											
买	ma	3											
卖	ma	6											
奶	na	3											
斋	tsa	1											
债	tsa	5											
钗	tsʰo	1											
差	tsʰo	1	出～										
柴	za	2	文										
洒	sa	3	～酒：斟酒										
晒	sa	5											
街	ka	1											
解	ka	3											
鞋	a	2											
蟹	xa	3											
矮	a	3											
败	ba	6											
寨	za	6											
蔽	pi	5											
毙	bi	6											
币	bi	6											
弊	bi	6											
厉	li	6											
例	li	6											
祭	tɕi	5											
际	tɕi	5											
制	tɕi	5											
势	ɕi	5											
世	ɕi	5											
誓	ʑi	6											
艺	ȵi	6											
闭	pi	5											
批	pʰi	1											
米	mi	3											
谜	mi	2											
堤	di	2											
低	ti	1											
底	ti	3											
抵	ti	3											
帝	ti	5											
梯	tʰɛ	1											
体	tʰi	3											
替	tʰi	5											
涕	tʰi	5	文										
剃	tʰi	5											
提	di	2											
題	di	2											
蹄	di	2											
屉	tʰi	5											
弟	ti	3											
第	di	6											
递	di	6											
泥	ȵi	2											
犁	li	2											
礼	li	3											
丽	li	6											
隶	di	6											
砌	tsʰɿ	5											
齐	ʑi	2											
脐	zɤɯ	2											
荠	ʑi	2											
西	ɕi	1											
洗	ɕi	3											
细	ɕi	5											
婿	ɕi	5											
鸡	i	1											
稽	tɕi	1											
计	tɕi	5	会～										
溪	tɕʰi	1											
启	tsʰɿ	3											
锲	tɕʰi	5	砍，砍柴										
系	i	5	关～										
杯	pɛ	1											
辈	pɛ	5											
背	pɛ	1	动词										
背	pɛ	5	名词										
背	pəʔ	7a	～脊										
配	pʰɛ	5											
培	bɛ	2											
陪	bɛ	2											
赔	bɛ	2											
倍	pɛ	3											
媒	mi	2											
煤	mi	2											
枚	mi	2											
梅	mi	2											
每	mi	3											
妹	mɛ	6											
堆	tɛ	1											
碓	tɛ	5											
对	tɛ	5											
推	tʰɛ	1											
腿	tʰɛ	3											
退	tʰɛ	5											
队	dɛ	6											
内	nɛ	6											
雷	lɛ	2											
㔣	li	6	滚动、丢失										
催	tsʰɛ	1											
崔	tsʰɛ	1											
罪	sɛ	3											
碎	sɛ	5											
盔	xui	1											
恢	xui	1											
块	kʰuɛ	5											
灰	xui	1											
悔	xui	3											
茴	uɛ	2											
回	uɛ	2											
汇	uɛ	6											
煨	uɛ	1											
最	tsɛ	5											
会	kui	5	～计										
会	uɛ	6	开～										
会	ui	6	不～										
外	a	6	～公										
外	ua	6	～面										
绘	kui	5											
怪	kua	5											
怀	ua	2	～表、～里										
坏	ka	3											
拐	kua	3											
挂	kuə	5											
卦	kuə	5											
歪	ua	1											
画	uə	6											
快	kʰua	5											
话	uə	6											
脆	tsʰui	5											
岁	ɕy	5											
税	ɕy	5											
卫	ui	6											
废	fi	5											
肺	fi	5											
吠	bi	6	狗叫										
桂	kui	5											
慧	ui	6											
惠	ui	6											
碑	pɛ	1											
臂	piʔ	7											
披	pʰi	1											
皮	bi	2											
脾	bi	2											
被	pi	3											
避	bi	6											
篱	li	2											
离	li	2											
璃	li	2											
荔	li	6											
紫	tsɿ	3											
雌	tsʰɿ	1											
此	tsʰɿ	3											
刺	tɕʰi	5											
斯	sɿ	1											
知	tsɿ	1											
蜘	ti	1	～～：蜘蛛										
筛	sɤɯ	1											
支	tɕi	1											
枝	tɕi	1											
栀	tɕy	1											
纸	tɕi	3											
施	ɕi	1											
匙	ʑi	2											
是	sɿ	3											
儿	ȵi	2											
寄	tsɿ	5											
企	tsʰɿ	3											
奇	dzɿ	2											
骑	dzɿ	2											
徛	kɛ	3	站立										
技	dʑi	6											
宜	ȵi	6											
蚁	ua	3	黄～儿：蚂蚁										
蚁	ŋɤɯ	3	白～										
义	ȵi	6											
仪	ȵi	6											
牺	sɿ	1											
戏	sɿ	5											
椅	y	3											
移	i	2											
易	i	6											
悲	pɛ	1											
比	pi	3											
庇	pʰi	5											
痹	pi	5											
屁	pʰi	5											
枇	bi	2											
备	bi	6											
鼻	biʔ	8											
篦	bi	6											
眉	mi	2											
美	mi	3											
地	di	6											
尼	ȵi	2											
腻	ȵi	6											
梨	li	2											
利	li	6											
资	tsɿ	1											
姊	tsɿ	3	姐姐										
次	tsʰɿ	5											
瓷	zɿ	2											
自	zɿ	6											
私	sɿ	1											
死	sɤɯ	3											
四	sɿ	5											
泗	ɕi	5	鼻涕										
迟	dzɿ	2											
师	sɤɯ	1											
狮	sɤɯ	1											
脂	tsɿ	1											
指	tsɿ	3											
旨	tsɿ	3											
至	tsɿ	5											
示	zɿ	6											
尸	sɿ	1											
视	zɿ	6											
二	ȵi	6											
肌	tsɿ	1											
飢	kɛ	1	腹～：饿										
几	tsɿ	1	茶～										
器	tsʰɿ	5											
姨	ɿ	3											
肄	ɿ	2											
你	ȵi	3											
李	li	3											
理	li	3											
里	li	3	一～										
裏	li	3	～外										
鲤	li	3											
子	tsɤɯ	3											
磁	zɿ	2											
字	zɿ	6											
司	sɿ	1											
丝	sɿ	1											
思	sɿ	1											
词	zɿ	2											
祠	zɿ	2											
寺	zɿ	6											
痴	tsɿ	1											
持	dzɿ	2											
痔	tsɿ	3											
治	dzɿ	6											
厕	tsʰɛʔ	7											
仕	sɤɯ	3											
士	sɤɯ	3											
柿	sɤɯ	3											
事	zɤɯ	6											
史	sɤɯ	3											
使	sɤɯ	3											
驶	sɤɯ	3											
芝	tsɿ	1											
之	tsɿ	1											
址	tsɿ	3											
止	tsɿ	3											
志	tsɿ	5											
痣	tsɤɯ	5											
齿	tsʰɤɯ	3											
诗	sɿ	1											
始	sɿ	3											
试	sɤɯ	5	～～										
试	sɿ	5	考～										
时	zɿ	2											
市	sɿ	3											
耳	mi	3											
基	tsɿ	1											
萁	ɿ	1											
箕	ɿ	1											
己	tsɿ	3											
纪	tɕi	5											
记	tsɿ	5											
欺	tsʰɿ	1											
起	tsʰɿ	3											
棋	dzɿ	2											
其	dzɿ	2											
旗	dzɿ	2											
期	dzɿ	2											
疑	ȵi	2											
嬉	sɿ	1											
熙	ɕi	1											
喜	ɕi	3											
蟢	ɕi	3	文										
医	ɿ	1											
意	ɿ	5											
已	ɿ	3											
以	ɿ	3											
机	tsɿ	1											
饑	tsɿ	1	饥荒										
幾	kɛ	3	～个										
气	tsʰɿ	3											
汽	tsʰɿ	5											
毅	ȵi	6											
希	sɿ	1											
稀	sɿ	1											
依	ɿ	1											
衣	ɿ	1											
衣	i	1											
累	li	3	积～										
累	li	6	连～										
嘴	tɕy	3											
髓	ɕi	3											
随	ʑy	2											
沝	y	3	水。本字即“水”										
吹	tɕʰy	1											
炊	tɕʰy	1											
垂	dʑy	2											
规	kui	1											
亏	kʰui	1											
跪	tɕy	3											
危	ui	2											
委	ui	3											
为	ui	6	～啥										
类	li	6											
泪	li	6	文										
醉	tɕy	5											
翠	tsʰi	5											
虽	ɕy	1											
遂	ʑy	6											
追	tɕy	1											
槌	dʑy	2											
锤	dʑy	2											
帅	sa	5											
水	ɕy	3	文，～平										
龟	tɕy	1											
轨	kui	3											
季	tɕy	5											
葵	gui	2											
柜	dʑy	6											
位	y	6											
维	ui	2											
唯	ui	2											
飞	fi	1											
屄	pi	1	女阴										
非	fi	1											
匪	fi	3											
榧	fi	3											
沸	pɛ	3											
痱	pɛ	3											
费	fi	5											
肥	vi	2											
微	ui	2											
尾	mi	3											
未	mi	6											
味	mi	6											
归	kui	1											
鬼	kuɛ	3											
贵	tɕy	5	东西～										
贵	kui	5	～姓										
魏	ui	6											
挥	xui	1											
辉	xui	1											
徽	xui	1											
威	y	1											
威	ui	1											
慰	ui	5											
违	ui	2											
围	ui	2											
伟	ui	3											
胃	ui	6											
谓	ui	6											
保	pɑɔ	3											
堡	pɑɔ	3											
宝	pɑɔ	3											
报	pu	5											
袍	bɑɔ	2											
抱	pɤɯ	3											
暴	bɑɔ	6											
毛	mɑɔ	2											
冒	mɑɔ	6											
帽	ŋ	6											
帽	mɑɔ	6											
刀	tɑɔ	1											
倒	tɑɔ	3	打～										
岛	tɑɔ	3											
到	tɑɔ	5											
倒	tɑɔ	5	～车										
讨	tʰɑɔ	3											
套	tʰɑɔ	5											
桃	dɑɔ	2											
陶	dɑɔ	2											
逃	dɑɔ	2											
萄	dɑɔ	2											
稻	tɑɔ	3											
道	tɑɔ	3											
导	dɑɔ	6											
盗	dɑɔ	6											
脑	nɑɔ	3											
劳	lɑɔ	2											
捞	lɑɔ	1											
牢	lɑɔ	2											
老	lɑɔ	3											
糟	tsɑɔ	1											
早	tsɑɔ	3											
枣	tsɑɔ	3											
蚤	tsɑɔ	3											
灶	tsɑɔ	5											
操	tsʰɑɔ	1											
槽	zɑɔ	2											
草	tsʰɑɔ	3											
糙	tsʰɑɔ	5											
曹	zɑɔ	2											
皂	sɑɔ	3											
造	sɑɔ	3											
骚	sɑɔ	1											
臊	sɑɔ	1											
扫	sɑɔ	3											
嫂	sɑɔ	3											
燥	sɑɔ	5											
高	ku	1											
膏	kɑɔ	1											
糕	ku	1											
稿	kɑɔ	3											
告	kɑɔ	5											
考	kʰɑɔ	3											
烤	kʰɑɔ	3											
靠	kʰɑɔ	5											
熬	ŋɑɔ	2											
傲	ŋɑɔ	6											
好	xɑɔ	3											
毫	ɑɔ	2											
号	ɑɔ	6											
袄	u	3	棉～										
袄	ɑɔ	3	读字音										
奥	ɑɔ	5											
包	pɑɔ	1											
胞	pɑɔ	1											
饱	pɑɔ	3											
豹	pɑɔ	5											
爆	pɑɔ	5											
泡	pʰɑɔ	5											
抛	pʰɑɔ	1											
枹	pʰɑɔ	1	柚子										
炮	pʰɑɔ	5											
跑	pʰɑɔ	3											
铇	bɑɔ	6											
匏	bɤɯ	2											
茅	mɑɔ	2											
猫	mɑɔ	2	大～：老虎										
貌	mɑɔ	6											
闹	nɑɔ	6											
罩	tsɑɔ	5											
抓	tso	1	～壮丁										
爪	tsɑɔ	3											
找	tsɑɔ	3											
笊	tsɑɔ	5											
抄	tsʰɑɔ	1											
钞	tsʰɑɔ	1											
炒	tsʰɑɔ	3											
吵	tsʰɑɔ	3											
巢	zɑɔ	2											
稍	sɑɔ	3											
交	kɑɔ	1											
郊	kɑɔ	1											
胶	kɑɔ	1											
绞	kɑɔ	3											
铰	kɑɔ	3											
搞	kɑɔ	3	玩										
教	kɑɔ	5											
较	kɑɔ	5											
骹	kʰɑɔ	1	脚										
校	kɑɔ	5	～对										
敲	kʰɑɔ	1											
巧	kʰɑɔ	3											
乐	ŋɑɔ	6	要										
孝	xɑɔ	5											
效	ɑɔ	6											
标	piɑɔ	1											
表	piɑɔ	3											
飘	pʰiɑɔ	1											
漂	pʰiɑɔ	5											
票	pʰiɑɔ	5											
嫖	biɑɔ	2											
瓢	biɑɔ	2											
薸	biɑɔ	2	浮萍										
描	miɑɔ	2											
苗	miɑɔ	2											
猫	mɑɔ	5											
秒	miɑɔ	3											
庙	miɑɔ	6											
妙	miɑɔ	6											
燎	liɑɔ	2											
疗	liɑɔ	2											
焦	tɕiɑɔ	1											
椒	tɕiɑɔ	1											
蕉	tɕiɑɔ	1											
锹	tɕʰiɑɔ	1											
樵	ʑiɑɔ	2											
𢄺	tɕiɑɔ	3											
消	ɕiɑɔ	1											
宵	ɕiɑɔ	1											
销	ɕiɑɔ	1											
小	ɕiɑɔ	3											
笑	tɕʰiɑɔ	5											
鞘	tɕʰiɑɔ	5											
朝	tɕiɑɔ	1	～气										
超	tɕʰiɑɔ	1											
朝	dʑiɑɔ	2	～代										
赵	tɕiɑɔ	3											
兆	tɕiɑɔ	3											
召	dʑiɑɔ	6											
招	tɕiɑɔ	1											
照	tɕiɑɔ	5	镜子										
烧	ɕiɑɔ	1											
少	ɕiɑɔ	3	多～										
少	ɕiɑɔ	5	～年										
韶	ʑiɑɔ	2											
绍	ɕiɑɔ	3											
邵	ʑiɑɔ	6											
绕	ȵiɑɔ	6											
骄	tɕiɑɔ	1											
娇	tɕiɑɔ	1											
侨	dʑiɑɔ	2											
桥	dʑiɑɔ	2											
轿	dʑiɑɔ	6											
妖	iɑɔ	1											
邀	iɑɔ	1											
腰	iɑɔ	1											
要	iɑɔ	1	～求										
要	iɑɔ	5	需～										
摇	iɑɔ	2											
谣	iɑɔ	2											
窑	iɑɔ	2											
姚	iɑɔ	2											
舀	iɑɔ	3											
鹞	iɑɔ	6											
刁	tiɑɔ	1	聪明										
雕	tiɑɔ	1											
鸟	tiɑɔ	3											
吊	tiɑɔ	5											
钓	tiɑɔ	5											
挑	tʰiɑɔ	1											
跳	tʰiɑɔ	5											
条	diɑɔ	2											
调	diɑɔ	2	～查										
调	diɑɔ	6	音～										
尿	ɕy	1											
聊	liɑɔ	2											
辽	liɑɔ	2											
了	liɑɔ	3											
瞭	liɑɔ	2											
料	liɑɔ	6											
萧	ɕiɑɔ	1											
箫	ɕiɑɔ	1											
浇	tɕiɑɔ	1											
叫	iɑɔ	5	哭										
晓	ɕiɑɔ	3											
某	məu	3											
亩	ŋ	3											
牡	ŋ	3											
拇	mu	3											
母	ŋ	3											
贸	mɑɔ	6											
兜	tiɯ	1											
斗	tiɯ	3	一～										
抖	tiɯ	3											
鬥	tiɯ	5	～争										
偷	tʰiɯ	1											
敨	tʰiɯ	3											
透	tʰiɯ	5											
头	diɯ	2											
投	diɯ	2											
豆	diɯ	6											
楼	liɯ	2											
漏	liɯ	6											
走	tɕiɯ	3											
凑	tɕʰiɯ	5											
嗽	siɯ	5											
勾	kiɯ	1											
钩	kiɯ	1											
沟	kiɯ	1											
狗	kiɯ	3	文										
够	kiɯ	5											
口	tɕʰy	3	～□pəɯ53：嘴巴										
口	tɕʰyʔ	7a	～□bəɯʔ23：嘴巴										
口	kʰiɯ	3	户～										
扣	kʰiɯ	5											
藕	ŋiɯ	3											
鲎	xiɯ	5	彩虹										
喉	iɯ	2											
猴	iɯ	2											
後	u	3											
厚	ku	3											
后	u	3											
候	iɯ	6											
瓯	iɯ	1											
欧	iɯ	1											
富	fɤɯ	5											
副	fɤɯ	5											
浮	vɤɯ	2											
负	fɤɯ	3											
妇	fɤɯ	3											
伏	bɤɯ	6	孵										
矛	mɑɔ	2											
纽	ȵiɯ	3											
留	liɯ	2											
榴	liɯ	2											
刘	liɯ	2											
流	liɯ	2											
硫	liɯ	2											
柳	liɯ	3											
溜	liɯ	6											
廖	liɑɔ	6											
酒	tɕiɯ	3											
秋	tɕʰiɯ	1											
就	ʑiɯ	6											
修	ɕiɯ	1											
秀	ɕiɯ	5											
锈	ɕiɯ	5											
绣	ɕiɯ	5											
袖	ʑiɯ	6											
昼	tiɯ	5											
抽	tɕʰiɯ	1											
丑	tɕʰiɯ	3	时辰										
绸	dʑiɯ	2											
宙	dʑiɯ	6											
邹	tsiɯ	1											
皱	tsiɯ	5											
绉	tsiɯ	5											
愁	ziɯ	2											
瞅	tɕʰiɯʔ	7	看										
馊	siɯ	1											
搜	siɯ	1											
瘦	siɯ	5											
周	tɕiɯ	1											
舟	tɕiɯ	1											
洲	tɕiɯ	1											
州	tɕiɯ	1											
帚	tɕiɯ	3											
醜	tɕʰiɯ	3											
臭	tɕʰiɯ	5											
收	ɕiɯ	1											
手	ɕiɯ	3	～艺										
首	ɕiɯ	3											
守	ɕiɯ	3											
兽	ɕiɯ	5											
仇	ʑiɯ	2											
受	ɕiɯ	3											
寿	ʑiɯ	6											
授	ʑiɯ	6											
售	dʑiɯ	6											
揉	ȵiɔuʔ	8											
阄	ku	1											
纠	tɕiɯ	1											
九	tɕiɯ	3											
久	tɕiɯ	3											
韭	tɕiɯ	3											
究	tɕiɯ	5											
救	tɕiɯ	5											
丘	tɕʰiɯ	1											
求	dʑiɯ	2											
球	dʑiɯ	2											
舅	tɕiɯ	3											
臼	tɕiɯ	3											
旧	dʑiɯ	6											
牛	ȵiɯ	2											
休	ɕiɯ	1											
优	iɯ	1											
邮	iɯ	2											
有	iɯ	3											
友	iɯ	3											
又	iɯ	6											
右	iɯ	6											
佑	iɯ	6											
油	iɯ	2											
游	iɯ	2											
由	iɯ	2											
柚	iɯ	6											
彪	piɑɔ	1											
丢	tiɯ	1											
幼	iɯ	5											
耽	taŋ	1											
答	təʔ	7											
搭	tɔʔ	7											
贪	tʰɤ	1											
探	tʰɤ	5											
踏	dɔʔ	8											
搨	tʰɔʔ	7											
潭	dɤ	2											
谭	daŋ	2											
南	nɤ	2											
男	nɤ	2											
纳	nəʔ	8											
拉	lo	1											
簪	tsɤ	1											
参	tsʰɤ	1	～加										
杂	zəʔ	8											
蚕	zɤ	2											
感	kɤ	3											
鸽	kəʔ	7											
坎	kʰɤ	5											
喝	xɔʔ	7											
含	gɛiŋ	2	含在嘴里										
含	ɤ	2	～片										
合	əʔ	8											
盒	əʔ	8											
庵	ɤ	1											
暗	ɤ	5											
担	taŋ	1	动词										
胆	taŋ	3											
担	taŋ	5	名词										
塔	tʰɔʔ	7											
毯	tʰaŋ	3											
塌	tʰɔʔ	7											
痰	daŋ	2											
谈	daŋ	2											
淡	taŋ	3											
蓝	laŋ	2											
篮	laŋ	2											
蜡	lɔʔ	8											
腊	lɔʔ	8											
镴	lɔʔ	8											
邋	lɔʔ	8											
暂	dzaŋ	6											
三	saŋ	1											
柑	kɤ	1											
甘	kɤ	1											
敢	kɤ	3											
磕	kʰɛiʔ	7											
喊	xaŋ	5											
札	tsɔʔ	7											
站	dzaŋ	6											
赚	tɕyə	3											
斩	tsaŋ	3											
蘸	tsaŋ	5											
插	tsʰɔʔ	7											
闸	zɔʔ	8											
煠	zɔʔ	8											
杉	saŋ	1											
减	kaŋ	3											
碱	kaŋ	3											
夹	kɔʔ	7											
掐	kʰɔʔ	7											
咸	aŋ	2	～丰										
鹹	aŋ	2	～淡										
馅	aŋ	6											
狭	gɔʔ	8	拥挤										
峡	gɔʔ	8											
搀	tsʰaŋ	1											
衫	saŋ	1											
监	kaŋ	1											
甲	kɔʔ	7											
嵌	kʰaŋ	5											
岩	ŋaŋ	2											
衔	aŋ	2											
匣	kɔʔ	7											
鸭	ɔʔ	7											
押	ɔʔ	7											
压	ɔʔ	7											
贬	piɛ	3											
黏	ȵiɛ	1											
聂	ȵiɛʔ	8											
镊	ȵiɛʔ	8											
廉	liɛ	2											
镰	liɛ	2											
帘	liɛ	2											
猎	liɛʔ	8											
尖	tɕiɛ	1											
歼	tɕiɛ	1											
接	tɕiɛʔ	7											
签	tɕʰiɛ	1											
潜	dʑiɛ	2											
摺	tɕiɛʔ	7											
占	tɕiɛ	5											
陕	ɕiɛ	3											
闪	ɕiɛ	3											
蟾	ɕiɛ	3											
涉	ʑiɛʔ	8											
染	ȵiɛ	3											
检	tɕiɛ	3											
钳	dʑiɛ	2											
验	ȵiɛ	6											
险	ɕiɛ	3											
掩	iɛ	3											
厌	iɛ	5											
炎	iɛ	2											
盐	iɛ	2											
阎	iɛ	2											
檐	iɛ	2											
艳	iɛ	5											
焰	iɛ	5											
盐	iɛ	6	腌										
叶	iɛʔ	8											
页	iɛʔ	8											
剑	tɕiɛ	5											
劫	tɕiɛʔ	7											
欠	tɕʰiɛ	5											
严	ȵiɛ	2											
业	ȵiɛʔ	8											
腌	iɛ	1											
点	tiɛ	3											
店	tiɛ	5											
添	tʰiɛ	1											
跌	tiɛʔ	7											
舔	tʰiɛ	3											
帖	tʰiɛʔ	7											
贴	tʰiɛʔ	7											
甜	diɛ	2											
簟	tiɛ	3											
迭	diɛʔ	8											
蝶	diɛʔ	8											
碟	diɛʔ	8											
谍	diɛʔ	8											
鲇	ȵiɛ	2	鲶										
念	ȵiɛ	6											
挟	kɔʔ	7	～菜										
谦	tɕʰiɛ	1											
歉	tɕʰiɛ	5											
嫌	aŋ	2											
协	iɛʔ	8											
法	fɔʔ	8											
凡	vaŋ	2											
帆	vaŋ	2											
範	faŋ	3	模～										
范	faŋ	3	姓										
犯	faŋ	3											
乏	vɔʔ	8											
品	pʰiŋ	3											
林	liŋ	2											
淋	liŋ	2											
立	liʔ	8											
笠	liʔ	8											
粒	ləʔ	8											
浸	tɕiŋ	5											
侵	tɕʰiŋ	1											
寝	tɕʰiŋ	3											
㓎	tsʰɛiŋ	5											
集	ʑiʔ	8											
辑	tɕʰiʔ	7											
蕈	ɕiŋ	3											
心	ɕiŋ	1											
寻	ʑyŋ	2	文										
习	ʑiʔ	8											
袭	ʑiʔ	8											
砧	tɛiŋ	1											
沉	dɛiŋ	2											
簪	tsɤ	1											
森	sɛiŋ	1											
参	sɛiŋ	1	人～										
渗	sɛiŋ	5											
针	tsɛiŋ	1											
枕	tsɛiŋ	3											
执	tɕiʔ	7											
汁	zɤɯ	2	目～：眼泪										
汁	tsɛiʔ	7	墨～										
深	tɕʰiɛ	1											
沈	sɛiŋ	3											
审	sɛiŋ	3											
婶	ɕiŋ	3											
湿	sɛiʔ	7											
十	zɛiʔ	8											
拾	ʑi	2	捡										
任	ȵiŋ	6											
纴	ȵiŋ	6											
入	ȵiʔ	8											
今	kɛ	1	～日、～年										
今	tɕiŋ	1	读字音										
金	tɕiŋ	1											
禁	kɛiŋ	5											
急	tɕiʔ	7											
级	tɕiʔ	7											
琴	dʑiŋ	2											
妗	dʑiŋ	6											
及	dʑiʔ	8											
吸	tɕyʔ	7	吮吸										
吸	ɕiʔ	7	读字音										
音	iŋ	1											
阴	iŋ	1											
荫	iŋ	1											
丹	taŋ	1											
单	taŋ	1											
掸	taŋ	3											
旦	taŋ	5											
摊	tʰaŋ	1											
坦	tʰaŋ	3											
叹	tʰaŋ	5											
炭	tʰaŋ	5											
坛	dɤ	2											
䃪	daŋ	2	石，～头：石头										
弹	daŋ	2	动词										
诞	taŋ	3											
但	daŋ	6											
弹	daŋ	6	名词										
蛋	daŋ	6											
达	dɔʔ	8											
难	naŋ	2	形容词										
难	naŋ	6	名词										
捺	nɔʔ	8											
捺	naʔ	8											
兰	laŋ	2											
拦	laŋ	2											
栏	laŋ	2											
懒	laŋ	3											
烂	laŋ	6											
辣	lɔʔ	8											
瘌	lɔʔ	8											
餐	tsʰaŋ	1											
擦	tsʰɔʔ	7											
散	saŋ	3	鞋带～										
伞	saŋ	3											
散	saŋ	5	～会										
撒	sɔʔ	7											
萨	sɔʔ	7											
肝	kuə	1											
竿	kuə	1											
干	kuə	1	天～										
乾	kuə	1	～净										
杆	kuə	3											
秆	kuaŋ	3											
赶	kuə	3											
幹	kɤ	5	～部										
割	kuəʔ	7											
看	kʰaŋ	1	～守所										
刊	kʰaŋ	1											
渴	kʰuəʔ	7											
岸	uə	6											
汉	xuə	5											
寒	guə	2											
韩	uə	2											
旱	uə	3											
汗	uə	6											
焊	uə	6											
安	uə	1											
鞍	uə	1											
按	uə	5											
案	uə	5											
扮	paŋ	5											
八	pɔʔ	7											
盼	pʰaŋ	5											
办	baŋ	6											
拔	baʔ	8											
抹	mɔuʔ	8											
盏	tsaŋ	3											
扎	tsɔʔ	7											
铲	tsʰaŋ	3											
察	tsʰɔʔ	7											
山	saŋ	1											
产	tsʰaŋ	3											
杀	sɔʔ	7											
艰	kaŋ	1											
间	kaŋ	1											
简	kaŋ	3											
拣	kaŋ	3											
柬	kaŋ	3											
柬	tɕiɛ	3											
眼	ŋaŋ	3	文										
闲	aŋ	2											
限	aŋ	3											
苋	ɕiɛ	5											
班	paŋ	1											
扳	paŋ	1											
板	paŋ	3											
版	paŋ	3											
攀	pʰaŋ	1											
爿	baŋ	2											
蛮	maŋ	2											
慢	maŋ	6											
删	saŋ	1											
铡	zɔʔ	8											
奸	kaŋ	1											
颜	ŋaŋ	2											
雁	ŋaŋ	6											
瞎	xuəʔ	7											
辖	ʑiaʔ	8											
编	piɛ	1											
鞭	piɛ	1											
变	piɛ	5											
别	biɛʔ	8	区～										
鳖	piɛʔ	7											
篇	pʰiɛ	1											
偏	pʰiɛ	1											
骗	pʰiɛ	5											
便	biɛ	2	～宜										
辨	piɛ	3											
辩	piɛ	3											
便	biɛ	6	方～										
别	biɛʔ	8	离～										
棉	miɛ	2											
免	miɛ	3											
面	miɛ	6	脸										
灭	miɛʔ	8											
搣	mi	1											
碾	ȵiɛ	3											
连	liɛ	2											
联	liɛ	2											
列	liɛʔ	8											
裂	liɛʔ	8											
烈	liɛʔ	8											
煎	tɕiɛ	1											
剪	tɕiɛ	3											
箭	tɕiɛ	5											
溅	tɕiɛ	5											
迁	tɕʰiɛ	1											
浅	tɕʰiɛ	3											
践	iɛ	3											
贱	ʑiɛ	6											
仙	ɕiɛ	1											
鲜	ɕiɛ	1											
线	ɕiɛ	5											
薛	ɕiɛʔ	7											
展	tɕiɛ	3											
哲	tɕiɛʔ	7											
撤	tɕʰiɛʔ	7											
缠	dʑiɛ	2											
战	tɕiɛ	5											
折	tɕiɛʔ	7	～扣										
浙	tɕiɛʔ	7											
舌	dʑiɛʔ	8											
搧	ɕiɛ	5											
扇	ɕiɛ	5											
设	ɕiɛʔ	7											
蝉	ʑiɛ	2											
善	ɕiɛ	3											
鳝	ɕiɛ	3											
折	ʑiɛʔ	8	～本										
然	ȵiɛ	2											
热	ȵiɛʔ	8											
乾	dʑiɛ	2	～隆										
件	dʑiɛ	6											
杰	dʑiɛʔ	8											
焉	iɛ	1											
延	iɛ	2											
筵	iɛ	2											
演	iɛ	3											
建	tɕiɛ	5											
键	tɕiɛ	3											
健	dʑiɛ	6											
揭	tɕiɛʔ	7											
言	ȵiɛ	2											
锨	ɕiɛ	1	文										
宪	ɕiɛ	5											
献	ɕiɛ	5											
歇	ɕiɛʔ	7											
堰	iɛ	5											
边	piɛ	1											
蝙	piɛ	3											
扁	piɛ	3											
匾	piɛ	3											
遍	piɛ	5											
憋	piɛʔ	7											
片	pʰiɛ	5											
撇	pʰiɛ	5											
辫	piɛ	3											
麵	miɛ	6	～粉										
篾	miɛʔ	8											
颠	tiɛ	1											
典	tiɛ	3											
咥	tiɛʔ	7											
天	tʰiɛ	1											
铁	tʰiɛʔ	7											
田	diɛ	2											
填	diɛ	2											
电	diɛ	6											
殿	diaŋ	6											
垫	diɛ	6											
年	ȵiɛ	2											
捏	ȵiaʔ	8											
怜	liɛ	2											
莲	liɛ	2											
练	liɛ	6											
炼	liɛ	6											
荐	tɕiɛ	5											
节	tɕiaʔ	7											
千	tɕʰiɛ	1											
切	tɕʰiaʔ	7											
前	ʑiɛ	2											
截	ʑiɛʔ	8											
先	ɕiɛ	1											
筅	ɕiɛ	3											
□	ȵiŋ	1	～胛头：肩膀										
坚	tɕiɛ	1											
茧	tɕiɛ	3											
笕	yə	3											
见	tɕiɛ	5											
结	tɕiɛʔ	7											
洁	tɕiɛʔ	7											
桔	tɕiʔ	7											
䥛	tɕiɛʔ	7	樵～：柴刀、镰～儿：镰刀										
牵	tɕʰiɛ	1											
研	ȵiɛ	2											
啮	ŋuəʔ	8	咬										
显	ɕiɛ	3											
贤	iɛ	2											
弦	iɛ	2											
现	iɛ	6											
烟	iɛ	1											
燕	iɛ	5											
宴	iɛ	5											
搬	bɤ	2											
般	bɤ	2											
半	pɤ	5											
钵	pəʔ	7											
拨	pəʔ	7											
潘	pʰɤ	1											
拼	pʰiŋ	1											
判	pʰɤ	5											
泼	pʰəʔ	7											
盘	bɤ	2											
伴	pɤ	3											
拌	pɤ	3											
叛	bɤ	6											
瞒	mɤ	2											
馒	maŋ	2											
满	mɤ	3											
末	məʔ	8											
沫	məʔ	8											
端	taŋ	1											
短	ti	3											
断	tɤ	5	判～										
锻	dɤ	6											
掇	təʔ	7											
脱	tʰɛiʔ	7	脱（衣服）										
团	dɤ	2											
断	tɛiŋ	3	～了										
段	dɛiŋ	6	一～木										
段	dɤ	6	阶～										
夺	dɛiʔ	8											
暖	nɛiŋ	3											
卵	lɛiŋ	3	蛋，禽蛋										
乱	lɤ	6											
钻	tsɤ	1	动词										
钻	tsɤ	5	名词										
撮	tsʰɛiʔ	7											
酸	si	1											
算	sɤ	5											
蒜	sɤ	5											
官	kuaŋ	1											
棺	kuaŋ	1											
观	kuaŋ	1	～音										
管	kuaŋ	3											
馆	kuaŋ	3											
贯	kuaŋ	5											
冠	kuaŋ	5											
观	kuaŋ	1	道～										
灌	kuaŋ	5											
罐	kuaŋ	5											
括	kuəʔ	7											
宽	kʰuaŋ	1											
款	kʰuaŋ	3											
阔	kʰuəʔ	7											
欢	xuaŋ	1											
完	yə	2											
丸	yə	2											
换	uaŋ	6											
活	uəʔ	8											
豌	uaŋ	3											
碗	uaŋ	3											
腕	uaŋ	3											
幻	uaŋ	6											
滑	uəʔ	8											
猾	uəʔ	8											
挖	uəʔ	7											
闩	ɕyə	1											
刷	ɕyəʔ	7											
关	kuəŋ	1	～门										
关	kuaŋ	1	～系										
惯	kuaŋ	5											
刮	kuəʔ	7											
还	uaŋ	2	归～										
环	uaŋ	2											
弯	uaŋ	1											
湾	uaŋ	1											
恋	liɛ	6											
劣	liɛʔ	8											
全	ʑyə	2											
泉	ʑyə	2											
绝	ʑyəʔ	8											
宣	ɕyə	1											
狲	ɕyə	1	苦～：猴子										
选	ɕyə	3											
雪	ɕyəʔ	7											
旋	ʑyə	6											
转	tɕyə	3											
传	dʑyə	2	动词										
椽	dʑyə	2											
传	dʑyə	6	名词										
专	tɕyə	1											
砖	tɕyə	1											
川	tɕʰyə	1											
穿	tɕʰyŋ	1	～针										
穿	tɕʰyə	1	读字音										
喘	tɕʰyə	3											
串	tɕʰyŋ	5	一～										
串	tɕʰyə	5	～联										
船	ʑyŋ	2											
说	ɕyəʔ	7	小～										
软	ȵyə	3											
捲	tɕyŋ	3	～起										
捲	tɕyə	3	～起										
眷	tɕyə	5											
卷	tɕyə	5	考～										
圈	tɕʰyə	1											
权	dʑyə	2											
拳	dʑyə	2											
员	yə	2											
院	yə	6											
缘	yə	2											
沿	iɛ	2											
铅	kʰaŋ	1	～笔、～球、～丝、～板										
铅	tɕʰiɛ	1	读字音										
捐	tɕyə	1											
阅	iaʔ	8											
反	paŋ	3	翻动										
反	faŋ	3	～对										
贩	faŋ	5											
髪	fɔʔ	7	文，头～										
發	fɔʔ	7	～明										
翻	faŋ	1											
番	faŋ	1											
烦	vaŋ	2											
繁	vaŋ	2											
饭	vaŋ	6											
伐	vɔʔ	8											
筏	vɔʔ	8											
罚	vɔʔ	8											
晚	maŋ	3											
万	maŋ	6											
袜	mɔʔ	8											
劝	tɕʰyə	5											
元	ȵyə	2											
原	ȵyə	2											
源	ȵyə	2											
阮	ȵyə	3											
愿	ȵyə	6											
月	ȵyəʔ	8											
冤	yə	1											
䘼	iəŋ	3	手～门：袖子										
怨	yə	5											
袁	yə	2											
园	uɛiŋ	5	菜～										
园	yə	2	公～										
援	yə	2											
远	xuɛiŋ	3	路～										
远	yə	3	永～										
越	iaʔ	8											
粤	yəʔ	8											
决	tɕyəʔ	7											
诀	tɕyəʔ	7											
犬	tɕʰiɛ	3	狗										
缺	tɕʰyəʔ	7											
血	ɕyəʔ	7											
玄	yə	2											
县	yə	6											
穴	iaʔ	8											
渊	yə	1											
吞	tʰɤ	1											
根	kɤ	1											
跟	kɤ	1											
很	xɛiŋ	3											
狠	xɛiŋ	3											
恨	ɤ	6											
恩	ɤ	1											
彬	piŋ	1											
宾	piŋ	1											
笔	piʔ	7											
毕	piʔ	7											
必	piʔ	7											
匹	pʰiʔ	7											
贫	biŋ	2											
民	miŋ	2											
密	miʔ	8											
蜜	miʔ	8											
邻	liŋ	2											
鳞	liŋ	2											
栗	liʔ	8											
津	tɕyŋ	1											
进	tɕiŋ	5											
晋	tɕiŋ	5											
亲	tɕʰiŋ	1	招～										
亲	tɕʰiŋ	1	～家										
七	tɕʰiʔ	7											
漆	tɕʰiʔ	7											
秦	ʑiŋ	2											
尽	ɕiŋ	3											
疾	iʔ	8											
辛	ɕiŋ	1											
新	ɕiŋ	1											
薪	ɕiŋ	1											
信	ɕiŋ	5											
讯	ɕyŋ	5											
悉	sɛiʔ	7											
膝	tɕʰiʔ	7											
珍	tsɛiŋ	1											
镇	tiŋ	5											
陈	dzɛiŋ	6	姓										
尘	dɤ	2	打～：除夕前除尘的一种风俗										
尘	dzɛiŋ	2	读字音										
阵	dzɛiŋ	2											
侄	dʑiʔ	8											
臻	tsɛiŋ	1											
衬	tɕʰiŋ	5											
虱	siʔ	7											
真	tsɛiŋ	1											
诊	tsɛiŋ	3											
疹	tsɛiŋ	3											
振	tɕiŋ	5											
震	tɕiŋ	5											
质	tɕiʔ	7											
实	ʑiʔ	8											
神	ʑiŋ	2											
身	sɛiŋ	1											
申	ɕiŋ	1											
伸	ɕiŋ	1											
失	ɕiʔ	7											
室	ɕiʔ	7											
辰	zɛiŋ	2											
臣	ʑiŋ	2											
肾	ɕiŋ	3											
人	ȵiŋ	2	丈～										
仁	ȵiŋ	2											
忍	ȵiŋ	3											
认	ȵiŋ	6											
日	nɛʔ	8											
巾	kɛiŋ	1											
紧	tɕiŋ	3											
吉	tɕiʔ	7											
羯	tɕiɛʔ	7	阉										
银	ȵiŋ	2											
因	iŋ	1											
姻	iŋ	1											
印	iŋ	5											
乙	iʔ	7											
一	iʔ	7											
引	iŋ	3											
斤	kɛiŋ	1											
筋	kɛiŋ	1											
乞	kʰaʔ	7	给、被										
勤	dʑiŋ	2											
芹	dʑiŋ	2											
近	kɤ	3											
䘆	xuɛiŋ	3	黄～：蚯蚓										
奔	pɛiŋ	1											
本	pɤ	3											
喷	pʰɛiŋ	1	～水										
喷	pʰɛiŋ	5	～香										
盆	bɤ	2											
笨	bɛiŋ	6											
勃	bəʔ	8											
门	mɛiŋ	2											
闷	mɛiŋ	6											
没	məʔ	8	文										
敦	tɤ	1											
墩	tɤ	1											
顿	tɤ	5											
褪	tʰɛiŋ	5	脱（帽子）、摘（手表）										
饨	dɤ	2											
臀	dɤ	2											
盾	dɤ	6											
钝	dɛiŋ	6											
突	dəʔ	8											
嫩	nɤ	6											
论	lɤ	6											
尊	tsɤ	1											
卒	tsɛiʔ	7											
村	tsʰɤ	1											
忖	tsʰɤ	3	想										
寸	tsʰɤ	5											
存	zɤ	2											
孙	sɤ	1											
损	sɤ	3											
滚	kuɛiŋ	3											
骨	kuəʔ	7											
坤	kʰuɛiŋ	1											
捆	kʰuɛiŋ	3											
困	kʰuɛiŋ	5											
睏	kʰuə	5											
窟	kʰuʔ	7											
𦜇	kʰuʔ	7	～臀：屁股										
昏	xuə	1											
婚	xuə	1											
魂	uə	2											
馄	uə	2											
混	uɛiŋ	6											
浑	uə	2											
温	uə	1											
瘟	uə	1											
稳	uɛiŋ	3											
轮	lɤ	2											
率	liʔ	8	效～										
律	liʔ	8											
遵	tsɤ	1											
笋	sɛiŋ	3											
迅	ɕyŋ	5											
旬	ʑyŋ	2											
巡	ʑyŋ	2											
率	səɯʔ	7	～领										
蟀	ɕyʔ	7	～～：蟋蟀										
肫	iŋ	1											
准	tɕyŋ	3											
春	tɕʰyŋ	1											
出	tɕʰyəʔ	7											
唇	ʑyŋ	2											
顺	ʑyŋ	6											
术	ʑyʔ	8											
纯	ʑyŋ	2											
闰	yŋ	6											
均	tɕyŋ	1											
菌	tɕyŋ	3											
匀	yŋ	2											
允	yŋ	3											
尹	iŋ	3											
分	fɛiŋ	1											
粉	fɛiŋ	3											
粪	pɤ	5	猪～										
粪	fɛiŋ	5	读字音										
奋	fɛiŋ	5											
弗	fəɯʔ	7											
芬	fɛiŋ	1											
坟	vɛiŋ	2											
份	vɛiŋ	6											
佛	vɛiʔ	8											
文	mɛiŋ	2											
纹	mɛiŋ	2											
蚊	mɛiŋ	2											
闻	mɛiŋ	2											
问	mɛiŋ	6											
物	vɛiʔ	8											
君	tɕyŋ	1											
军	tɕyŋ	1											
屈	kʰuɛiʔ	7	身体、胳膊弯屈										
屈	tɕʰyəʔ	7	～服										
群	dʑyŋ	2											
裙	dʑyŋ	2											
掘	dʑyəʔ	8											
熏	ɕyŋ	1											
荤	xuə	1											
训	ɕyŋ	5											
云	yŋ	2											
韵	yŋ	6											
运	yŋ	6											
晕	yŋ	6											
帮	pɔŋ	1											
榜	pɔŋ	3											
博	pɔuʔ	7											
旁	bɔŋ	2											
薄	bɔuʔ	8											
忙	mɔŋ	2											
芒	mɔŋ	2											
茫	mɔŋ	2											
䥈	mɔŋ	3	锅										
莫	mɔuʔ	8											
膜	mɔuʔ	7											
幕	mɤɯ	6											
摸	mɔuʔ	7											
当	tɔŋ	1	～官										
党	tɔŋ	3											
挡	tɔŋ	3											
当	tɔŋ	5	～铺										
汤	tʰɔŋ	1											
躺	tʰɔŋ	3											
烫	tʰɔŋ	5											
托	tʰɔuʔ	7											
堂	dɔŋ	2											
唐	dɔŋ	2											
糖	dɔŋ	2											
塘	dɔŋ	2											
螳	dɔŋ	2											
狼	lɔŋ	2											
廊	lɔŋ	2											
郎	lɔŋ	2											
螂	lɔŋ	2											
莨	lɔŋ	2											
浪	lɔŋ	6											
落	lɔuʔ	8											
洛	lɔuʔ	8											
络	lɔuʔ	8											
乐	lɔuʔ	8	快～										
葬	tsɔŋ	5											
作	tsɔuʔ	7											
仓	tsʰɔŋ	1											
苍	tsʰɔŋ	1											
藏	zɔŋ	2	躲～										
藏	zɔŋ	6	西～										
凿	zɔuʔ	8											
𧮙	zɔuʔ	8	骂										
昨	zaŋ	2											
桑	sɔŋ	1											
磉	sɔŋ	3											
索	sɔuʔ	7											
冈	kɔŋ	1											
刚	kɔŋ	1											
钢	kɔŋ	1											
缸	kɔŋ	1											
杠	kɔŋ	5											
各	kɔuʔ	7											
阁	kɔuʔ	7											
康	kʰɔŋ	1											
糠	kʰɔŋ	1											
抗	kʰɔŋ	5											
囥	kʰɔŋ	5	放、藏										
杭	ɔŋ	2											
航	ɔŋ	2											
行	ɔŋ	2	银～										
鹤	ɔuʔ	8											
恶	ɔuʔ	7											
娘	ȵiaŋ	2	母亲（背称）、新～										
娘	ȵiaŋ	5	姑妈										
酿	nɛ	6	～酒										
酿	ȵiaŋ	6	读字音										
良	liaŋ	2											
凉	liaŋ	2											
量	lɛ	2	～长短										
量	liaŋ	2	商～										
梁	liaŋ	2											
粱	liaŋ	2											
两	laŋ	3	数词										
两	liaŋ	3	量词										
亮	liaŋ	6											
辆	liaŋ	6											
量	liaŋ	6	名词										
谅	liaŋ	6											
略	liɛʔ	8											
掠	liɛʔ	8											
将	tɕiaŋ	1	～来										
浆	tɕiaŋ	1											
蒋	tɕiaŋ	3											
奖	tɕiaŋ	3											
酱	tɕiaŋ	5											
将	tɕiaŋ	5	大～										
雀	tsɿʔ	7	麻～										
雀	tɕʰiaʔ	7	读字音										
枪	tɕʰiaŋ	1											
抢	tɕʰiaŋ	3											
鹊	tɕʰiaʔ	7											
墙	ʑiaŋ	2											
匠	ʑiaŋ	6											
嚼	ʑiaʔ	8											
相	ɕiaŋ	1	互～										
厢	ɕiaŋ	1											
湘	ɕiaŋ	1											
镶	ɕiaŋ	1											
箱	ɕiaŋ	1											
想	ɕiaŋ	3											
鲞	ɕiaŋ	3											
相	ɕiaŋ	5	照～										
削	ɕiaʔ	7											
详	ʑiaŋ	2											
祥	ʑiaŋ	2											
像	tɕiaŋ	3											
象	ɕiaŋ	3											
橡	ɕiaŋ	3											
张	tiaŋ	1											
涨	tiaŋ	5											
帐	tiaŋ	5											
账	tiaŋ	5											
胀	tiaŋ	5											
着	tɛʔ	7	穿										
长	dɛ	2	～短										
长	dʑiaŋ	2	～征										
肠	dɛ	2											
场	dʑiaŋ	2											
丈	tɕiaŋ	3											
杖	tɕiaŋ	5											
仗	tɕiaŋ	3											
着	dʑiaʔ	8	～力：累										
庄	tsɔŋ	1											
装	tsɔŋ	1											
壮	tɕiɔŋ	5											
疮	tsʰɔŋ	1											
闯	tɕʰiɔŋ	3											
创	tsʰɔŋ	5											
床	ʑiɔŋ	2											
状	ʑiɔŋ	6											
霜	ɕiɔŋ	1											
爽	ɕiɔŋ	3	～利：干净										
爽	sɔŋ	3	～快										
章	tɕiaŋ	1											
樟	tɕiaŋ	1											
掌	tɕiaŋ	3											
障	tɕiaŋ	5											
昌	tɕʰiaŋ	1											
菖	tɕʰiaŋ	1											
厂	tɕʰiaŋ	3											
唱	tɕʰiaŋ	5											
商	ɕiaŋ	1											
伤	ɕiaŋ	1											
常	ʑiaŋ	2											
尝	ʑiaŋ	2											
裳	ʑiaŋ	2											
上	tɕiaŋ	3	动词										
上	dʑiaŋ	6	方位名词										
上	ʑiaŋ	6	～海										
勺	ʑiaʔ	8											
让	ȵiaŋ	6											
疆	tɕiaŋ	1											
薑	tɕiaŋ	1	生～										
姜	tɕiaŋ	1	姓										
脚	tɕiaʔ	7	文										
强	dʑiaŋ	2											
仰	ȵiaŋ	3											
虐	ȵiaʔ	8											
香	ɕiaŋ	1											
乡	ɕiaŋ	1											
享	ɕiaŋ	3											
响	ɕiaŋ	3											
向	ɕiaŋ	5											
央	iaŋ	1											
秧	ɛ	1	菜～										
秧	iaŋ	1	读字音										
约	iaʔ	7											
羊	iaŋ	2											
洋	iaŋ	2											
烊	iaŋ	2											
杨	iaŋ	2											
阳	iaŋ	2											
扬	iaŋ	2											
养	iɔŋ	3											
痒	ɕiɔŋ	3											
样	iaŋ	6											
药	iaʔ	8											
光	kɔŋ	1											
广	kɔŋ	3											
郭	kɔuʔ	7											
扩	kʰɔuʔ	7											
荒	xɔŋ	1											
慌	xɔŋ	1											
谎	xɔŋ	3											
霍	xɔuʔ	7											
黄	ɔŋ	2											
簧	ɔŋ	2											
蝗	ɔŋ	2											
皇	ɔŋ	2											
镬	ɔuʔ	8	文										
方	fɔŋ	1											
放	fɔŋ	5											
芳	fɔŋ	1											
纺	fɔŋ	3											
访	fɔŋ	3											
房	vɔŋ	2											
防	vɔŋ	2											
缚	bɔuʔ	8											
亡	mɔŋ	2											
忘	vɔŋ	2	文										
网	mɔŋ	3											
望	mɔŋ	6	～上走：往上走										
筐	kʰuaŋ	1											
况	ɕiɔŋ	5											
枉	iɔŋ	3											
王	iɔŋ	2											
往	iɔŋ	3											
旺	ɔŋ	6											
邦	pɔŋ	1											
剥	puʔ	7											
胖	pʰɔŋ	5											
朴	pʰuʔ	7											
棒	pɔŋ	3											
雹	bɔuʔ	8											
桩	tiɔŋ	1											
桌	tiɔuʔ	7											
啄	təɯʔ	7											
戳	tɕʰiɔuʔ	7											
撞	dʑiɔŋ	6											
捉	tɕiɔuʔ	7											
窗	tɕʰiɔŋ	1											
镯	dʑiɔuʔ	8											
双	ɕiɔŋ	1											
江	kɔŋ	1											
扛	kɔŋ	1											
豇	kaŋ	1											
讲	kɔŋ	3											
港	kɔŋ	3											
降	kɔŋ	5	下～										
角	kɔuʔ	7											
饺	tɕiɑɔ	3											
腔	tɕʰiaŋ	1											
确	kʰɔʔ	7											
壳	kʰɔuʔ	7											
岳	ŋɔʔ	8											
乐	ɔʔ	8	音～										
降	ɔŋ	2	投～										
项	ɔŋ	3											
学	ɔʔ	8											
握	uəʔ	7											
崩	pəŋ	1											
北	pɛʔ	7											
朋	bɛ	2											
墨	miʔ	8											
默	mɔʔ	8											
登	tɛiŋ	1											
灯	tiŋ	1											
等	tɛ	3											
凳	tiŋ	5											
得	tɛʔ	7	动词										
得	tiʔ	7a	咥～：吃得										
得	iʔ	7a	咥～落：吃得下										
德	tɛʔ	7											
忒	tʰaʔ	7											
藤	dɛiŋ	2											
腾	dɛiŋ	2											
邓	dɛ	6											
特	dɛʔ	8											
能	nɛ	2											
薐	liŋ	2	菠～：菠菜										
肋	lɛʔ	8											
勒	lɛʔ	8											
曾	tsɛ	1	姓										
增	tsɛ	1											
则	tsɛʔ	7											
曾	zɛ	2	～经										
层	zɛ	2											
贼	zɛʔ	8											
僧	tsɛ	1											
塞	tʰɛʔ	7	～牢：塞住										
塞	sɛʔ	7	～子										
肯	kʰɛ	3											
刻	kʰɛʔ	7											
克	kʰɛʔ	7											
黑	xɛʔ	7											
恒	uɛ	2											
冰	piŋ	1											
逼	piʔ	7											
凭	biŋ	2											
匿	ȵiɛʔ	8											
菱	liŋ	2											
陵	liŋ	2											
力	liʔ	8											
即	tɕiʔ	7											
鲫	tsɿʔ	7											
息	ɕiʔ	7											
熄	ɕiʔ	7											
媳	ɕiʔ	7											
徵	tɕiŋ	1	～求										
澄	tiŋ	5											
直	dzɿʔ	8											
值	dzɿʔ	8											
侧	tsɛʔ	7											
测	tsʰɛʔ	7											
色	sɿʔ	7											
蒸	tɕiŋ	1											
证	tɕiŋ	5											
织	tsɿʔ	7											
职	tsɿʔ	7											
称	tɕʰiŋ	1											
秤	tɕʰiŋ	5											
乘	ʑiŋ	2											
绳	dʑiŋ	2	藤										
塍	ʑiŋ	2											
剩	ʑiŋ	6											
食	zɿʔ	8											
蚀	zɿʔ	8											
升	ɕiŋ	1											
胜	ɕiŋ	5											
识	tsɿʔ	7	～字										
识	sɿʔ	7	知～										
式	sɿʔ	7											
植	dzɿʔ	8											
极	dzɿʔ	8											
极	dʑiʔ	8											
兴	ɕiŋ	1	～旺										
兴	ɕiŋ	5	高～										
应	iŋ	1	姓										
鹰	iŋ	1											
应	iŋ	5	答～										
忆	ɿ	5											
忆	i	5											
亿	ɿ	5											
亿	i	5											
蝇	yŋ	2	苍～										
孕	yŋ	6											
翼	ɿʔ	8											
国	kuəʔ	7											
或	uəʔ	8											
域	iʔ	8											
百	paʔ	7											
柏	paʔ	7											
伯	paʔ	7											
迫	paʔ	7											
拍	pʰaʔ	7											
𤖼	pʰɔʔ	7	撕										
彭	bəŋ	2											
白	baʔ	8											
盲	mɔŋ	2											
猛	mɔŋ	3											
蜢	miaŋ	3											
陌	maʔ	8											
打	taŋ	3											
冷	laŋ	3	文										
撑	tsʰaŋ	1											
坼	tsʰaʔ	7	木板或墙体开裂										
泽	dzaʔ	8											
择	dzaʔ	8											
宅	daʔ	8	～眷：妇女										
宅	dzaʔ	8	读字音										
窄	tsaʔ	7											
蚱	tɕiaʔ	7											
生	saŋ	1											
牲	saŋ	1											
甥	saŋ	1											
省	saŋ	3	～长、节～										
更	kaŋ	1	打～										
羹	kaŋ	1	～瓢：汤匙										
梗	kuaŋ	3											
更	kaŋ	5											
格	kaʔ	7											
坑	kʰaŋ	1											
客	kʰaʔ	7											
硬	ŋaŋ	6											
额	ŋaʔ	8											
吓	xaʔ	7	害怕										
行	aŋ	2	～为										
杏	aŋ	3											
行	ɔŋ	2	品～										
棚	bəŋ	2											
麦	maʔ	8											
脉	maʔ	8											
摘	tsəʔ	7	～要										
橙	dzɛiŋ	2											
争	tsaŋ	1											
筝	tsaŋ	1											
睁	tsaŋ	1											
责	tsaʔ	7											
策	tsʰaʔ	7											
册	tsʰaʔ	7											
耕	kaŋ	1											
革	kaʔ	7											
隔	kaʔ	7											
核	ŋuəʔ	8	果～、～桃										
核	əʔ	8	～对										
樱	iŋ	1											
轭	ŋaʔ	7											
兵	piŋ	1											
丙	piŋ	3											
柄	paŋ	5											
碧	piʔ	7											
平	biŋ	2											
坪	biŋ	2											
评	biŋ	2											
病	biŋ	6											
鸣	miŋ	2											
明	maŋ	2	～日、～年										
明	miŋ	2	清～										
命	miŋ	6											
京	tɕiŋ	1											
惊	tɕiŋ	1											
境	tɕiŋ	5											
景	tɕiŋ	3											
警	tɕiŋ	3											
敬	tɕiŋ	5											
镜	tɕiŋ	5	文										
庆	tɕʰiŋ	5											
剧	dzɿʔ	8											
迎	ȵiŋ	2											
逆	ȵiɛʔ	8											
英	iŋ	1											
影	ɛ	3	影子										
影	iŋ	3	电～										
映	iaŋ	5											
饼	piŋ	3											
并	piŋ	5	合～										
聘	pʰiŋ	5											
僻	pʰiʔ	7											
名	miŋ	2											
令	liŋ	6											
领	liŋ	3											
岭	liŋ	3											
精	tɕiŋ	1											
晶	tɕiŋ	1											
睛	tɕiŋ	1											
井	tɕiŋ	3											
积	tsɿʔ	7											
脊	tsɿʔ	7											
清	tɕʰiŋ	1											
请	tɕʰiŋ	3											
情	ʑiŋ	2											
晴	ʑiŋ	2											
静	ɕiŋ	3											
净	ʑiŋ	6											
籍	ʑiʔ	8											
性	ɕiŋ	5											
姓	ɕiŋ	5											
惜	sɿʔ	7											
席	zɿʔ	8											
夕	zɿʔ	8											
程	dʑiŋ	2	姓										
郑	dʑiŋ	6											
正	tɕiŋ	1	～月										
征	tɕiŋ	1	长～										
整	tɕiŋ	3											
正	tɕiŋ	5	～副										
政	tɕiŋ	5											
隻	tsɿʔ	7	一～										
赤	tsʰɿʔ	7											
尺	tsʰɿʔ	7											
声	ɕiŋ	1											
适	sɿʔ	7											
释	sɿʔ	7											
城	ʑiŋ	2											
成	ʑiŋ	2											
诚	ʑiŋ	2											
石	dʑiaʔ	8	～斑鱼										
石	zɿʔ	8	读字音										
颈	tɕiŋ	3											
轻	tɕʰiŋ	1											
缨	iŋ	1											
益	ɿʔ	7											
赢	yŋ	2											
亦	ɿʔ	8											
译	ɿʔ	8											
易	ɿʔ	8	贸～										
液	iʔ	8											
壁	piʔ	7											
姘	pʰiŋ	1											
拼	pʰiŋ	1											
劈	pʰiʔ	7											
瓶	biŋ	2											
屏	biŋ	2											
並	piŋ	3	～非										
暝	maŋ	6	夜晚										
丁	tiŋ	1											
钉	tiŋ	1	名词										
顶	tiŋ	3											
钉	tiŋ	5	动词										
订	tiŋ	5											
的	tiʔ	7	目～										
滴	tiʔ	7											
厅	tʰiŋ	1											
听	tʰiŋ	5											
踢	tʰiʔ	7											
廷	diŋ	2											
停	diŋ	2											
亭	diŋ	2											
蜓	diŋ	2											
定	diŋ	6											
笛	diʔ	8											
敌	diʔ	8											
狄	diʔ	8											
宁	ȵiŋ	2	～波										
宁	ȵiŋ	6	～可										
灵	liŋ	2											
零	liŋ	2											
铃	liŋ	2											
另	liŋ	6											
历	liʔ	8											
绩	tsɿʔ	7											
青	tɕʰiŋ	1											
蜻	tɕʰiŋ	1											
戚	tsʰɿʔ	7											
星	ɕiŋ	1											
腥	ɕiŋ	1											
醒	ɕiŋ	3											
锡	sɿʔ	7											
析	sɿʔ	7											
经	tɕiŋ	1											
击	tsɿʔ	7											
激	tɕiʔ	7											
吃	tsʰɿʔ	7	文										
形	iŋ	2											
刑	iŋ	2											
矿	kʰɔŋ	5											
横	uaŋ	2	～直										
轰	xɔŋ	1											
宏	ɔŋ	2											
获	ɔuʔ	8											
劃	uəʔ	8	～线										
兄	ɕiɔŋ	1											
荣	iəŋ	2											
永	yŋ	3											
泳	yŋ	6											
琼	dʑyŋ	2											
营	iŋ	2											
疫	iʔ	8											
役	iʔ	8											
萤	iŋ	2											
扑	pʰuʔ	7											
□	pʰəŋ	1	用鼻子闻										
篷	bəŋ	2											
蓬	bəŋ	2											
蒙	məŋ	2											
懵	ŋ	3											
懵	məŋ	3											
木	ŋʔ	8											
东	təŋ	1											
董	təŋ	3											
懂	təŋ	3											
冻	təŋ	5											
栋	təŋ	5											
通	tʰəŋ	1											
桶	təŋ	3											
捅	tʰəŋ	3											
痛	tʰəŋ	5											
秃	tʰuʔ	7											
同	dəŋ	2											
铜	dəŋ	2											
桐	dəŋ	2											
筒	dəŋ	2											
童	dəŋ	2											
动	təŋ	3											
洞	dəŋ	6											
独	dəɯʔ	8											
读	dəɯʔ	8											
笼	ləŋ	2											
聋	ləŋ	2											
拢	ləŋ	3											
弄	ləŋ	6											
鹿	ləɯʔ	8											
禄	lɔuʔ	6											
簏	ləɯʔ	8											
棕	tsəŋ	1											
总	tsəŋ	3											
粽	tsəŋ	5											
聪	tsʰəŋ	1											
葱	tsʰəŋ	1											
囱	tsʰəŋ	1											
族	zəɯʔ	8											
送	səŋ	5											
速	səɯʔ	7											
公	kəŋ	1											
蚣	kəŋ	1											
工	kəŋ	1											
功	kəŋ	1											
攻	kəŋ	1											
贡	kəŋ	5											
谷	kuʔ	7											
空	kʰəŋ	1	形容词										
孔	kʰəŋ	3											
控	kʰəŋ	5											
空	kʰəŋ	5	名词										
哭	kʰɔuʔ	7	文										
烘	ɕiɔŋ	1											
烘	xəŋ	1											
哄	xəŋ	3											
红	ŋ	2											
洪	ŋ	2											
翁	ŋ	1											
屋	uʔ	7											
冬	təŋ	1											
督	təɯʔ	7											
统	tʰəŋ	3											
毒	dəɯʔ	8											
农	nəŋ	2											
脓	nəŋ	2											
宗	tsəŋ	1											
鬆	səŋ	1	轻～										
宋	səŋ	5											
风	fəŋ	1											
枫	fəŋ	1											
疯	fəŋ	1											
福	fuʔ	7											
幅	fuʔ	7											
腹	puʔ	7											
丰	fəŋ	1											
覆	pʰuʔ	7											
冯	bəŋ	2											
凤	vəŋ	6											
服	vuʔ	8											
伏	buʔ	8	～倒										
复	fuʔ	7											
梦	ŋ	6											
目	mɔuʔ	8											
穆	mɔuʔ	8											
牧	mɔuʔ	8											
隆	ləŋ	2											
六	ləɯʔ	8											
陆	ləɯʔ	8											
肃	ɕiɯʔ	7											
宿	ɕiɔuʔ	7	住～										
宿	ɕiɯʔ	7	星～										
中	tiɔŋ	1	～央：中间										
中	tɕiəŋ	1	～国、党～央										
忠	tɕiəŋ	1											
竹	təɯʔ	7											
筑	təɯʔ	7											
虫	dəŋ	2											
轴	dʑiɯʔ	8											
崇	zəŋ	2											
缩	ɕiɔuʔ	7											
终	tɕiəŋ	1											
众	tɕiəŋ	5											
祝	tɕiɯʔ	7											
粥	tɕiɯʔ	7											
充	tɕʰiəŋ	1											
铳	tɕʰiəŋ	5											
叔	ɕiɯʔ	7											
熟	ʑiɯʔ	8											
绒	iəŋ	2											
肉	ȵiɔuʔ	8											
弓	kəŋ	1											
躬	kəŋ	1											
宫	kəŋ	1											
菊	tɕiɯʔ	7											
麯	tɕʰiɯʔ	7	酒～										
穷	dʑiəŋ	2											
蓄	tɕʰiɯʔ	7	储～										
熊	iəŋ	2											
雄	iəŋ	2											
育	ȵiɔuʔ	8											
封	fəŋ	1											
峰	fəŋ	1											
蜂	fəŋ	1											
锋	fəŋ	1											
捧	pʰəŋ	3											
缝	vəŋ	2	动词										
缝	vəŋ	6	名词										
幞	fu	5	小称调，面～：毛巾										
浓	ȵiɔŋ	2											
龙	liɔŋ	2											
绿	liɔuʔ	8											
足	tɕiɔuʔ	7											
促	tɕʰiɔuʔ	7											
从	ʑiɔŋ	2											
粟	ɕiɔuʔ	7											
松	zɛ	2	～树										
松	səŋ	1	～香										
颂	ɕiɔŋ	5											
续	ʑiɔuʔ	8											
俗	ʑiɔuʔ	8											
重	dʑiəŋ	2	～复										
重	tɕiəŋ	3	轻～										
钟	tɕiɔŋ	1											
种	iəŋ	3	名词										
肿	iəŋ	3											
种	iəŋ	5	动词										
烛	tɕiɔuʔ	7											
冲	tɕʰiəŋ	1											
触	tɕʰiɔuʔ	7											
赎	ʑiɔuʔ	8											
舂	iəŋ	1											
束	ɕiɔuʔ	7											
蜀	dʑiɔuʔ	8											
属	ʑiɔuʔ	8											
褥	ȵiɔuʔ	8											
巩	kəŋ	3											
曲	tɕʰiɔuʔ	7	歌～										
共	dʑiɔŋ	6	一样、～产党										
局	dʑiɔuʔ	8											
玉	ȵiɔuʔ	8											
胸	ɕiɔŋ	1											
凶	ɕiɔŋ	1											
雍	iɔŋ	1											
拥	iɔŋ	1											
容	iɔŋ	2											
蓉	iɔŋ	2											
庸	iɔŋ	2											
勇	iɔŋ	3											
用	iɔŋ	6											
浴	iɔuʔ	8											
拖	tʰa	1											
饿	ua	6	～死罢										
嫲	mu	2	鸡～：母鸡										
□	xɔŋ	1	鸡～：公鸡										
□	u	1a	～虼：蛤蟆										
虼	kəʔ	7											
□	tɛ	5	蛙蟆～儿：蝌蚪										
蟑	tɕiaŋ	1											
□	zɔʔ	8	蟑～：蟑螂										
□	kɑɔ	1b	～虱：臭虫										
火	xu	3	灯～：萤火虫										
哪	na	1b	～～吟：蝉										
吟	iŋ	2	哪哪～：蝉										
砻	ləŋ	2	～雀儿：麻雀										
燕	iɛʔ	7a	～儿										
□	so	1	翼～：翅膀										
啄	tiuʔ	7	～木鸟										
木	muʔ	8	啄～鸟										
鸟	ȵiɑɔ	3	文										
叮	tiŋ	1											
□	ŋo	1a	叮～娘：蜻蜓										
蝴	uə	2											
□	liɛ	6	～□piɛ53：蜥蜴										
□	piɛ	3	□liɛ13～：蜥蜴										
□	go	1c	～□zɿ13：蝙蝠										
□	zɿ	6	□go21～：蝙蝠										
鲶	ȵiɛ	2											
□	dɛ	2	鲶～：鲶鱼										
□	ua	1c	黄～刺：昂刺鱼										
斑	paŋ	1											
蛳	sɿ	1											
蚶	xɤ	1	河蚌										
□	tɕiɛ	1	猪骹～：猪蹄										
蕨	tɕyʔ	7											
□	zo	2	蕨～：蕨菜										
大	da	6	～蒜、～齐：大家										
萝	lu	2											
□	saŋ	1b	～□ɕiŋ45豆：四季豆										
□	ɕiŋ	5	□saŋ33～豆：四季豆										
苹	piŋ	5	变调，～果										
日	ȵiʔ	8											
莓	mi	2											
□	ȵiɯ	6	野草莓										
□	dɛ	1a	～□tɕiŋ45桃：金樱子										
□	tɕiŋ	5	□dɛ22～桃：金樱子										
□	saŋ	1b	～□li21□siʔ54：乌饭子										
□	li	1c	□saŋ33～□siʔ54：乌饭子										
□	siʔ	7	□saŋ33□liʔ21～：乌饭子										
箬	ȵiaʔ	8	箬叶										
□	tsʰaʔ	7a	～□tɕʰiɯʔ54：鼠鞠草										
□	tɕʰiɯʔ	7	□tsʰaʔ3～：鼠鞠草										
槠	tɕiɔŋ	3	苦～										
□	dəŋ	1a	～子：乌桕子										
樨	ɕi	1	木～：桂花										
□	tɕy	1b	～□piaʔ3花：杜鹃花										
□	piaʔ	7a	□tɕy33～花：杜鹃花										
子	tɕi	5	栀～儿：栀子花										
□	dzaʔ	8a	～栗：橡子										
□	saŋ	3	茶～：茶叶										
砂	so	1											
居	tɕy	1											
□	fɔŋ	6	“凤凰”合音，～卵：凤凰蛋										
馃	kəu	3											
糍	zɤɯ	2											
□	dɤɯ	2	雾										
□	ɿ	5	天～：天气										
□	maŋ	5	昨～日：昨天										
□	iʔ	7	这										
□	tɔʔ	7	相当于“这里”“那里”的“里”										
□	xɔʔ	7	那										
□	tɕʰiʔ	7	哪										
□	ȵi	5	～儿办：怎么办										
□	tɕʰiaʔ	7	～事：为什么										
□	la	1	我～：我们										
来	la	2	十～个、百～个										
侬	nəŋ	2	人										
□	nɛʔ	7	～～儿：一点点										
块	kʰui	5	一～：一元										
□	kaŋ	1	一～：一拃										
了	lɤ	7a	坐～记、去～未										
毛	ŋ	2	头～：头发、目珠～：眉毛										
□	ɕi	3	口鼻～：鼻涕										
□	ŋɛ	3	头～：脖子										
下	o	3	～巴										
巴	bo	2	下～										
嬷	mo	5	～儿：乳房										
□	mɔʔ	1a	尿～鸟：男阴										
手	tɕʰy	3											
□	təŋ	1b	～□tɕi45：左手										
□	tɕi	5	□təŋ33～：左手、顺～：右手										
畚	pɤ	1b	～箕										
胛	kɔʔ	7a	□ȵiŋ335～头：肩膀										
脱	tʰəʔ	7	～皮										
□	la	1a	～痒：抓痒										
泻	ɕio	5											
乞	kʰəʔ	7a	～儿：乞丐										
佬	lɑɔ	3											
□	ʑiŋ	6	～□lɤ53:男孩、～侬：小孩										
□	lɤ	3	□ʑiŋ13～:男孩										
囡	na	3	女儿、女孩										
嬷	mo	1	奶奶										
倌	kuaŋ	5	大～：公公										
家	io	2	大～：婆婆										
□	mɛ	5	儿子、男孩										
□	tsɛiŋ	3	门～：门槛										
盒	kaʔ	7											
□	kʰɑɔ	5	～剪：剪刀										
子	tsɿ	1	箆～										
称	tɕʰiŋ	5	名词										
□	taʔ	7	鱼～：鱼钩										
场	daŋ	2	簟～：晒谷场										
□	kʰuɯ	1b	～䥈：蒸饭用的大锅										
□	to	5	～䥈：烧菜用的小锅										
来	lɛ	2	自～火：火柴										
火	xəu	3	自来～：火柴										
□	tiɑɔ	1	火～：火铲										
甑	tsɛiŋ	5	饭～										
□	ŋɛiʔ	8	闭眼、眨眼										
转	dəŋ	1c	～去：回去										
漏	ləu	1a	～涴：拉大便、～尿：拉小便										
擤	xɛiŋ	3											
装	tɕiɔŋ	1	～屄：性交										
□	xa	5	～□iɯ53:东西										
□	iɯ	3	□xa45～：东西										
□	tɕʰi	1b	～樵：砍柴										
□	tsɤɯ	5	～菜头：拔萝卜										
□	iŋ	1b	～布：织布										
毒	tɤɯ	5	～鱼										
剖	pʰa	1b	～鱼：杀鱼										
□	pʰɔuʔ	7	煎（饼）										
□	xo	1	煮										
□	fi	1	炸（油条）										
□	tso	3	端（碗）										
□	tɔŋ	5	㔶～䥈㔶：盖锅盖										
㔶	kɛiŋ	3	盖										
□	tɕʰiɛ	1	舔										
拆	tsʰaʔ	7											
叠	diɛʔ	8											
□	pɛ	1	用手翻找										
𤖼	pʰaʔ	7	撕										
□	tʰɤɯ	1b	～花：摘花										
□	ŋa	3	～树桠：折树枝										
桠	o	5											
拗	ŋɑɔ	1a	～铁丝：折铁丝										
□	ɤɯ	5	摁										
□	kʰəʔ	7	压										
□	li	6	掉										
□	tɛiŋ	1	扔										
□	ləu	3	寻找										
□	tiɑɔ	3	提										
□	nɛiʔ	7	捏										
扭	ȵiɯ	2											
□	gɔʔ	8	挤										
学	ɔuʔ	8											
□	ŋa	1a	～□kʰəu21栗：指背击										
□	kʰəu	1c	□ŋa22～栗：指背击										
□	gu	2	蹲										
□	kʰəŋ	5	靠										
□	nɔʔ	8	跑										
□	po	1b	～倒：跌倒										
□	gaŋ	6	迈										
庄	tiɔŋ	1	做～：坐庄										
□	tsɛiŋ	1b	□gɔʔ2油～：挤暖										
□	tɕi	1b	～□tɑɔ45□daŋ21：手指比大小										
□	tɑɔ	5	□tɕi33～□daŋ21：手指比大小										
□	daŋ	1c	□tɕi33□tɑɔ45～：手指比大小										
□	tɕiŋ	1b	～□tsɔŋ33□pʰaŋ45：手心手背										
□	tsɔŋ	1b	□tɕiŋ33～□pʰaŋ45：手心手背										
□	pʰaŋ	5	□tɕiŋ33□tsɔŋ33～：手心手背										
弃	tsʰɿ	5											
忌	tsɿ	5											
落	la	1a	～记：忘记										
着	dʑiɔuʔ	8	碰～、晓弗～：不知道										
无	məŋ	5	没有										
里	ȵi	5	坐处～：在家里										
□	zɑɔ	2	乖										
□	iɛ	6	旧										
□	lɔŋ	6	稀										
□	zɔʔ	8	邋～：肮脏										
粗	tsʰuɯ	1	～糙										
□	təŋ	3	木～：傻										
无	mɤɯ	2	没有										
霉	mi	2											
□	tʰaŋ	5	调皮										
嗦	səu	1	罗～										
谱	pʰuɯ	3	家～										
□	ləʔ	8a	～□sɔuʔ54：垃圾										
□	sɔuʔ	7	□ləʔ2～：垃圾										
固	ku	5	～未：还没										
□	tɕʰia	5	～事：什么、～□iɯ53：什么										
□	lɛ	5	几～：多少										
钱	diɛ	2											
些	sɛʔ	7											
个	kɛ	7a	我～：我的										
罢	pa	0	助词，了，只能用于句末										
□	fa	1b	相当于“吗”，是“弗啊”的合音										
□	tʰiŋ	5	和										
□	xa	3	这么										
籽	tsɿ	3											
喇	lo	1b	～叭										
叭	po	1											
了	lɑɔ	0											
共	gɔŋ	6	新读										
恭	tɕiɔŋ	1	旧读，～喜										
恭	kəŋ	1	新读										
宫	tɕiəŋ	1	旧读，天妃～，～头（地名）										
畜	tɕʰiɯʔ	7	～生										
梦	mɔŋ	6	文										
虫	dʑiəŋ	2	文										
木	mɔuʔ	8	文，金～水火土										
贞	tiŋ	1	旧读，女～子										
贞	tsɛiŋ	1	新读										
柄	piŋ	5	文										
打	to	3	文										
蝇	iŋ	2											
讲	tɕiaŋ	3	文										
狂	dʑiɔŋ	2											
网	miaŋ	3	白										
绑	pəŋ	3											
痒	iaŋ	3	文										
像	ɕiaŋ	3	画～										
出		7	新										
轮	liŋ	2	～到										
近	tɕiŋ	3	文										
勤	gɛiŋ	2											
实	zɛiʔ	8											
船	ʑyə	2	文										
顽	uaŋ	6											
酸	sɤ	1	文										
短	tɤ	3	文										
肩	iɛ	1	旧读										
肩	tɕiɛ	1	新读										
孽	ȵiɛʔ	8											
深	ɕiŋ	1	文										
沉	dzɛiŋ	2	文										
笑	ɕiɑɔ	5	文										
敲	tɕʰiɑɔ	1	文										
掻	tsɑɔ	1	挠痒										
高	kɑɔ	1	文										
宝	pu	3											
讨	tʰɤɯ	3											
位	ui	6	文										
喜	sɿ	3											
耳	ȵi	3	文										
刺	tsʰɿ	5	文										
桂	tɕy	5	旧读										
契	tɕʰi	5											
系	ɕi	5											
鸡	tɕi	1	文										
梯	tʰi	1	文										
解	xa	3											
盖	kua	5	旧读										
害	ua	6											
芋	y	6	文										
句	kɤɯ	5											
树	ʑy	6	文										
鱼	ȵy	2	文										
锯	tɕy	5	文										
去	tɕʰy	5	文										
渠	dʑy	2											
猪	tɕy	1											
嫁	ko	5	～妆										
沙	sa	1	指沙土										
若	ȵiaʔ	8											
也	io	6											
□	i	6	又										
□	bɛ	6	只										
牯	kuɯ	3											
驴	lɤɯ	2											
啼	di	2	公鸡叫										
寮	liɑɔ	2	茅草～										
桸	xɛ	1	匏～：瓢										
芫	yə	1b	～荽菜：香菜										
荽	ɕy	1b	芫～菜：香菜										
□	y	3	～牛：放牛。本字疑为“守”										
䘼	yŋ	3	手～筒：袖子										
焙	bɛ	2	～菜：炒菜										
挟	iɛʔ	7	～菜										
筑	təɯʔ	7	噎										
澜	laŋ	2	口水										
馋	saŋ	5	～澜：口水										
□	lɛ	5	～喉：喉咙										
□	bɛiʔ	8	蚊子咬后形成的疙瘩										
癣	ɕyə	3											
灸	tɕiɯ	5											
奁	liɛ	2											
□	kʰaŋ	5	～嫂儿：嫂子										
□	tɕi	5	～母：妯娌										
□	tɕʰiɛʔ	7	畚～：簸米用的畚箕										
栈	dzaŋ	6											
合	kəʔ	7	～算										
锣	ləu	2											
豁	xuəʔ	7	～拳：划拳										
□	nɛiʔ	7	掐										
□	tsʰɑɔ	1	推										
□	dʑiɯ	6	埋										
掼	guaŋ	6	扔										
□	tsɔŋ	5	扔、投掷										
□	kʰɛ	5	收拾										
撬	tɕʰiɑɔ	5											
□	ȵiŋ	2	举										
揢	kʰo	5	抓										
掺	tsʰɛiŋ	1											
□	kʰɑɔ	3	～活：快乐										
□	tsəŋ	1	□kʰɑɔ211～：快乐										
